-- MySQL dump 10.13  Distrib 8.0.22, for Linux (x86_64)
--
-- Host: localhost    Database: academy
-- ------------------------------------------------------
-- Server version	8.0.22-0ubuntu0.20.04.3

/*!40101 SET @OLD_CHARACTER_SET_CLIENT=@@CHARACTER_SET_CLIENT */;
/*!40101 SET @OLD_CHARACTER_SET_RESULTS=@@CHARACTER_SET_RESULTS */;
/*!40101 SET @OLD_COLLATION_CONNECTION=@@COLLATION_CONNECTION */;
/*!50503 SET NAMES utf8mb4 */;
/*!40103 SET @OLD_TIME_ZONE=@@TIME_ZONE */;
/*!40103 SET TIME_ZONE='+00:00' */;
/*!40014 SET @OLD_UNIQUE_CHECKS=@@UNIQUE_CHECKS, UNIQUE_CHECKS=0 */;
/*!40014 SET @OLD_FOREIGN_KEY_CHECKS=@@FOREIGN_KEY_CHECKS, FOREIGN_KEY_CHECKS=0 */;
/*!40101 SET @OLD_SQL_MODE=@@SQL_MODE, SQL_MODE='NO_AUTO_VALUE_ON_ZERO' */;
/*!40111 SET @OLD_SQL_NOTES=@@SQL_NOTES, SQL_NOTES=0 */;

--
-- Table structure for table `categories`
--

DROP TABLE IF EXISTS `categories`;
/*!40101 SET @saved_cs_client     = @@character_set_client */;
/*!50503 SET character_set_client = utf8mb4 */;
CREATE TABLE `categories` (
  `id` int unsigned NOT NULL AUTO_INCREMENT,
  `name` varchar(255) CHARACTER SET utf8mb4 COLLATE utf8mb4_unicode_ci DEFAULT NULL,
  `parent_id` int DEFAULT NULL,
  `short_description` text CHARACTER SET utf8mb4 COLLATE utf8mb4_unicode_ci,
  `long_description` text CHARACTER SET utf8mb4 COLLATE utf8mb4_unicode_ci,
  `video` varchar(255) CHARACTER SET utf8mb4 COLLATE utf8mb4_unicode_ci DEFAULT NULL,
  `slug` varchar(255) CHARACTER SET utf8mb4 COLLATE utf8mb4_unicode_ci DEFAULT NULL,
  `created_at` timestamp NULL DEFAULT NULL,
  `updated_at` timestamp NULL DEFAULT NULL,
  `theory_hours` varchar(255) CHARACTER SET utf8mb4 COLLATE utf8mb4_unicode_ci DEFAULT NULL,
  `practice_hours` varchar(255) CHARACTER SET utf8mb4 COLLATE utf8mb4_unicode_ci DEFAULT NULL,
  `image` varchar(255) CHARACTER SET utf8mb4 COLLATE utf8mb4_unicode_ci DEFAULT NULL,
  `image_certificate` varchar(300) CHARACTER SET utf8mb4 COLLATE utf8mb4_unicode_ci DEFAULT NULL,
  `background_image` varchar(255) CHARACTER SET utf8mb4 COLLATE utf8mb4_unicode_ci DEFAULT NULL,
  `btn_style` varchar(255) CHARACTER SET utf8mb4 COLLATE utf8mb4_unicode_ci DEFAULT NULL,
  `text_color` varchar(255) CHARACTER SET utf8mb4 COLLATE utf8mb4_unicode_ci DEFAULT NULL,
  `line_color` varchar(255) CHARACTER SET utf8mb4 COLLATE utf8mb4_unicode_ci DEFAULT NULL,
  PRIMARY KEY (`id`)
) ENGINE=InnoDB AUTO_INCREMENT=66 DEFAULT CHARSET=utf8mb4 COLLATE=utf8mb4_unicode_ci;
/*!40101 SET character_set_client = @saved_cs_client */;

--
-- Dumping data for table `categories`
--

LOCK TABLES `categories` WRITE;
/*!40000 ALTER TABLE `categories` DISABLE KEYS */;
INSERT INTO `categories` VALUES (1,'Упаковка бизнеса',NULL,'На этом курсе Вы узнаете:\nо сути профессии, возможностях и перспективах. Поймете: какие специализации существуют в веб-дизайне; какие навыки необходимо прокачивать в рамках каждой из специализаций; какие возможности работы открываются для вас в офисе, удаленно и на фрилансе.','Курс “SMM Маркетинг” представляет собой подробный курс по сфере Social Media Marketing. В первой четверти студенты поймут, какое место SMM занимает в интернет-маркетинге и бизнесе, познакомятся с особенностями продвижения в различных социальных сетях, а также научатся анализировать целевую аудиторию и конкурентов.\n','[{\"download_link\":\"categories/September2020/DfGgUHbe60bglmcBKYxB.mp4\",\"original_name\":\"file_example_MP4_480_1_5MG.mp4\"}]','upakovka-biznesa-2','2020-09-17 07:55:00','2021-01-12 12:47:57','2','1','categories/November2020/jUbgcDqvwr7iyGsQxdGj.jpg','categories/September2020/A7EItc37BwWSORp5sDNz.jpg','categories/November2020/gYVCpKZXaFikj8JsQjJr.jpg','background: rgba(214, 214, 214, 0.3); border: 2px solid rgba(255, 255, 255, 0.4); box-sizing: border-box; backdrop-filter: blur(80px); /* Note: backdrop-filter has minimal browser support */  border-radius: 5px; color: #FFFFFF;','#FFFFFF','#009391'),(2,'Введение',25,'','','[]','vvedenie-2','2020-09-17 07:56:00','2020-09-23 10:13:37',NULL,NULL,NULL,NULL,NULL,NULL,NULL,NULL),(3,'Общие понятия продаж',25,NULL,NULL,NULL,'obshie-ponyatiya-prodazh','2020-09-17 10:46:39','2020-09-17 10:46:39',NULL,NULL,NULL,NULL,NULL,NULL,NULL,NULL),(4,'Цели. Декомпозиция.',25,NULL,NULL,'[]','celi-dekompoziciya','2020-09-17 10:56:05','2020-09-17 10:56:05',NULL,NULL,NULL,NULL,NULL,NULL,NULL,NULL),(5,'Продукт',25,NULL,NULL,'[]','produkt','2020-09-17 10:56:21','2020-09-17 10:56:21',NULL,NULL,NULL,NULL,NULL,NULL,NULL,NULL),(6,'Психотип клиентов',25,NULL,NULL,'[]','psihotip-klientov','2020-09-17 10:56:35','2020-09-17 10:56:35',NULL,NULL,NULL,NULL,NULL,NULL,NULL,NULL),(7,'Этапы продаж',25,NULL,NULL,'[]','etapy-prodazh','2020-09-17 10:56:47','2020-09-17 10:56:47',NULL,NULL,NULL,NULL,NULL,NULL,NULL,NULL),(8,'Скрипт продаж',25,NULL,NULL,'[]','skript-prodazh','2020-09-17 10:57:04','2020-09-17 10:57:04',NULL,NULL,NULL,NULL,NULL,NULL,NULL,NULL),(9,'Рычаги продаж',25,NULL,NULL,'[]','rychagi-prodazh','2020-09-17 10:57:16','2020-09-17 10:57:16',NULL,NULL,NULL,NULL,NULL,NULL,NULL,NULL),(10,'Техники продаж',25,NULL,NULL,'[]','tehniki-prodazh','2020-09-17 10:57:32','2020-09-17 10:57:32',NULL,NULL,NULL,NULL,NULL,NULL,NULL,NULL),(11,'Составление резюме',25,NULL,NULL,'[]','sostavlenie-rezyume','2020-09-17 10:57:49','2020-09-17 10:57:49',NULL,NULL,NULL,NULL,NULL,NULL,NULL,NULL),(12,'Поиск вакансии',25,NULL,NULL,'[]','poisk-vakansii','2020-09-17 10:58:02','2020-09-17 10:58:02',NULL,NULL,NULL,NULL,NULL,NULL,NULL,NULL),(13,'Отклик и сопроводительное письмо',25,NULL,NULL,'[]','otklik-i-soprovoditelnoe-pismo','2020-09-17 10:58:14','2020-09-17 10:58:14',NULL,NULL,NULL,NULL,NULL,NULL,NULL,NULL),(14,'Собеседования',25,NULL,NULL,'[]','sobesedovaniya','2020-09-17 10:58:26','2020-09-17 10:58:26',NULL,NULL,NULL,NULL,NULL,NULL,NULL,NULL),(15,'Закрывающий блок',25,NULL,NULL,'[]','zakryvayushij-blok','2020-09-17 10:58:53','2020-09-17 10:58:53',NULL,NULL,NULL,NULL,NULL,NULL,NULL,NULL),(18,'WEB-DESIGN',NULL,'На этом курсе Вы узнаете:\nо сути профессии, возможностях и перспективах. Поймете: какие специализации существуют в веб-дизайне; какие навыки необходимо прокачивать в рамках каждой из специализаций; какие возможности работы открываются для вас в офисе, удаленно и на фрилансе.','Курс “SMM Маркетинг” представляет собой подробный курс по сфере Social Media  Marketing. \nВ первой четверти студенты поймут, какое место SMM занимает в интернет-маркетинге и бизнесе, познакомятся с особенностями продвижения в различных социальных сетях, а также научатся анализировать целевую аудиторию и конкурентов.','[{\"download_link\":\"categories\\/September2020\\/DfGgUHbe60bglmcBKYxB.mp4\",\"original_name\":\"file_example_MP4_480_1_5MG.mp4\"}]','web-design-2','2020-10-23 12:30:00','2020-11-12 09:05:45','2','1','categories/November2020/INHYRz8c1AwICP193Vlg.jpg','categories/September2020/A7EItc37BwWSORp5sDNz.jpg','categories/November2020/Z1h0pjSYcWUCJlK5TuZL.jpg','background: linear-gradient(180deg, #C6A3EA 0%, #9579D1 100%, #0556BD 100%); border-radius: 5px; color: #FFFFFF;','#FFFFFF','#C6A3EA'),(19,'Управление проектами',NULL,'На этом курсе Вы узнаете:\nо сути профессии, возможностях и перспективах. Поймете: какие специализации существуют в веб-дизайне; какие навыки необходимо прокачивать в рамках каждой из специализаций; какие возможности работы открываются для вас в офисе, удаленно и на фрилансе.','Курс “SMM Маркетинг” представляет собой подробный курс по сфере Social Media  Marketing. \nВ первой четверти студенты поймут, какое место SMM занимает в интернет-маркетинге и бизнесе, познакомятся с особенностями продвижения в различных социальных сетях, а также научатся анализировать целевую аудиторию и конкурентов.','[{\"download_link\":\"categories\\/September2020\\/DfGgUHbe60bglmcBKYxB.mp4\",\"original_name\":\"file_example_MP4_480_1_5MG.mp4\"}]','upravlenie-proektami-2','2020-10-26 04:01:00','2020-11-12 08:38:59','2','1','categories/November2020/dbUXrjGpZxI5QQihh3D7.jpg','categories/September2020/A7EItc37BwWSORp5sDNz.jpg','categories/November2020/TZbuJiEketNhWupcmjb6.jpg','background: linear-gradient(0deg, #9D62B3, #9D62B3); border-radius: 5px; color: #FFFFFF;','#FFFFFF','#9D62B3'),(20,'“Нулевой блок”',NULL,'На этом курсе Вы узнаете:\nо сути профессии, возможностях и перспективах. Поймете: какие специализации существуют в веб-дизайне; какие навыки необходимо прокачивать в рамках каждой из специализаций; какие возможности работы открываются для вас в офисе, удаленно и на фрилансе.','Курс “SMM Маркетинг” представляет собой подробный курс по сфере Social Media  Marketing. \nВ первой четверти студенты поймут, какое место SMM занимает в интернет-маркетинге и бизнесе, познакомятся с особенностями продвижения в различных социальных сетях, а также научатся анализировать целевую аудиторию и конкурентов.','[{\"download_link\":\"categories\\/September2020\\/DfGgUHbe60bglmcBKYxB.mp4\",\"original_name\":\"file_example_MP4_480_1_5MG.mp4\"}]','nulevoi-blok-3','2020-10-26 04:08:00','2021-01-22 00:47:02','2','1','categories/October2020/O2mU0nUBxovqsmVBKvkp.jpg','categories/September2020/A7EItc37BwWSORp5sDNz.jpg','categories/November2020/eo6lHcx7n31esntzRodX.jpg','background: #5F97C0; /* blue */  box-shadow: -22px -22px 44px rgba(229, 229, 229, 0.8), inset 6px 12px 16px rgba(0, 0, 0, 0.1), inset -9px -16px 36px #71B4E4; border-radius: 50px; color: #FFFFFF;','#000000','#74E4F5'),(21,'Интернет-маркетинг',NULL,'На этом курсе Вы узнаете:\nо сути профессии, возможностях и перспективах. Поймете: какие специализации существуют в веб-дизайне; какие навыки необходимо прокачивать в рамках каждой из специализаций; какие возможности работы открываются для вас в офисе, удаленно и на фрилансе.','Курс “SMM Маркетинг” представляет собой подробный курс по сфере Social Media  Marketing. \nВ первой четверти студенты поймут, какое место SMM занимает в интернет-маркетинге и бизнесе, познакомятся с особенностями продвижения в различных социальных сетях, а также научатся анализировать целевую аудиторию и конкурентов.','[{\"download_link\":\"categories\\/September2020\\/DfGgUHbe60bglmcBKYxB.mp4\",\"original_name\":\"file_example_MP4_480_1_5MG.mp4\"}]','internet-marketing','2020-10-26 04:10:00','2021-01-22 00:47:57','2','1','categories/October2020/QFTaQeIDCzoWLf9C9OvN.jpg','categories/September2020/A7EItc37BwWSORp5sDNz.jpg','categories/November2020/WehfbNzWQKSGDumqmIUh.jpg','background: linear-gradient(180deg, #47CDE2 0%, #2691C2 100%); border-radius: 5px; color: #FFFFFF;','#FFFFFF','#74E4F5'),(22,'Контент-менеджер',NULL,'На этом курсе Вы узнаете:\nо сути профессии, возможностях и перспективах. Поймете: какие специализации существуют в веб-дизайне; какие навыки необходимо прокачивать в рамках каждой из специализаций; какие возможности работы открываются для вас в офисе, удаленно и на фрилансе.','Курс “SMM Маркетинг” представляет собой подробный курс по сфере Social Media  Marketing. \nВ первой четверти студенты поймут, какое место SMM занимает в интернет-маркетинге и бизнесе, познакомятся с особенностями продвижения в различных социальных сетях, а также научатся анализировать целевую аудиторию и конкурентов.','[{\"download_link\":\"categories\\/September2020\\/DfGgUHbe60bglmcBKYxB.mp4\",\"original_name\":\"file_example_MP4_480_1_5MG.mp4\"}]','kontent-menedzer','2020-10-26 04:13:00','2020-11-23 10:26:28','2','1','categories/November2020/t3dkAktGlAILZz7GKniS.jpg','categories/September2020/A7EItc37BwWSORp5sDNz.jpg','categories/November2020/Hns6q1bDX1YpGnGTEHzZ.jpg','background: linear-gradient(0deg, #0097AC, #0097AC); border-radius: 5px; color: #FFFFFF;','#FFFFFF','#0097AC'),(23,'Мобилография',NULL,'На этом курсе Вы узнаете:\nо сути профессии, возможностях и перспективах. Поймете: какие специализации существуют в веб-дизайне; какие навыки необходимо прокачивать в рамках каждой из специализаций; какие возможности работы открываются для вас в офисе, удаленно и на фрилансе.','Курс “SMM Маркетинг” представляет собой подробный курс по сфере Social Media  Marketing. \nВ первой четверти студенты поймут, какое место SMM занимает в интернет-маркетинге и бизнесе, познакомятся с особенностями продвижения в различных социальных сетях, а также научатся анализировать целевую аудиторию и конкурентов.','[{\"download_link\":\"categories\\/September2020\\/DfGgUHbe60bglmcBKYxB.mp4\",\"original_name\":\"file_example_MP4_480_1_5MG.mp4\"}]','mobilografiya','2020-10-26 04:16:00','2020-11-12 04:59:11','2','1','categories/October2020/SiuqW6zCDA6SmLN7sLdW.jpg','categories/September2020/A7EItc37BwWSORp5sDNz.jpg','categories/November2020/bSyJvgiZmPURY6HEvKqf.png','background: linear-gradient(0deg, #FFA64E, #FFA64E); border-radius: 5px; color: #000000;','#FFFFFF','#FFA64E'),(24,'Ментальный SMM',NULL,'На этом курсе Вы узнаете:\nо сути профессии, возможностях и перспективах. Поймете: какие специализации существуют в веб-дизайне; какие навыки необходимо прокачивать в рамках каждой из специализаций; какие возможности работы открываются для вас в офисе, удаленно и на фрилансе.','Курс “SMM Маркетинг” представляет собой подробный курс по сфере Social Media  Marketing. \nВ первой четверти студенты поймут, какое место SMM занимает в интернет-маркетинге и бизнесе, познакомятся с особенностями продвижения в различных социальных сетях, а также научатся анализировать целевую аудиторию и конкурентов.','[{\"download_link\":\"categories\\/September2020\\/DfGgUHbe60bglmcBKYxB.mp4\",\"original_name\":\"file_example_MP4_480_1_5MG.mp4\"}]','mentalnyi-smm-2','2020-10-26 04:18:00','2020-11-12 04:57:48','2','1','categories/October2020/AgfShapm7hVcNeoQI9Wj.jpg','categories/September2020/A7EItc37BwWSORp5sDNz.jpg','categories/November2020/U7y5o35qYruq9KT4N0LL.jpg','background: linear-gradient(0deg, #F98D3F, #F98D3F); border-radius: 5px; color: #FFFFFF;','#FFFFFF','#F98D3F'),(25,'Менеджер по продажам',NULL,'На этом курсе Вы узнаете:\nо сути профессии, возможностях и перспективах. Поймете: какие специализации существуют в веб-дизайне; какие навыки необходимо прокачивать в рамках каждой из специализаций; какие возможности работы открываются для вас в офисе, удаленно и на фрилансе.','Курс “SMM Маркетинг” представляет собой подробный курс по сфере Social Media  Marketing. \nВ первой четверти студенты поймут, какое место SMM занимает в интернет-маркетинге и бизнесе, познакомятся с особенностями продвижения в различных социальных сетях, а также научатся анализировать целевую аудиторию и конкурентов.','[{\"download_link\":\"categories\\/September2020\\/DfGgUHbe60bglmcBKYxB.mp4\",\"original_name\":\"file_example_MP4_480_1_5MG.mp4\"}]','menedzer-po-prodazam','2020-10-26 04:21:00','2021-01-12 14:44:31','2','1','categories/October2020/hNuGkZHg6G1SaYBEjMaM.jpg','categories/January2021/zxvEYHZlUvjNEnBOeCeu.jpg','categories/November2020/9HpkKiOvVb472nUODvjE.jpg','background: linear-gradient(0deg, #388B9D, #388B9D); border-radius: 5px; color: #FFFFFF;','#FFFFFF','#009391'),(26,'Основы программирования',NULL,'На этом курсе Вы узнаете:\nо сути профессии, возможностях и перспективах. Поймете: какие специализации существуют в веб-дизайне; какие навыки необходимо прокачивать в рамках каждой из специализаций; какие возможности работы открываются для вас в офисе, удаленно и на фрилансе.','Курс “SMM Маркетинг” представляет собой подробный курс по сфере Social Media  Marketing. \nВ первой четверти студенты поймут, какое место SMM занимает в интернет-маркетинге и бизнесе, познакомятся с особенностями продвижения в различных социальных сетях, а также научатся анализировать целевую аудиторию и конкурентов.','[{\"download_link\":\"categories\\/September2020\\/DfGgUHbe60bglmcBKYxB.mp4\",\"original_name\":\"file_example_MP4_480_1_5MG.mp4\"}]','osnovy-programmirovaniya','2020-10-26 05:20:00','2020-11-12 04:54:55','2','1','categories/October2020/Dh9BUOQv4mq6PhphzBXV.jpg','categories/September2020/A7EItc37BwWSORp5sDNz.jpg','categories/November2020/hUnVhUgufSaAUvxJ2EOj.jpg','background: #282C34; box-shadow: -4px -4px 20px rgba(109, 200, 183, 0.32), 4px 4px 20px rgba(109, 200, 183, 0.32); border-radius: 5px; color: #FFFFFF;','#FFFFFF','#9D62B3'),(27,'Ментальный SMM. Теория.',24,'','','[]','mentalnyi-smm-teoriya','2021-01-12 10:07:36','2021-01-12 10:07:36',NULL,NULL,NULL,NULL,NULL,NULL,NULL,NULL),(28,'Инструментарий',24,'','','[]','instrumentarii','2021-01-12 10:08:10','2021-01-12 10:08:10',NULL,NULL,NULL,NULL,NULL,NULL,NULL,NULL),(29,'Аналитика',24,'','','[]','analitika','2021-01-12 10:08:33','2021-01-12 10:08:33',NULL,NULL,NULL,NULL,NULL,NULL,NULL,NULL),(30,'Бонусный блок',24,'','','[]','bonusnyi-blok','2021-01-12 10:08:52','2021-01-12 10:08:52',NULL,NULL,NULL,NULL,NULL,NULL,NULL,NULL),(31,'Введение в управление проектами',19,'','','[]','vvedenie-v-upravlenie-proektami','2021-01-12 10:23:25','2021-01-12 10:23:25',NULL,NULL,NULL,NULL,NULL,NULL,NULL,NULL),(32,'Подготовительный Этап',19,'','','[]','podgotovitelnyi-etap','2021-01-12 10:23:40','2021-01-12 10:23:40',NULL,NULL,NULL,NULL,NULL,NULL,NULL,NULL),(33,'Реализация',19,'','','[]','realizaciya','2021-01-12 10:24:06','2021-01-12 10:24:06',NULL,NULL,NULL,NULL,NULL,NULL,NULL,NULL),(34,'Введение в мобилографию',23,'','','[]','vvedenie-v-mobilografiyu','2021-01-12 10:33:31','2021-01-12 10:33:31',NULL,NULL,NULL,NULL,NULL,NULL,NULL,NULL),(35,'Делать красивые фотографии на телефон легко!',23,'','','[]','delat-krasivye-fotografii-na-telefon-legko','2021-01-12 10:33:46','2021-01-12 10:33:46',NULL,NULL,NULL,NULL,NULL,NULL,NULL,NULL),(36,'Мобильная видеография',23,'','','[]','mobilnaya-videografiya','2021-01-12 10:34:02','2021-01-12 10:34:02',NULL,NULL,NULL,NULL,NULL,NULL,NULL,NULL),(37,'Знакомство. Цель. О курсе',18,'','','[]','znakomstvo-cel-o-kurse','2021-01-12 10:40:13','2021-01-12 10:40:13',NULL,NULL,NULL,NULL,NULL,NULL,NULL,NULL),(38,'Создаем UI элементы',18,'','','[]','sozdaem-ui-elementy','2021-01-12 10:40:28','2021-01-12 10:40:28',NULL,NULL,NULL,NULL,NULL,NULL,NULL,NULL),(39,'Создаем UX дизайн',18,'','','[]','sozdaem-ux-dizain','2021-01-12 10:40:41','2021-01-12 10:40:41',NULL,NULL,NULL,NULL,NULL,NULL,NULL,NULL),(40,'Основы',22,'','','[]','osnovy','2021-01-12 10:48:53','2021-01-12 10:48:53',NULL,NULL,NULL,NULL,NULL,NULL,NULL,NULL),(41,'Нейромаркетинг',22,'','','[]','neiromarketing','2021-01-12 10:49:06','2021-01-12 10:49:06',NULL,NULL,NULL,NULL,NULL,NULL,NULL,NULL),(42,'Текстовой контент',22,'','','[]','tekstovoi-kontent','2021-01-12 10:49:18','2021-01-12 10:49:18',NULL,NULL,NULL,NULL,NULL,NULL,NULL,NULL),(43,'Визуальный контент',22,'','','[]','vizualnyi-kontent','2021-01-12 10:49:38','2021-01-12 10:49:38',NULL,NULL,NULL,NULL,NULL,NULL,NULL,NULL),(44,'Контент для соц.сетей',22,'','','[]','kontent-dlya-socsetei','2021-01-12 10:49:54','2021-01-12 10:49:54',NULL,NULL,NULL,NULL,NULL,NULL,NULL,NULL),(45,'Контент план и работа с подрядчиками',22,'','','[]','kontent-plan-i-rabota-s-podryadcikami','2021-01-12 10:50:07','2021-01-12 10:50:07',NULL,NULL,NULL,NULL,NULL,NULL,NULL,NULL),(46,'Нулевой блок',20,'','','[]','nulevoi-blok-2','2021-01-12 11:01:00','2021-01-12 11:01:00',NULL,NULL,NULL,NULL,NULL,NULL,NULL,NULL),(47,'Введение',26,'','','[]','vvedenie','2021-01-12 11:14:00','2021-01-21 00:36:45',NULL,NULL,NULL,NULL,NULL,NULL,NULL,NULL),(48,'Типы данных. Переменные. Логические операции. Условные операторы.',26,'','','[]','tipy-dannyx-peremennye-logiceskie-operacii-uslovnye-operatory','2021-01-12 11:14:00','2021-01-21 00:37:24',NULL,NULL,NULL,NULL,NULL,NULL,NULL,NULL),(49,'Строки и символы. Ввод-Вывод.',26,'','','[]','stroki-i-simvoly-vvod-vyvod','2021-01-12 11:14:00','2021-01-21 00:37:38',NULL,NULL,NULL,NULL,NULL,NULL,NULL,NULL),(50,'Циклы',26,'','','[]','cikly','2021-01-12 11:15:00','2021-01-21 00:39:50',NULL,NULL,NULL,NULL,NULL,NULL,NULL,NULL),(51,'Структура данных',26,'','','[]','struktura-dannyx','2021-01-12 11:15:00','2021-01-21 00:40:18',NULL,NULL,NULL,NULL,NULL,NULL,NULL,NULL),(52,'Функции',26,'','','[]','funkcii','2021-01-12 11:15:00','2021-01-21 00:40:46',NULL,NULL,NULL,NULL,NULL,NULL,NULL,NULL),(53,'Введение в ООП',26,'','','[]','vvedenie-v-oop','2021-01-12 11:16:00','2021-01-21 00:41:11',NULL,NULL,NULL,NULL,NULL,NULL,NULL,NULL),(54,'Обработка ошибки. Работа с файлами',26,'','','[]','obrabotka-osibki-rabota-s-failami','2021-01-12 11:16:00','2021-01-21 00:41:23',NULL,NULL,NULL,NULL,NULL,NULL,NULL,NULL),(55,'Введение ',1,'','','[]','vvedenie-3','2021-01-12 11:26:00','2021-01-21 00:44:16',NULL,NULL,NULL,NULL,NULL,NULL,NULL,NULL),(56,'Основы упаковки',1,'','','[]','osnovy-upakovki','2021-01-12 11:27:00','2021-01-21 00:45:03',NULL,NULL,NULL,NULL,NULL,NULL,NULL,NULL),(57,'Аналитика для начинающих',1,'','','[]','analitika-dlya-nacinayushhix','2021-01-12 11:27:00','2021-01-21 00:45:13',NULL,NULL,NULL,NULL,NULL,NULL,NULL,NULL),(58,'Копирайт',1,'','','[]','kopirait','2021-01-12 11:27:00','2021-01-21 00:45:34',NULL,NULL,NULL,NULL,NULL,NULL,NULL,NULL),(59,'Web',1,'','','[]','web','2021-01-12 11:28:00','2021-01-21 00:45:52',NULL,NULL,NULL,NULL,NULL,NULL,NULL,NULL),(60,'Дизайн',1,'','','[]','dizain','2021-01-12 11:28:00','2021-01-21 00:46:04',NULL,NULL,NULL,NULL,NULL,NULL,NULL,NULL),(61,'Брендинг',1,'','','[]','brending','2021-01-12 11:28:00','2021-01-21 00:46:39',NULL,NULL,NULL,NULL,NULL,NULL,NULL,NULL),(62,'Основы маркетинга',21,'','','[]','osnovy-marketinga','2021-01-12 11:42:00','2021-01-21 00:52:08',NULL,NULL,NULL,NULL,NULL,NULL,NULL,NULL),(63,'Навыки маркетолога',21,'','','[]','navyki-marketologa','2021-01-12 11:42:00','2021-01-21 00:52:46',NULL,NULL,NULL,NULL,NULL,NULL,NULL,NULL),(64,'Алгоритм интернет-маркетинга',21,'','','[]','algoritm-internet-marketinga','2021-01-12 11:42:00','2021-01-21 00:53:00',NULL,NULL,NULL,NULL,NULL,NULL,NULL,NULL),(65,'Инструментарий',21,'','','[]','instrumentarii-2','2021-01-12 11:42:00','2021-01-21 00:53:18',NULL,NULL,NULL,NULL,NULL,NULL,NULL,NULL);
/*!40000 ALTER TABLE `categories` ENABLE KEYS */;
UNLOCK TABLES;

--
-- Table structure for table `chat_conversations`
--

DROP TABLE IF EXISTS `chat_conversations`;
/*!40101 SET @saved_cs_client     = @@character_set_client */;
/*!50503 SET character_set_client = utf8mb4 */;
CREATE TABLE `chat_conversations` (
  `id` bigint unsigned NOT NULL AUTO_INCREMENT,
  `private` tinyint(1) NOT NULL DEFAULT '1',
  `direct_message` tinyint(1) NOT NULL DEFAULT '0',
  `data` text CHARACTER SET utf8mb4 COLLATE utf8mb4_unicode_ci,
  `created_at` timestamp NULL DEFAULT NULL,
  `updated_at` timestamp NULL DEFAULT NULL,
  PRIMARY KEY (`id`)
) ENGINE=InnoDB AUTO_INCREMENT=172 DEFAULT CHARSET=utf8mb4 COLLATE=utf8mb4_unicode_ci;
/*!40101 SET character_set_client = @saved_cs_client */;

--
-- Dumping data for table `chat_conversations`
--

LOCK TABLES `chat_conversations` WRITE;
/*!40000 ALTER TABLE `chat_conversations` DISABLE KEYS */;
INSERT INTO `chat_conversations` VALUES (1,1,0,'[]','2020-08-25 23:20:03','2020-08-26 00:02:23'),(2,1,0,'[]','2020-09-02 10:02:54','2020-09-02 10:02:54'),(3,1,0,'[]','2020-09-02 10:04:24','2020-09-02 10:04:24'),(4,1,0,'[]','2020-09-02 10:04:37','2020-09-02 10:04:37'),(5,1,0,'[]','2020-09-02 10:05:30','2020-09-09 22:39:18'),(6,1,0,'[]','2020-09-03 18:36:28','2020-09-03 18:36:28'),(7,1,0,'[]','2020-09-04 10:57:00','2020-09-04 10:57:00'),(8,1,0,'[]','2020-09-06 09:42:57','2020-09-06 09:42:57'),(9,1,0,'[]','2020-09-06 09:42:57','2020-09-06 09:42:57'),(10,1,0,'[]','2020-09-07 03:49:36','2020-09-07 03:49:36'),(11,1,0,'[]','2020-09-07 05:52:37','2020-09-07 05:52:37'),(12,1,0,'[]','2020-09-07 08:23:39','2020-09-07 08:23:39'),(13,1,0,'[]','2020-09-07 08:23:51','2020-09-07 08:23:51'),(14,1,0,'[]','2020-09-07 15:24:40','2020-09-07 15:24:40'),(15,1,0,'[]','2020-09-07 15:25:54','2020-09-07 15:25:54'),(16,1,0,'[]','2020-09-07 11:35:03','2020-09-07 11:35:03'),(17,1,0,'[]','2020-09-07 11:37:03','2020-09-07 11:37:03'),(18,1,0,'[]','2020-09-10 00:29:22','2020-09-11 01:48:34'),(19,1,0,'[]','2020-09-10 05:57:49','2020-09-11 01:48:02'),(20,1,0,'[]','2020-09-10 10:19:14','2020-09-10 10:19:14'),(21,1,0,'[]','2020-09-11 01:25:09','2020-09-11 01:25:09'),(22,1,0,'[]','2020-09-11 01:33:55','2020-09-11 01:33:55'),(23,1,0,'[]','2020-09-11 01:41:05','2020-09-11 01:41:05'),(24,1,0,'[]','2020-09-11 02:13:51','2020-09-11 02:13:51'),(25,1,0,'[]','2020-09-11 02:21:45','2020-09-12 14:43:15'),(26,1,1,'[]','2020-09-11 08:04:09','2020-09-11 08:05:09'),(27,1,1,'[]','2020-09-16 12:07:13','2020-09-16 12:07:13'),(28,1,1,'[]','2020-09-16 13:26:20','2020-09-16 13:26:20'),(29,1,1,'[]','2020-09-17 02:35:26','2021-01-14 21:40:04'),(30,1,0,'[]','2020-09-17 12:44:50','2020-11-24 16:39:33'),(31,1,1,'[]','2020-09-20 01:51:14','2020-09-20 01:51:14'),(32,1,1,'[]','2020-09-20 01:54:15','2020-09-20 01:54:15'),(33,1,1,'[]','2020-09-20 02:48:32','2020-09-20 02:48:32'),(34,1,1,'[]','2020-09-20 02:50:48','2020-09-20 02:50:48'),(35,1,1,'[]','2020-09-20 02:52:05','2020-09-20 02:52:05'),(36,1,1,'[]','2020-09-20 02:52:57','2020-09-20 02:52:57'),(37,1,1,'[]','2020-09-20 02:55:02','2020-09-20 02:55:02'),(38,1,1,'[]','2020-09-20 02:57:08','2020-09-20 02:57:08'),(39,1,1,'[]','2020-09-20 02:58:39','2020-09-20 02:58:39'),(40,1,1,'[]','2020-09-20 03:22:31','2020-09-20 03:22:31'),(41,1,1,'[]','2020-09-20 03:22:38','2020-09-20 03:22:38'),(42,1,1,'[]','2020-09-20 03:22:39','2020-09-20 03:22:39'),(43,1,1,'[]','2020-09-20 03:22:40','2020-09-20 03:22:40'),(44,1,1,'[]','2020-09-20 03:22:40','2020-09-20 03:22:40'),(45,1,1,'[]','2020-09-20 03:23:12','2020-09-20 03:23:13'),(46,1,1,'[]','2020-09-20 03:24:02','2020-09-20 03:24:02'),(47,1,1,'[]','2020-09-20 03:24:54','2020-09-20 03:24:54'),(48,1,0,'[]','2020-09-20 04:46:29','2020-09-20 04:46:29'),(49,1,1,'[]','2020-09-20 22:31:22','2020-09-20 22:31:22'),(50,1,1,'[]','2020-09-20 22:40:03','2020-09-20 22:40:03'),(51,1,1,'[]','2020-09-20 23:08:32','2020-09-20 23:08:32'),(52,1,1,'[]','2020-09-21 06:36:31','2020-09-21 06:36:31'),(53,1,1,'[]','2020-09-23 22:43:58','2020-09-23 22:43:58'),(54,1,1,'[]','2020-09-28 02:58:00','2020-09-28 02:58:00'),(55,1,1,'[]','2020-09-28 03:57:51','2020-09-28 03:57:51'),(56,1,1,'[]','2020-09-30 12:45:53','2020-09-30 12:45:53'),(57,1,0,'{\"title\":\"yhrth\",\"avatar\":null}','2020-10-13 01:22:28','2020-10-13 01:22:48'),(58,1,0,'{\"title\":\"\\u041c\\u0435\\u043d\\u0435\\u0434\\u0436\\u0435\\u0440 \\u043f\\u043e \\u043f\\u0440\\u043e\\u0434\\u0430\\u0436\\u0430\\u043c\",\"avatar\":\"categories\\/September2020\\/GQaqKIYuXlsfuWrofcGh.png\"}','2020-10-13 03:19:26','2020-10-13 03:19:26'),(59,1,0,'{\"title\":\"\\u041c\\u0435\\u043d\\u0435\\u0434\\u0436\\u0435\\u0440 \\u043f\\u043e \\u043f\\u0440\\u043e\\u0434\\u0430\\u0436\\u0430\\u043c\",\"avatar\":\"categories\\/September2020\\/GQaqKIYuXlsfuWrofcGh.png\"}','2020-10-13 03:26:32','2020-10-13 03:26:32'),(60,1,0,'{\"title\":\"\\u041c\\u0435\\u043d\\u0435\\u0434\\u0436\\u0435\\u0440 \\u043f\\u043e \\u043f\\u0440\\u043e\\u0434\\u0430\\u0436\\u0430\\u043c\",\"avatar\":\"categories\\/September2020\\/GQaqKIYuXlsfuWrofcGh.png\"}','2020-10-13 03:26:33','2020-10-13 03:26:33'),(80,1,1,'[]','2020-10-13 12:16:50','2020-10-13 12:16:50'),(81,1,0,'{\"title\":\"\\u041c\\u0435\\u043d\\u0435\\u0434\\u0436\\u0435\\u0440 \\u043f\\u043e \\u043f\\u0440\\u043e\\u0434\\u0430\\u0436\\u0430\\u043c\",\"avatar\":\"categories\\/September2020\\/GQaqKIYuXlsfuWrofcGh.png\"}','2020-10-13 12:16:50','2020-10-13 12:16:50'),(82,1,1,'[]','2020-10-13 12:17:56','2020-10-13 12:17:56'),(83,1,1,'[]','2020-10-13 12:18:03','2020-10-13 12:18:03'),(84,1,1,'[]','2020-10-13 12:18:38','2020-10-13 12:18:38'),(85,1,0,'{\"title\":\"\\u041c\\u0435\\u043d\\u0435\\u0434\\u0436\\u0435\\u0440 \\u043f\\u043e \\u043f\\u0440\\u043e\\u0434\\u0430\\u0436\\u0430\\u043c\",\"avatar\":\"categories\\/September2020\\/GQaqKIYuXlsfuWrofcGh.png\"}','2020-10-13 12:18:38','2020-10-13 12:18:38'),(86,1,1,'[]','2020-10-13 12:21:17','2020-10-13 12:21:17'),(87,1,0,'{\"title\":\"\\u041c\\u0435\\u043d\\u0435\\u0434\\u0436\\u0435\\u0440 \\u043f\\u043e \\u043f\\u0440\\u043e\\u0434\\u0430\\u0436\\u0430\\u043c\",\"avatar\":\"categories\\/September2020\\/GQaqKIYuXlsfuWrofcGh.png\"}','2020-10-13 12:21:17','2020-10-13 12:21:17'),(88,1,1,'[]','2020-10-13 12:22:47','2020-10-13 12:22:47'),(89,1,0,'{\"title\":\"\\u041c\\u0435\\u043d\\u0435\\u0434\\u0436\\u0435\\u0440 \\u043f\\u043e \\u043f\\u0440\\u043e\\u0434\\u0430\\u0436\\u0430\\u043c\",\"avatar\":\"categories\\/September2020\\/GQaqKIYuXlsfuWrofcGh.png\"}','2020-10-13 12:22:47','2020-10-13 12:22:47'),(90,1,1,'[]','2020-10-13 12:26:20','2020-10-13 12:26:20'),(91,1,0,'{\"title\":\"\\u0423\\u043f\\u0430\\u043a\\u043e\\u0432\\u043a\\u0430 \\u0431\\u0438\\u0437\\u043d\\u0435\\u0441\\u0430\",\"avatar\":\"categories\\/November2020\\/jUbgcDqvwr7iyGsQxdGj.jpg\"}','2020-10-13 12:26:20','2020-10-22 07:27:03'),(92,1,1,'[]','2020-10-13 12:27:48','2020-10-13 12:27:48'),(93,1,1,'[]','2020-10-13 13:03:12','2020-10-13 13:03:12'),(94,1,0,'{\"title\":\"\\u041c\\u0435\\u043d\\u0435\\u0434\\u0436\\u0435\\u0440 \\u043f\\u043e \\u043f\\u0440\\u043e\\u0434\\u0430\\u0436\\u0430\\u043c\",\"avatar\":\"categories\\/September2020\\/GQaqKIYuXlsfuWrofcGh.png\"}','2020-10-13 13:03:12','2020-10-13 13:03:12'),(95,1,1,'[]','2020-10-13 13:05:27','2020-10-13 13:05:27'),(96,1,0,'{\"title\":\"\\u041c\\u0435\\u043d\\u0435\\u0434\\u0436\\u0435\\u0440 \\u043f\\u043e \\u043f\\u0440\\u043e\\u0434\\u0430\\u0436\\u0430\\u043c\",\"avatar\":\"categories\\/September2020\\/GQaqKIYuXlsfuWrofcGh.png\"}','2020-10-13 13:05:27','2020-10-13 13:05:27'),(97,1,1,'[]','2020-10-13 13:14:38','2020-10-13 13:14:38'),(98,1,0,'{\"title\":\"\\u041c\\u0435\\u043d\\u0435\\u0434\\u0436\\u0435\\u0440 \\u043f\\u043e \\u043f\\u0440\\u043e\\u0434\\u0430\\u0436\\u0430\\u043c\",\"avatar\":\"categories\\/September2020\\/GQaqKIYuXlsfuWrofcGh.png\"}','2020-10-13 13:14:38','2020-10-13 13:14:38'),(99,1,1,'[]','2020-10-13 13:19:09','2020-10-13 13:19:09'),(100,1,1,'[]','2020-10-13 13:19:24','2020-10-13 13:19:24'),(101,1,1,'[]','2020-10-13 13:19:59','2020-10-13 13:19:59'),(102,1,1,'[]','2020-10-13 13:20:59','2020-10-13 13:20:59'),(103,1,1,'[]','2020-10-13 13:23:42','2020-10-13 13:23:42'),(104,1,1,'[]','2020-10-13 21:48:58','2020-10-13 21:48:58'),(105,1,1,'[]','2020-10-13 21:49:06','2020-10-13 21:49:06'),(106,1,1,'[]','2020-10-13 21:49:36','2020-10-13 21:49:36'),(107,1,1,'[]','2020-10-13 21:49:49','2020-10-13 21:49:49'),(108,1,1,'[]','2020-10-13 21:54:56','2020-10-13 21:54:56'),(109,1,1,'[]','2020-10-13 21:56:02','2020-10-13 21:56:02'),(110,1,1,'[]','2020-10-13 21:56:33','2020-10-13 21:56:33'),(111,1,1,'[]','2020-10-13 22:03:38','2020-10-13 22:03:38'),(112,1,1,'{\"title\":\"\\u041c\\u0435\\u043d\\u0435\\u0434\\u0436\\u0435\\u0440 \\u043f\\u043e \\u043f\\u0440\\u043e\\u0434\\u0430\\u0436\\u0430\\u043c\",\"avatar\":\"categories\\/September2020\\/GQaqKIYuXlsfuWrofcGh.png\"}','2020-10-13 22:03:38','2020-10-13 22:03:38'),(113,1,1,'[]','2020-10-13 22:25:28','2020-10-13 22:25:28'),(114,1,1,'[]','2020-10-13 22:25:36','2020-10-13 22:25:36'),(115,1,1,'[]','2020-10-13 23:18:35','2020-10-13 23:18:35'),(116,1,1,'[]','2020-10-13 23:49:13','2020-10-13 23:49:13'),(117,1,1,'[]','2020-10-14 00:09:59','2020-10-14 00:09:59'),(118,1,1,'[]','2020-10-14 00:23:48','2020-10-14 00:23:48'),(119,1,1,'[]','2020-10-14 00:23:51','2020-10-14 00:23:51'),(120,1,1,'[]','2020-10-14 00:23:56','2020-10-14 00:23:56'),(121,1,1,'[]','2020-10-14 00:24:58','2020-10-22 05:00:03'),(122,1,1,'[]','2020-10-14 00:26:29','2020-10-14 00:26:29'),(123,1,1,'[]','2020-10-14 01:54:23','2020-10-22 04:25:41'),(124,1,1,'[]','2020-10-21 04:20:58','2020-10-22 03:17:51'),(125,1,0,'[]','2021-01-12 12:39:13','2021-01-12 12:50:21'),(126,1,1,'[]','2021-01-12 13:05:36','2021-01-12 13:05:36'),(127,1,0,'{\"title\":\"\\u041c\\u0435\\u043d\\u0435\\u0434\\u0436\\u0435\\u0440 \\u043f\\u043e \\u043f\\u0440\\u043e\\u0434\\u0430\\u0436\\u0430\\u043c\",\"avatar\":\"categories\\/October2020\\/hNuGkZHg6G1SaYBEjMaM.jpg\"}','2021-01-12 13:05:36','2021-01-12 13:05:36'),(128,1,1,'[]','2021-01-12 13:23:31','2021-01-12 13:23:31'),(129,1,0,'{\"title\":\"\\u041c\\u0435\\u043d\\u0435\\u0434\\u0436\\u0435\\u0440 \\u043f\\u043e \\u043f\\u0440\\u043e\\u0434\\u0430\\u0436\\u0430\\u043c\",\"avatar\":\"categories\\/October2020\\/hNuGkZHg6G1SaYBEjMaM.jpg\"}','2021-01-12 13:23:31','2021-01-20 12:15:28'),(130,1,1,'[]','2021-01-12 13:39:11','2021-01-12 18:06:40'),(131,1,1,'[]','2021-01-12 13:48:21','2021-01-12 13:48:21'),(132,1,1,'[]','2021-01-12 13:49:51','2021-01-12 13:49:51'),(133,1,1,'[]','2021-01-12 13:52:20','2021-01-12 13:52:20'),(134,1,1,'[]','2021-01-12 15:11:53','2021-01-12 15:11:53'),(135,1,1,'[]','2021-01-20 12:15:05','2021-01-20 12:15:05'),(136,1,1,'[]','2021-01-20 19:13:17','2021-01-20 19:13:17'),(137,1,0,'{\"title\":\"\\u041c\\u0435\\u043d\\u0442\\u0430\\u043b\\u044c\\u043d\\u044b\\u0439 SMM\",\"avatar\":\"categories\\/October2020\\/AgfShapm7hVcNeoQI9Wj.jpg\"}','2021-01-20 19:13:17','2021-01-20 19:13:17'),(138,1,1,'[]','2021-01-20 20:12:06','2021-01-20 20:12:06'),(139,1,0,'{\"title\":\"\\u041e\\u0441\\u043d\\u043e\\u0432\\u044b \\u043f\\u0440\\u043e\\u0433\\u0440\\u0430\\u043c\\u043c\\u0438\\u0440\\u043e\\u0432\\u0430\\u043d\\u0438\\u044f\",\"avatar\":\"categories\\/October2020\\/Dh9BUOQv4mq6PhphzBXV.jpg\"}','2021-01-20 20:12:06','2021-01-20 20:12:06'),(140,1,1,'[]','2021-01-20 20:59:12','2021-01-20 20:59:12'),(141,1,1,'[]','2021-01-20 23:38:59','2021-01-20 23:38:59'),(142,1,0,'{\"title\":\"\\u041c\\u043e\\u0431\\u0438\\u043b\\u043e\\u0433\\u0440\\u0430\\u0444\\u0438\\u044f\",\"avatar\":\"categories\\/October2020\\/SiuqW6zCDA6SmLN7sLdW.jpg\"}','2021-01-20 23:38:59','2021-01-20 23:38:59'),(143,1,1,'[]','2021-01-20 23:57:02','2021-01-20 23:57:02'),(144,1,1,'[]','2021-01-20 23:58:20','2021-01-20 23:58:20'),(145,1,1,'[]','2021-01-20 23:59:48','2021-01-20 23:59:48'),(146,1,1,'[]','2021-01-21 00:09:38','2021-01-21 00:09:38'),(147,1,0,'{\"title\":\"WEB-DESIGN\",\"avatar\":\"categories\\/November2020\\/INHYRz8c1AwICP193Vlg.jpg\"}','2021-01-21 00:09:38','2021-01-21 00:09:38'),(148,1,1,'[]','2021-01-21 00:10:11','2021-01-21 00:10:11'),(149,1,1,'[]','2021-01-21 00:10:55','2021-01-21 00:10:55'),(150,1,0,'{\"title\":\"\\u0423\\u043f\\u0440\\u0430\\u0432\\u043b\\u0435\\u043d\\u0438\\u0435 \\u043f\\u0440\\u043e\\u0435\\u043a\\u0442\\u0430\\u043c\\u0438\",\"avatar\":\"categories\\/November2020\\/dbUXrjGpZxI5QQihh3D7.jpg\"}','2021-01-21 00:10:55','2021-01-21 00:10:55'),(151,1,1,'[]','2021-01-21 00:24:01','2021-01-21 00:24:01'),(152,1,1,'[]','2021-01-21 00:24:35','2021-01-21 00:24:35'),(153,1,0,'{\"title\":\"\\u201c\\u041d\\u0443\\u043b\\u0435\\u0432\\u043e\\u0439 \\u0431\\u043b\\u043e\\u043a?\\u201d\",\"avatar\":\"categories\\/October2020\\/O2mU0nUBxovqsmVBKvkp.jpg\"}','2021-01-21 00:24:35','2021-01-21 00:24:35'),(154,1,1,'[]','2021-01-21 00:25:03','2021-01-21 00:25:03'),(155,1,1,'[]','2021-01-21 00:25:46','2021-01-21 00:25:46'),(156,1,0,'{\"title\":\"\\u041c\\u0430\\u0440\\u043a\\u0435\\u0442\\u0438\\u043d\\u0433\",\"avatar\":\"categories\\/October2020\\/QFTaQeIDCzoWLf9C9OvN.jpg\"}','2021-01-21 00:25:46','2021-01-21 00:25:46'),(157,1,1,'[]','2021-01-21 00:26:34','2021-01-21 00:26:34'),(158,1,1,'[]','2021-01-21 00:28:29','2021-01-21 00:28:29'),(159,1,0,'{\"title\":\"\\u041a\\u043e\\u043d\\u0442\\u0435\\u043d\\u0442-\\u043c\\u0435\\u043d\\u0435\\u0434\\u0436\\u0435\\u0440\",\"avatar\":\"categories\\/November2020\\/t3dkAktGlAILZz7GKniS.jpg\"}','2021-01-21 00:28:29','2021-01-21 00:28:29'),(160,1,1,'[]','2021-01-21 00:29:09','2021-01-21 00:29:09'),(161,1,1,'[]','2021-01-21 00:29:57','2021-01-21 00:29:57'),(162,1,1,'[]','2021-01-21 00:30:36','2021-01-21 00:30:36'),(163,1,1,'[]','2021-01-21 00:31:18','2021-01-21 00:31:18'),(164,1,1,'[]','2021-01-21 00:32:21','2021-01-21 00:32:21'),(165,1,1,'[]','2021-01-21 09:34:53','2021-01-21 09:34:53'),(166,1,1,'[]','2021-01-21 11:26:34','2021-01-21 11:26:34'),(167,1,1,'[]','2021-01-21 11:30:57','2021-01-21 11:30:57'),(168,1,1,'[]','2021-01-21 11:31:47','2021-01-21 11:31:47'),(169,1,1,'[]','2021-01-22 10:51:16','2021-01-22 10:51:16'),(170,1,1,'[]','2021-01-22 13:54:15','2021-01-22 13:54:15'),(171,1,1,'[]','2021-01-22 16:20:04','2021-01-22 16:20:04');
/*!40000 ALTER TABLE `chat_conversations` ENABLE KEYS */;
UNLOCK TABLES;

--
-- Table structure for table `chat_message_notifications`
--

DROP TABLE IF EXISTS `chat_message_notifications`;
/*!40101 SET @saved_cs_client     = @@character_set_client */;
/*!50503 SET character_set_client = utf8mb4 */;
CREATE TABLE `chat_message_notifications` (
  `id` bigint unsigned NOT NULL AUTO_INCREMENT,
  `message_id` bigint unsigned NOT NULL,
  `messageable_id` bigint unsigned NOT NULL,
  `messageable_type` varchar(255) CHARACTER SET utf8mb4 COLLATE utf8mb4_unicode_ci NOT NULL,
  `conversation_id` bigint unsigned NOT NULL,
  `participation_id` bigint unsigned NOT NULL,
  `is_seen` tinyint(1) NOT NULL DEFAULT '0',
  `is_sender` tinyint(1) NOT NULL DEFAULT '0',
  `flagged` tinyint(1) NOT NULL DEFAULT '0',
  `created_at` timestamp NULL DEFAULT NULL,
  `updated_at` timestamp NULL DEFAULT NULL,
  `deleted_at` timestamp NULL DEFAULT NULL,
  PRIMARY KEY (`id`),
  KEY `participation_message_index` (`participation_id`,`message_id`),
  KEY `chat_message_notifications_message_id_foreign` (`message_id`),
  KEY `chat_message_notifications_conversation_id_foreign` (`conversation_id`),
  CONSTRAINT `chat_message_notifications_conversation_id_foreign` FOREIGN KEY (`conversation_id`) REFERENCES `chat_conversations` (`id`) ON DELETE CASCADE,
  CONSTRAINT `chat_message_notifications_message_id_foreign` FOREIGN KEY (`message_id`) REFERENCES `chat_messages` (`id`) ON DELETE CASCADE,
  CONSTRAINT `chat_message_notifications_participation_id_foreign` FOREIGN KEY (`participation_id`) REFERENCES `chat_participation` (`id`) ON DELETE CASCADE
) ENGINE=InnoDB AUTO_INCREMENT=533 DEFAULT CHARSET=utf8mb4 COLLATE=utf8mb4_unicode_ci;
/*!40101 SET character_set_client = @saved_cs_client */;

--
-- Dumping data for table `chat_message_notifications`
--

LOCK TABLES `chat_message_notifications` WRITE;
/*!40000 ALTER TABLE `chat_message_notifications` DISABLE KEYS */;
INSERT INTO `chat_message_notifications` VALUES (1,1,1,'App\\User',1,1,0,0,0,'2020-08-25 23:41:18',NULL,NULL),(2,1,12,'App\\User',1,2,1,1,0,'2020-08-25 23:41:18','2020-08-26 00:02:23',NULL),(3,2,1,'App\\User',1,1,0,0,0,'2020-08-25 23:43:32',NULL,NULL),(4,2,12,'App\\User',1,2,1,1,0,'2020-08-25 23:43:32','2020-08-26 00:02:23',NULL),(5,3,1,'App\\User',1,1,0,0,0,'2020-08-26 00:02:23',NULL,NULL),(6,3,12,'App\\User',1,2,1,1,0,'2020-08-26 00:02:23',NULL,NULL),(7,4,44,'App\\User',5,10,1,0,0,'2020-09-02 10:15:02','2020-09-10 22:52:06',NULL),(8,4,66,'App\\User',5,9,1,1,0,'2020-09-02 10:15:02','2020-09-09 22:39:18',NULL),(9,5,44,'App\\User',5,10,1,0,0,'2020-09-02 12:02:48','2020-09-10 22:52:06',NULL),(10,5,66,'App\\User',5,9,1,1,0,'2020-09-02 12:02:48','2020-09-09 22:39:18',NULL),(11,6,44,'App\\User',5,10,1,0,0,'2020-09-03 05:47:48','2020-09-10 22:52:06',NULL),(12,6,66,'App\\User',5,9,1,1,0,'2020-09-03 05:47:48','2020-09-09 22:39:18',NULL),(13,7,44,'App\\User',5,10,1,0,0,'2020-09-03 05:56:09','2020-09-10 22:52:06',NULL),(14,7,66,'App\\User',5,9,1,1,0,'2020-09-03 05:56:09','2020-09-09 22:39:18',NULL),(15,8,44,'App\\User',5,10,1,0,0,'2020-09-03 06:00:24','2020-09-10 22:52:06',NULL),(16,8,66,'App\\User',5,9,1,1,0,'2020-09-03 06:00:24','2020-09-09 22:39:18',NULL),(17,9,44,'App\\User',5,10,1,0,0,'2020-09-03 06:00:29','2020-09-10 22:52:06',NULL),(18,9,66,'App\\User',5,9,1,1,0,'2020-09-03 06:00:29','2020-09-09 22:39:18',NULL),(19,10,44,'App\\User',5,10,1,0,0,'2020-09-03 06:00:57','2020-09-10 22:52:06',NULL),(20,10,66,'App\\User',5,9,1,1,0,'2020-09-03 06:00:57','2020-09-09 22:39:18',NULL),(21,11,44,'App\\User',5,10,1,0,0,'2020-09-03 06:48:19','2020-09-10 22:52:06',NULL),(22,11,66,'App\\User',5,9,1,1,0,'2020-09-03 06:48:19','2020-09-09 22:39:18',NULL),(23,12,44,'App\\User',5,10,1,1,0,'2020-09-03 12:12:13','2020-09-10 22:52:06',NULL),(24,12,66,'App\\User',5,9,1,0,0,'2020-09-03 12:12:13','2020-09-09 22:39:18',NULL),(25,13,44,'App\\User',5,10,1,0,0,'2020-09-09 22:39:13','2020-09-10 22:52:06',NULL),(26,13,66,'App\\User',5,9,1,1,0,'2020-09-09 22:39:13','2020-09-09 22:39:18',NULL),(27,14,44,'App\\User',5,10,1,0,0,'2020-09-09 22:39:18','2020-09-10 22:52:06',NULL),(28,14,66,'App\\User',5,9,1,1,0,'2020-09-09 22:39:18',NULL,NULL),(29,15,44,'App\\User',18,36,1,1,0,'2020-09-10 05:50:11','2020-09-11 05:52:54',NULL),(30,15,78,'App\\User',18,35,1,0,0,'2020-09-10 05:50:11','2020-09-11 01:48:34',NULL),(31,16,44,'App\\User',19,38,1,0,0,'2020-09-11 01:48:02','2020-09-11 02:59:30',NULL),(32,16,78,'App\\User',19,37,1,1,0,'2020-09-11 01:48:02',NULL,NULL),(33,17,44,'App\\User',18,36,1,0,0,'2020-09-11 01:48:34','2020-09-11 05:52:54',NULL),(34,17,78,'App\\User',18,35,1,1,0,'2020-09-11 01:48:34',NULL,NULL),(35,18,44,'App\\User',25,50,1,0,0,'2020-09-11 04:33:34','2020-09-12 14:43:15',NULL),(36,18,80,'App\\User',25,49,1,1,0,'2020-09-11 04:33:34','2020-09-11 06:58:09',NULL),(37,19,44,'App\\User',25,50,1,0,0,'2020-09-11 05:09:53','2020-09-12 14:43:15',NULL),(38,19,80,'App\\User',25,49,1,1,0,'2020-09-11 05:09:53','2020-09-11 06:58:09',NULL),(47,24,44,'App\\User',25,50,1,0,0,'2020-09-11 05:49:43','2020-09-12 14:43:15',NULL),(48,24,80,'App\\User',25,49,1,1,0,'2020-09-11 05:49:43','2020-09-11 06:58:09',NULL),(49,25,44,'App\\User',25,50,1,1,0,'2020-09-11 05:53:51','2020-09-12 14:43:15',NULL),(50,25,80,'App\\User',25,49,1,0,0,'2020-09-11 05:53:51','2020-09-11 06:58:09',NULL),(51,26,44,'App\\User',25,50,1,0,0,'2020-09-11 05:53:58','2020-09-12 14:43:15',NULL),(52,26,80,'App\\User',25,49,1,1,0,'2020-09-11 05:53:58','2020-09-11 06:58:09',NULL),(53,27,44,'App\\User',25,50,1,1,0,'2020-09-11 05:54:31','2020-09-12 14:43:15',NULL),(54,27,80,'App\\User',25,49,1,0,0,'2020-09-11 05:54:31','2020-09-11 06:58:09',NULL),(55,28,44,'App\\User',25,50,1,1,0,'2020-09-11 06:27:32','2020-09-12 14:43:15',NULL),(56,28,80,'App\\User',25,49,1,0,0,'2020-09-11 06:27:32','2020-09-11 06:58:09',NULL),(57,29,44,'App\\User',25,50,1,0,0,'2020-09-11 06:27:44','2020-09-12 14:43:15',NULL),(58,29,80,'App\\User',25,49,1,1,0,'2020-09-11 06:27:44','2020-09-11 06:58:09',NULL),(81,41,44,'App\\User',25,50,1,1,0,'2020-09-11 06:43:36','2020-09-12 14:43:15',NULL),(82,41,80,'App\\User',25,49,1,0,0,'2020-09-11 06:43:36','2020-09-11 06:58:09',NULL),(83,42,44,'App\\User',25,50,1,1,0,'2020-09-11 06:44:17','2020-09-12 14:43:15',NULL),(84,42,80,'App\\User',25,49,1,0,0,'2020-09-11 06:44:17','2020-09-11 06:58:09',NULL),(85,43,44,'App\\User',25,50,1,1,0,'2020-09-11 06:44:20','2020-09-12 14:43:15',NULL),(86,43,80,'App\\User',25,49,1,0,0,'2020-09-11 06:44:20','2020-09-11 06:58:09',NULL),(87,44,44,'App\\User',25,50,1,0,0,'2020-09-11 06:45:46','2020-09-12 14:43:15',NULL),(88,44,80,'App\\User',25,49,1,1,0,'2020-09-11 06:45:46','2020-09-11 06:58:09',NULL),(89,45,44,'App\\User',25,50,1,1,0,'2020-09-11 06:51:59','2020-09-12 14:43:15',NULL),(90,45,80,'App\\User',25,49,1,0,0,'2020-09-11 06:51:59','2020-09-11 06:58:09',NULL),(91,46,44,'App\\User',25,50,1,0,0,'2020-09-11 06:54:36','2020-09-12 14:43:15',NULL),(92,46,80,'App\\User',25,49,1,1,0,'2020-09-11 06:54:36','2020-09-11 06:58:09',NULL),(93,47,44,'App\\User',25,50,1,0,0,'2020-09-11 06:57:44','2020-09-12 14:43:15',NULL),(94,47,80,'App\\User',25,49,1,1,0,'2020-09-11 06:57:44','2020-09-11 06:58:09',NULL),(95,48,44,'App\\User',25,50,1,0,0,'2020-09-11 06:58:09','2020-09-12 14:43:15',NULL),(96,48,80,'App\\User',25,49,1,1,0,'2020-09-11 06:58:09',NULL,NULL),(97,49,44,'App\\User',26,52,0,0,0,'2020-09-11 08:05:09',NULL,NULL),(98,49,81,'App\\User',26,51,1,1,0,'2020-09-11 08:05:09',NULL,NULL),(99,50,44,'App\\User',25,50,1,1,0,'2020-09-12 14:43:15',NULL,NULL),(100,50,80,'App\\User',25,49,0,0,0,'2020-09-12 14:43:15',NULL,NULL),(101,51,44,'App\\User',30,60,0,0,0,'2020-09-17 12:46:27',NULL,NULL),(102,51,83,'App\\User',30,59,1,1,0,'2020-09-17 12:46:27','2020-11-24 16:39:19',NULL),(103,52,44,'App\\User',29,58,1,0,0,'2020-09-20 13:10:24','2020-10-12 04:24:59','2020-10-12 04:24:59'),(104,52,84,'App\\User',29,57,1,1,0,'2020-09-20 13:10:24','2020-10-12 10:58:35','2020-10-12 10:58:35'),(105,53,44,'App\\User',29,58,1,0,0,'2020-09-20 13:12:02','2020-10-12 04:24:59','2020-10-12 04:24:59'),(106,53,84,'App\\User',29,57,1,1,0,'2020-09-20 13:12:02','2020-10-12 10:58:35','2020-10-12 10:58:35'),(107,54,44,'App\\User',29,58,1,0,0,'2020-09-20 13:16:01','2020-10-12 04:24:59','2020-10-12 04:24:59'),(108,54,84,'App\\User',29,57,1,1,0,'2020-09-20 13:16:01','2020-10-12 10:58:35','2020-10-12 10:58:35'),(109,55,44,'App\\User',29,58,1,0,0,'2020-09-20 13:16:38','2020-10-12 04:24:59','2020-10-12 04:24:59'),(110,55,84,'App\\User',29,57,1,1,0,'2020-09-20 13:16:38','2020-10-12 10:58:35','2020-10-12 10:58:35'),(111,56,44,'App\\User',29,58,1,1,0,'2020-09-20 13:24:47','2020-10-12 04:24:59','2020-10-12 04:24:59'),(112,56,84,'App\\User',29,57,1,0,0,'2020-09-20 13:24:47','2020-10-12 10:58:35','2020-10-12 10:58:35'),(113,57,44,'App\\User',29,58,1,1,0,'2020-09-20 13:40:38','2020-10-12 04:24:59','2020-10-12 04:24:59'),(114,57,84,'App\\User',29,57,1,0,0,'2020-09-20 13:40:38','2020-10-12 10:58:35','2020-10-12 10:58:35'),(115,58,44,'App\\User',29,58,0,0,0,'2020-09-22 11:13:47','2020-10-12 04:24:59','2020-10-12 04:24:59'),(116,58,84,'App\\User',29,57,1,1,0,'2020-09-22 11:13:47','2020-10-12 10:55:42','2020-10-12 10:55:42'),(117,59,44,'App\\User',29,58,0,0,0,'2020-09-22 11:14:34','2020-10-12 04:24:59','2020-10-12 04:24:59'),(118,59,84,'App\\User',29,57,1,1,0,'2020-09-22 11:14:34','2020-10-12 10:55:35','2020-10-12 10:55:35'),(119,60,44,'App\\User',29,58,0,0,0,'2020-09-27 23:45:21','2020-10-12 04:24:59','2020-10-12 04:24:59'),(120,60,84,'App\\User',29,57,1,1,0,'2020-09-27 23:45:21','2020-10-12 10:58:35','2020-10-12 10:58:35'),(121,61,44,'App\\User',29,58,1,0,0,'2020-10-12 09:14:11','2020-10-12 22:40:39','2020-10-12 22:40:39'),(122,61,84,'App\\User',29,57,1,1,0,'2020-10-12 09:14:11','2020-10-12 10:55:24','2020-10-12 10:55:24'),(123,62,44,'App\\User',29,58,1,0,0,'2020-10-12 10:59:54','2020-10-12 22:40:39','2020-10-12 22:40:39'),(124,62,84,'App\\User',29,57,1,1,0,'2020-10-12 10:59:54','2020-10-12 11:02:58','2020-10-12 11:02:58'),(125,63,44,'App\\User',29,58,1,0,0,'2020-10-12 11:03:04','2020-10-12 22:40:39','2020-10-12 22:40:39'),(126,63,84,'App\\User',29,57,1,1,0,'2020-10-12 11:03:04','2020-10-12 11:03:06','2020-10-12 11:03:06'),(127,64,44,'App\\User',29,58,1,0,0,'2020-10-12 11:03:11','2020-10-12 22:40:39','2020-10-12 22:40:39'),(128,64,84,'App\\User',29,57,1,1,0,'2020-10-12 11:03:11','2020-10-12 11:03:15','2020-10-12 11:03:15'),(129,65,44,'App\\User',29,58,1,0,0,'2020-10-12 11:03:12','2020-10-12 22:40:39','2020-10-12 22:40:39'),(130,65,84,'App\\User',29,57,1,1,0,'2020-10-12 11:03:12','2020-10-12 11:03:15','2020-10-12 11:03:15'),(131,66,44,'App\\User',29,58,1,0,0,'2020-10-12 11:03:14','2020-10-12 22:40:39','2020-10-12 22:40:39'),(132,66,84,'App\\User',29,57,1,1,0,'2020-10-12 11:03:14','2020-10-12 11:03:15','2020-10-12 11:03:15'),(133,67,44,'App\\User',29,58,1,0,0,'2020-10-12 11:30:18','2020-10-12 22:40:39','2020-10-12 22:40:39'),(134,67,84,'App\\User',29,57,1,1,0,'2020-10-12 11:30:18','2020-10-12 11:30:19','2020-10-12 11:30:19'),(135,68,44,'App\\User',29,58,1,0,0,'2020-10-12 11:30:23','2020-10-12 22:40:39','2020-10-12 22:40:39'),(136,68,84,'App\\User',29,57,1,1,0,'2020-10-12 11:30:23','2020-10-12 11:30:24','2020-10-12 11:30:24'),(137,69,44,'App\\User',29,58,1,0,0,'2020-10-12 12:18:06','2020-10-12 22:40:39','2020-10-12 22:40:39'),(138,69,84,'App\\User',29,57,1,1,0,'2020-10-12 12:18:06','2020-10-12 12:29:37','2020-10-12 12:29:37'),(139,70,44,'App\\User',29,58,1,0,0,'2020-10-12 12:29:30','2020-10-12 22:40:39','2020-10-12 22:40:39'),(140,70,84,'App\\User',29,57,1,1,0,'2020-10-12 12:29:30','2020-10-12 12:29:37','2020-10-12 12:29:37'),(141,71,44,'App\\User',29,58,1,0,0,'2020-10-12 13:05:05','2020-10-12 22:40:39','2020-10-12 22:40:39'),(142,71,84,'App\\User',29,57,1,1,0,'2020-10-12 13:05:05','2020-10-12 22:31:18','2020-10-12 22:31:18'),(143,72,44,'App\\User',29,58,1,0,0,'2020-10-12 13:26:24','2020-10-12 22:40:39','2020-10-12 22:40:39'),(144,72,84,'App\\User',29,57,1,1,0,'2020-10-12 13:26:24','2020-10-12 22:31:18','2020-10-12 22:31:18'),(145,73,44,'App\\User',29,58,1,0,0,'2020-10-12 13:33:48','2020-10-12 22:40:39','2020-10-12 22:40:39'),(146,73,84,'App\\User',29,57,1,1,0,'2020-10-12 13:33:48','2020-10-12 22:31:18','2020-10-12 22:31:18'),(147,74,44,'App\\User',29,58,1,1,0,'2020-10-12 14:17:52','2020-10-12 22:40:39','2020-10-12 22:40:39'),(148,74,84,'App\\User',29,57,1,0,0,'2020-10-12 14:17:52','2020-10-12 22:31:18','2020-10-12 22:31:18'),(149,75,44,'App\\User',29,58,1,1,0,'2020-10-12 14:20:40','2020-10-12 22:40:39','2020-10-12 22:40:39'),(150,75,84,'App\\User',29,57,1,0,0,'2020-10-12 14:20:40','2020-10-12 22:31:18','2020-10-12 22:31:18'),(151,76,44,'App\\User',29,58,1,1,0,'2020-10-12 14:22:15','2020-10-12 22:40:39','2020-10-12 22:40:39'),(152,76,84,'App\\User',29,57,1,0,0,'2020-10-12 14:22:15','2020-10-12 22:31:18','2020-10-12 22:31:18'),(153,77,44,'App\\User',29,58,1,0,0,'2020-10-12 23:41:07','2020-10-13 01:58:57',NULL),(154,77,84,'App\\User',29,57,1,1,0,'2020-10-12 23:41:07','2020-11-16 07:56:20','2020-11-16 07:56:20'),(155,78,44,'App\\User',29,58,1,0,0,'2020-10-12 23:41:59','2020-10-13 01:58:57',NULL),(156,78,84,'App\\User',29,57,1,1,0,'2020-10-12 23:41:59','2020-11-16 07:56:20','2020-11-16 07:56:20'),(163,81,44,'App\\User',91,183,1,0,0,'2020-10-13 13:22:30','2020-10-22 04:26:41','2020-10-22 04:26:41'),(164,81,66,'App\\User',91,193,0,0,0,'2020-10-13 13:22:30',NULL,NULL),(165,81,128,'App\\User',91,184,0,0,0,'2020-10-13 13:22:30',NULL,NULL),(166,81,135,'App\\User',91,215,0,0,0,'2020-10-13 13:22:30',NULL,NULL),(167,81,136,'App\\User',91,218,1,1,0,'2020-10-13 13:22:30','2020-10-13 13:22:30',NULL),(168,82,44,'App\\User',91,183,1,1,0,'2020-10-13 13:23:11','2020-10-22 04:26:41','2020-10-22 04:26:41'),(169,82,66,'App\\User',91,193,0,0,0,'2020-10-13 13:23:11',NULL,NULL),(170,82,128,'App\\User',91,184,0,0,0,'2020-10-13 13:23:11',NULL,NULL),(171,82,135,'App\\User',91,215,0,0,0,'2020-10-13 13:23:11',NULL,NULL),(172,82,136,'App\\User',91,218,0,0,0,'2020-10-13 13:23:11',NULL,NULL),(173,83,44,'App\\User',91,183,1,0,0,'2020-10-13 13:24:15','2020-10-22 04:26:41','2020-10-22 04:26:41'),(174,83,66,'App\\User',91,193,0,0,0,'2020-10-13 13:24:15',NULL,NULL),(175,83,128,'App\\User',91,184,0,0,0,'2020-10-13 13:24:15',NULL,NULL),(176,83,135,'App\\User',91,215,0,0,0,'2020-10-13 13:24:15',NULL,NULL),(177,83,136,'App\\User',91,218,0,0,0,'2020-10-13 13:24:15',NULL,NULL),(178,83,137,'App\\User',91,221,1,1,0,'2020-10-13 13:24:15','2020-10-13 13:24:15',NULL),(179,84,44,'App\\User',91,183,1,0,0,'2020-10-13 22:07:35','2020-10-22 04:26:41','2020-10-22 04:26:41'),(180,84,66,'App\\User',91,193,0,0,0,'2020-10-13 22:07:35',NULL,NULL),(181,84,128,'App\\User',91,184,0,0,0,'2020-10-13 22:07:35',NULL,NULL),(182,84,135,'App\\User',91,215,0,0,0,'2020-10-13 22:07:35',NULL,NULL),(183,84,136,'App\\User',91,218,0,0,0,'2020-10-13 22:07:35',NULL,NULL),(184,84,137,'App\\User',91,221,0,0,0,'2020-10-13 22:07:35',NULL,NULL),(185,84,138,'App\\User',91,224,1,1,0,'2020-10-13 22:07:35','2020-10-13 22:07:35',NULL),(186,84,139,'App\\User',91,227,0,0,0,'2020-10-13 22:07:35',NULL,NULL),(187,84,140,'App\\User',91,230,0,0,0,'2020-10-13 22:07:35',NULL,NULL),(188,84,144,'App\\User',91,239,0,0,0,'2020-10-13 22:07:35',NULL,NULL),(189,85,44,'App\\User',91,183,1,0,0,'2020-10-14 00:26:39','2020-10-22 04:26:41','2020-10-22 04:26:41'),(190,85,66,'App\\User',91,193,0,0,0,'2020-10-14 00:26:39',NULL,NULL),(191,85,128,'App\\User',91,184,0,0,0,'2020-10-14 00:26:39',NULL,NULL),(192,85,135,'App\\User',91,215,0,0,0,'2020-10-14 00:26:39',NULL,NULL),(193,85,136,'App\\User',91,218,0,0,0,'2020-10-14 00:26:39',NULL,NULL),(194,85,137,'App\\User',91,221,0,0,0,'2020-10-14 00:26:39',NULL,NULL),(195,85,138,'App\\User',91,224,0,0,0,'2020-10-14 00:26:39',NULL,NULL),(196,85,139,'App\\User',91,227,0,0,0,'2020-10-14 00:26:39',NULL,NULL),(197,85,140,'App\\User',91,230,0,0,0,'2020-10-14 00:26:39',NULL,NULL),(198,85,144,'App\\User',91,239,0,0,0,'2020-10-14 00:26:39',NULL,NULL),(199,85,146,'App\\User',91,246,0,0,0,'2020-10-14 00:26:39',NULL,NULL),(200,85,147,'App\\User',91,249,0,0,0,'2020-10-14 00:26:39',NULL,NULL),(201,85,148,'App\\User',91,252,0,0,0,'2020-10-14 00:26:39',NULL,NULL),(202,85,149,'App\\User',91,255,0,0,0,'2020-10-14 00:26:39',NULL,NULL),(203,85,150,'App\\User',91,258,0,0,0,'2020-10-14 00:26:39',NULL,NULL),(204,85,151,'App\\User',91,261,0,0,0,'2020-10-14 00:26:39',NULL,NULL),(205,85,152,'App\\User',91,264,0,0,0,'2020-10-14 00:26:39',NULL,NULL),(206,85,153,'App\\User',91,267,0,0,0,'2020-10-14 00:26:39',NULL,NULL),(207,85,154,'App\\User',91,270,0,0,0,'2020-10-14 00:26:39',NULL,NULL),(208,85,155,'App\\User',91,273,1,1,0,'2020-10-14 00:26:39','2020-10-14 00:26:39',NULL),(209,86,44,'App\\User',91,183,1,0,0,'2020-10-21 05:10:33','2020-10-22 04:26:41','2020-10-22 04:26:41'),(210,86,66,'App\\User',91,193,0,0,0,'2020-10-21 05:10:33',NULL,NULL),(211,86,128,'App\\User',91,184,0,0,0,'2020-10-21 05:10:33',NULL,NULL),(212,86,135,'App\\User',91,215,0,0,0,'2020-10-21 05:10:33',NULL,NULL),(213,86,136,'App\\User',91,218,0,0,0,'2020-10-21 05:10:33',NULL,NULL),(214,86,137,'App\\User',91,221,0,0,0,'2020-10-21 05:10:33',NULL,NULL),(215,86,138,'App\\User',91,224,0,0,0,'2020-10-21 05:10:33',NULL,NULL),(216,86,139,'App\\User',91,227,0,0,0,'2020-10-21 05:10:33',NULL,NULL),(217,86,140,'App\\User',91,230,0,0,0,'2020-10-21 05:10:33',NULL,NULL),(218,86,144,'App\\User',91,239,0,0,0,'2020-10-21 05:10:33',NULL,NULL),(219,86,146,'App\\User',91,246,0,0,0,'2020-10-21 05:10:33',NULL,NULL),(220,86,147,'App\\User',91,249,0,0,0,'2020-10-21 05:10:33',NULL,NULL),(221,86,148,'App\\User',91,252,0,0,0,'2020-10-21 05:10:33',NULL,NULL),(222,86,149,'App\\User',91,255,0,0,0,'2020-10-21 05:10:33',NULL,NULL),(223,86,150,'App\\User',91,258,0,0,0,'2020-10-21 05:10:33',NULL,NULL),(224,86,151,'App\\User',91,261,0,0,0,'2020-10-21 05:10:33',NULL,NULL),(225,86,152,'App\\User',91,264,0,0,0,'2020-10-21 05:10:33',NULL,NULL),(226,86,153,'App\\User',91,267,0,0,0,'2020-10-21 05:10:33',NULL,NULL),(227,86,154,'App\\User',91,270,0,0,0,'2020-10-21 05:10:33',NULL,NULL),(228,86,155,'App\\User',91,273,0,0,0,'2020-10-21 05:10:33',NULL,NULL),(229,86,156,'App\\User',91,276,0,0,0,'2020-10-21 05:10:33',NULL,NULL),(230,86,157,'App\\User',91,279,1,1,0,'2020-10-21 05:10:33','2020-10-22 07:27:01',NULL),(231,87,44,'App\\User',91,183,1,0,0,'2020-10-21 05:12:54','2020-10-22 04:26:41','2020-10-22 04:26:41'),(232,87,66,'App\\User',91,193,0,0,0,'2020-10-21 05:12:54',NULL,NULL),(233,87,128,'App\\User',91,184,0,0,0,'2020-10-21 05:12:54',NULL,NULL),(234,87,135,'App\\User',91,215,0,0,0,'2020-10-21 05:12:54',NULL,NULL),(235,87,136,'App\\User',91,218,0,0,0,'2020-10-21 05:12:54',NULL,NULL),(236,87,137,'App\\User',91,221,0,0,0,'2020-10-21 05:12:54',NULL,NULL),(237,87,138,'App\\User',91,224,0,0,0,'2020-10-21 05:12:54',NULL,NULL),(238,87,139,'App\\User',91,227,0,0,0,'2020-10-21 05:12:54',NULL,NULL),(239,87,140,'App\\User',91,230,0,0,0,'2020-10-21 05:12:54',NULL,NULL),(240,87,144,'App\\User',91,239,0,0,0,'2020-10-21 05:12:54',NULL,NULL),(241,87,146,'App\\User',91,246,0,0,0,'2020-10-21 05:12:54',NULL,NULL),(242,87,147,'App\\User',91,249,0,0,0,'2020-10-21 05:12:54',NULL,NULL),(243,87,148,'App\\User',91,252,0,0,0,'2020-10-21 05:12:54',NULL,NULL),(244,87,149,'App\\User',91,255,0,0,0,'2020-10-21 05:12:54',NULL,NULL),(245,87,150,'App\\User',91,258,0,0,0,'2020-10-21 05:12:54',NULL,NULL),(246,87,151,'App\\User',91,261,0,0,0,'2020-10-21 05:12:54',NULL,NULL),(247,87,152,'App\\User',91,264,0,0,0,'2020-10-21 05:12:54',NULL,NULL),(248,87,153,'App\\User',91,267,0,0,0,'2020-10-21 05:12:54',NULL,NULL),(249,87,154,'App\\User',91,270,0,0,0,'2020-10-21 05:12:54',NULL,NULL),(250,87,155,'App\\User',91,273,0,0,0,'2020-10-21 05:12:54',NULL,NULL),(251,87,156,'App\\User',91,276,0,0,0,'2020-10-21 05:12:54',NULL,NULL),(252,87,157,'App\\User',91,279,1,1,0,'2020-10-21 05:12:54','2020-10-22 07:27:01',NULL),(253,88,44,'App\\User',124,278,1,1,0,'2020-10-22 01:49:36','2020-10-22 03:27:42','2020-10-22 03:27:42'),(254,88,157,'App\\User',124,277,1,0,0,'2020-10-22 01:49:36','2020-10-22 07:19:11',NULL),(255,89,44,'App\\User',91,183,1,1,0,'2020-10-22 03:09:26','2020-10-22 04:26:41','2020-10-22 04:26:41'),(256,89,66,'App\\User',91,193,0,0,0,'2020-10-22 03:09:26',NULL,NULL),(257,89,128,'App\\User',91,184,0,0,0,'2020-10-22 03:09:26',NULL,NULL),(258,89,135,'App\\User',91,215,0,0,0,'2020-10-22 03:09:26',NULL,NULL),(259,89,136,'App\\User',91,218,0,0,0,'2020-10-22 03:09:26',NULL,NULL),(260,89,137,'App\\User',91,221,0,0,0,'2020-10-22 03:09:26',NULL,NULL),(261,89,138,'App\\User',91,224,0,0,0,'2020-10-22 03:09:26',NULL,NULL),(262,89,139,'App\\User',91,227,0,0,0,'2020-10-22 03:09:26',NULL,NULL),(263,89,140,'App\\User',91,230,0,0,0,'2020-10-22 03:09:26',NULL,NULL),(264,89,144,'App\\User',91,239,0,0,0,'2020-10-22 03:09:26',NULL,NULL),(265,89,146,'App\\User',91,246,0,0,0,'2020-10-22 03:09:26',NULL,NULL),(266,89,147,'App\\User',91,249,0,0,0,'2020-10-22 03:09:26',NULL,NULL),(267,89,148,'App\\User',91,252,0,0,0,'2020-10-22 03:09:26',NULL,NULL),(268,89,149,'App\\User',91,255,0,0,0,'2020-10-22 03:09:26',NULL,NULL),(269,89,150,'App\\User',91,258,0,0,0,'2020-10-22 03:09:26',NULL,NULL),(270,89,151,'App\\User',91,261,0,0,0,'2020-10-22 03:09:26',NULL,NULL),(271,89,152,'App\\User',91,264,0,0,0,'2020-10-22 03:09:26',NULL,NULL),(272,89,153,'App\\User',91,267,0,0,0,'2020-10-22 03:09:26',NULL,NULL),(273,89,154,'App\\User',91,270,0,0,0,'2020-10-22 03:09:26',NULL,NULL),(274,89,155,'App\\User',91,273,0,0,0,'2020-10-22 03:09:26',NULL,NULL),(275,89,156,'App\\User',91,276,0,0,0,'2020-10-22 03:09:26',NULL,NULL),(276,89,157,'App\\User',91,279,1,0,0,'2020-10-22 03:09:26','2020-10-22 07:27:01',NULL),(277,90,44,'App\\User',124,278,1,1,0,'2020-10-22 03:16:15','2020-10-22 03:27:42','2020-10-22 03:27:42'),(278,90,157,'App\\User',124,277,1,0,0,'2020-10-22 03:16:15','2020-10-22 07:19:11',NULL),(279,91,44,'App\\User',124,278,1,1,0,'2020-10-22 03:17:51','2020-10-22 03:27:42','2020-10-22 03:27:42'),(280,91,157,'App\\User',124,277,1,0,0,'2020-10-22 03:17:51','2020-10-22 07:19:11',NULL),(281,92,44,'App\\User',123,275,1,1,0,'2020-10-22 03:40:33','2020-10-22 04:17:26','2020-10-22 04:17:26'),(282,92,156,'App\\User',123,274,0,0,0,'2020-10-22 03:40:33',NULL,NULL),(283,93,44,'App\\User',123,275,1,1,0,'2020-10-22 03:58:09','2020-10-22 04:17:26','2020-10-22 04:17:26'),(284,93,156,'App\\User',123,274,0,0,0,'2020-10-22 03:58:09',NULL,NULL),(285,94,44,'App\\User',123,275,1,1,0,'2020-10-22 04:25:34','2020-10-22 04:26:16','2020-10-22 04:26:16'),(286,94,156,'App\\User',123,274,0,0,0,'2020-10-22 04:25:34',NULL,NULL),(287,95,44,'App\\User',123,275,1,1,0,'2020-10-22 04:25:41','2020-10-22 04:26:16','2020-10-22 04:26:16'),(288,95,156,'App\\User',123,274,0,0,0,'2020-10-22 04:25:41',NULL,NULL),(289,96,44,'App\\User',91,183,1,0,0,'2020-10-22 04:45:03','2020-10-22 07:48:07',NULL),(290,96,66,'App\\User',91,193,0,0,0,'2020-10-22 04:45:03',NULL,NULL),(291,96,128,'App\\User',91,184,0,0,0,'2020-10-22 04:45:03',NULL,NULL),(292,96,135,'App\\User',91,215,0,0,0,'2020-10-22 04:45:03',NULL,NULL),(293,96,136,'App\\User',91,218,0,0,0,'2020-10-22 04:45:03',NULL,NULL),(294,96,137,'App\\User',91,221,0,0,0,'2020-10-22 04:45:03',NULL,NULL),(295,96,138,'App\\User',91,224,0,0,0,'2020-10-22 04:45:03',NULL,NULL),(296,96,139,'App\\User',91,227,0,0,0,'2020-10-22 04:45:03',NULL,NULL),(297,96,140,'App\\User',91,230,0,0,0,'2020-10-22 04:45:03',NULL,NULL),(298,96,144,'App\\User',91,239,0,0,0,'2020-10-22 04:45:03',NULL,NULL),(299,96,146,'App\\User',91,246,0,0,0,'2020-10-22 04:45:03',NULL,NULL),(300,96,147,'App\\User',91,249,0,0,0,'2020-10-22 04:45:03',NULL,NULL),(301,96,148,'App\\User',91,252,0,0,0,'2020-10-22 04:45:03',NULL,NULL),(302,96,149,'App\\User',91,255,0,0,0,'2020-10-22 04:45:03',NULL,NULL),(303,96,150,'App\\User',91,258,0,0,0,'2020-10-22 04:45:03',NULL,NULL),(304,96,151,'App\\User',91,261,0,0,0,'2020-10-22 04:45:03',NULL,NULL),(305,96,152,'App\\User',91,264,0,0,0,'2020-10-22 04:45:03',NULL,NULL),(306,96,153,'App\\User',91,267,0,0,0,'2020-10-22 04:45:03',NULL,NULL),(307,96,154,'App\\User',91,270,0,0,0,'2020-10-22 04:45:03',NULL,NULL),(308,96,155,'App\\User',91,273,0,0,0,'2020-10-22 04:45:03',NULL,NULL),(309,96,156,'App\\User',91,276,0,0,0,'2020-10-22 04:45:03',NULL,NULL),(310,96,157,'App\\User',91,279,1,1,0,'2020-10-22 04:45:03','2020-10-22 07:27:01',NULL),(311,97,44,'App\\User',121,269,1,1,0,'2020-10-22 04:46:23','2020-10-22 04:47:35','2020-10-22 04:47:35'),(312,97,154,'App\\User',121,268,0,0,0,'2020-10-22 04:46:23',NULL,NULL),(313,98,44,'App\\User',121,269,1,1,0,'2020-10-22 04:46:55','2020-10-22 04:47:35','2020-10-22 04:47:35'),(314,98,154,'App\\User',121,268,0,0,0,'2020-10-22 04:46:55',NULL,NULL),(315,99,44,'App\\User',121,269,1,1,0,'2020-10-22 05:00:03',NULL,NULL),(316,99,154,'App\\User',121,268,0,0,0,'2020-10-22 05:00:03',NULL,NULL),(317,100,44,'App\\User',91,183,1,1,0,'2020-10-22 05:38:12','2020-10-22 07:48:07',NULL),(318,100,66,'App\\User',91,193,0,0,0,'2020-10-22 05:38:12',NULL,NULL),(319,100,128,'App\\User',91,184,0,0,0,'2020-10-22 05:38:12',NULL,NULL),(320,100,135,'App\\User',91,215,0,0,0,'2020-10-22 05:38:12',NULL,NULL),(321,100,136,'App\\User',91,218,0,0,0,'2020-10-22 05:38:12',NULL,NULL),(322,100,137,'App\\User',91,221,0,0,0,'2020-10-22 05:38:12',NULL,NULL),(323,100,138,'App\\User',91,224,0,0,0,'2020-10-22 05:38:12',NULL,NULL),(324,100,139,'App\\User',91,227,0,0,0,'2020-10-22 05:38:12',NULL,NULL),(325,100,140,'App\\User',91,230,0,0,0,'2020-10-22 05:38:12',NULL,NULL),(326,100,144,'App\\User',91,239,0,0,0,'2020-10-22 05:38:12',NULL,NULL),(327,100,146,'App\\User',91,246,0,0,0,'2020-10-22 05:38:12',NULL,NULL),(328,100,147,'App\\User',91,249,0,0,0,'2020-10-22 05:38:12',NULL,NULL),(329,100,148,'App\\User',91,252,0,0,0,'2020-10-22 05:38:12',NULL,NULL),(330,100,149,'App\\User',91,255,0,0,0,'2020-10-22 05:38:12',NULL,NULL),(331,100,150,'App\\User',91,258,0,0,0,'2020-10-22 05:38:12',NULL,NULL),(332,100,151,'App\\User',91,261,0,0,0,'2020-10-22 05:38:12',NULL,NULL),(333,100,152,'App\\User',91,264,0,0,0,'2020-10-22 05:38:12',NULL,NULL),(334,100,153,'App\\User',91,267,0,0,0,'2020-10-22 05:38:12',NULL,NULL),(335,100,154,'App\\User',91,270,0,0,0,'2020-10-22 05:38:12',NULL,NULL),(336,100,155,'App\\User',91,273,0,0,0,'2020-10-22 05:38:12',NULL,NULL),(337,100,156,'App\\User',91,276,0,0,0,'2020-10-22 05:38:12',NULL,NULL),(338,100,157,'App\\User',91,279,1,0,0,'2020-10-22 05:38:12','2020-10-22 07:27:01',NULL),(339,101,44,'App\\User',91,183,1,1,0,'2020-10-22 06:11:09','2020-10-22 07:48:07',NULL),(340,101,66,'App\\User',91,193,0,0,0,'2020-10-22 06:11:09',NULL,NULL),(341,101,128,'App\\User',91,184,0,0,0,'2020-10-22 06:11:09',NULL,NULL),(342,101,135,'App\\User',91,215,0,0,0,'2020-10-22 06:11:09',NULL,NULL),(343,101,136,'App\\User',91,218,0,0,0,'2020-10-22 06:11:09',NULL,NULL),(344,101,137,'App\\User',91,221,0,0,0,'2020-10-22 06:11:09',NULL,NULL),(345,101,138,'App\\User',91,224,0,0,0,'2020-10-22 06:11:09',NULL,NULL),(346,101,139,'App\\User',91,227,0,0,0,'2020-10-22 06:11:09',NULL,NULL),(347,101,140,'App\\User',91,230,0,0,0,'2020-10-22 06:11:09',NULL,NULL),(348,101,144,'App\\User',91,239,0,0,0,'2020-10-22 06:11:09',NULL,NULL),(349,101,146,'App\\User',91,246,0,0,0,'2020-10-22 06:11:09',NULL,NULL),(350,101,147,'App\\User',91,249,0,0,0,'2020-10-22 06:11:09',NULL,NULL),(351,101,148,'App\\User',91,252,0,0,0,'2020-10-22 06:11:09',NULL,NULL),(352,101,149,'App\\User',91,255,0,0,0,'2020-10-22 06:11:09',NULL,NULL),(353,101,150,'App\\User',91,258,0,0,0,'2020-10-22 06:11:09',NULL,NULL),(354,101,151,'App\\User',91,261,0,0,0,'2020-10-22 06:11:09',NULL,NULL),(355,101,152,'App\\User',91,264,0,0,0,'2020-10-22 06:11:09',NULL,NULL),(356,101,153,'App\\User',91,267,0,0,0,'2020-10-22 06:11:09',NULL,NULL),(357,101,154,'App\\User',91,270,0,0,0,'2020-10-22 06:11:09',NULL,NULL),(358,101,155,'App\\User',91,273,0,0,0,'2020-10-22 06:11:09',NULL,NULL),(359,101,156,'App\\User',91,276,0,0,0,'2020-10-22 06:11:09',NULL,NULL),(360,101,157,'App\\User',91,279,1,0,0,'2020-10-22 06:11:09','2020-10-22 07:27:01',NULL),(361,102,44,'App\\User',91,183,1,0,0,'2020-10-22 06:37:42','2020-10-22 07:48:07',NULL),(362,102,66,'App\\User',91,193,0,0,0,'2020-10-22 06:37:42',NULL,NULL),(363,102,128,'App\\User',91,184,0,0,0,'2020-10-22 06:37:42',NULL,NULL),(364,102,135,'App\\User',91,215,0,0,0,'2020-10-22 06:37:42',NULL,NULL),(365,102,136,'App\\User',91,218,0,0,0,'2020-10-22 06:37:42',NULL,NULL),(366,102,137,'App\\User',91,221,0,0,0,'2020-10-22 06:37:42',NULL,NULL),(367,102,138,'App\\User',91,224,0,0,0,'2020-10-22 06:37:42',NULL,NULL),(368,102,139,'App\\User',91,227,0,0,0,'2020-10-22 06:37:42',NULL,NULL),(369,102,140,'App\\User',91,230,0,0,0,'2020-10-22 06:37:42',NULL,NULL),(370,102,144,'App\\User',91,239,0,0,0,'2020-10-22 06:37:42',NULL,NULL),(371,102,146,'App\\User',91,246,0,0,0,'2020-10-22 06:37:42',NULL,NULL),(372,102,147,'App\\User',91,249,0,0,0,'2020-10-22 06:37:42',NULL,NULL),(373,102,148,'App\\User',91,252,0,0,0,'2020-10-22 06:37:42',NULL,NULL),(374,102,149,'App\\User',91,255,0,0,0,'2020-10-22 06:37:42',NULL,NULL),(375,102,150,'App\\User',91,258,0,0,0,'2020-10-22 06:37:42',NULL,NULL),(376,102,151,'App\\User',91,261,0,0,0,'2020-10-22 06:37:42',NULL,NULL),(377,102,152,'App\\User',91,264,0,0,0,'2020-10-22 06:37:42',NULL,NULL),(378,102,153,'App\\User',91,267,0,0,0,'2020-10-22 06:37:42',NULL,NULL),(379,102,154,'App\\User',91,270,0,0,0,'2020-10-22 06:37:42',NULL,NULL),(380,102,155,'App\\User',91,273,0,0,0,'2020-10-22 06:37:42',NULL,NULL),(381,102,156,'App\\User',91,276,0,0,0,'2020-10-22 06:37:42',NULL,NULL),(382,102,157,'App\\User',91,279,1,1,0,'2020-10-22 06:37:42','2020-10-22 07:27:01',NULL),(383,103,44,'App\\User',91,183,1,0,0,'2020-10-22 07:05:31','2020-10-22 07:48:07',NULL),(384,103,66,'App\\User',91,193,0,0,0,'2020-10-22 07:05:31',NULL,NULL),(385,103,128,'App\\User',91,184,0,0,0,'2020-10-22 07:05:31',NULL,NULL),(386,103,135,'App\\User',91,215,0,0,0,'2020-10-22 07:05:31',NULL,NULL),(387,103,136,'App\\User',91,218,0,0,0,'2020-10-22 07:05:31',NULL,NULL),(388,103,137,'App\\User',91,221,0,0,0,'2020-10-22 07:05:31',NULL,NULL),(389,103,138,'App\\User',91,224,0,0,0,'2020-10-22 07:05:31',NULL,NULL),(390,103,139,'App\\User',91,227,0,0,0,'2020-10-22 07:05:31',NULL,NULL),(391,103,140,'App\\User',91,230,0,0,0,'2020-10-22 07:05:31',NULL,NULL),(392,103,144,'App\\User',91,239,0,0,0,'2020-10-22 07:05:31',NULL,NULL),(393,103,146,'App\\User',91,246,0,0,0,'2020-10-22 07:05:31',NULL,NULL),(394,103,147,'App\\User',91,249,0,0,0,'2020-10-22 07:05:31',NULL,NULL),(395,103,148,'App\\User',91,252,0,0,0,'2020-10-22 07:05:31',NULL,NULL),(396,103,149,'App\\User',91,255,0,0,0,'2020-10-22 07:05:31',NULL,NULL),(397,103,150,'App\\User',91,258,0,0,0,'2020-10-22 07:05:31',NULL,NULL),(398,103,151,'App\\User',91,261,0,0,0,'2020-10-22 07:05:31',NULL,NULL),(399,103,152,'App\\User',91,264,0,0,0,'2020-10-22 07:05:31',NULL,NULL),(400,103,153,'App\\User',91,267,0,0,0,'2020-10-22 07:05:31',NULL,NULL),(401,103,154,'App\\User',91,270,0,0,0,'2020-10-22 07:05:31',NULL,NULL),(402,103,155,'App\\User',91,273,0,0,0,'2020-10-22 07:05:31',NULL,NULL),(403,103,156,'App\\User',91,276,0,0,0,'2020-10-22 07:05:31',NULL,NULL),(404,103,157,'App\\User',91,279,1,1,0,'2020-10-22 07:05:31','2020-10-22 07:27:01',NULL),(405,104,44,'App\\User',91,183,1,0,0,'2020-10-22 07:06:19','2020-10-22 07:48:07',NULL),(406,104,66,'App\\User',91,193,0,0,0,'2020-10-22 07:06:19',NULL,NULL),(407,104,128,'App\\User',91,184,0,0,0,'2020-10-22 07:06:19',NULL,NULL),(408,104,135,'App\\User',91,215,0,0,0,'2020-10-22 07:06:19',NULL,NULL),(409,104,136,'App\\User',91,218,0,0,0,'2020-10-22 07:06:19',NULL,NULL),(410,104,137,'App\\User',91,221,0,0,0,'2020-10-22 07:06:19',NULL,NULL),(411,104,138,'App\\User',91,224,0,0,0,'2020-10-22 07:06:19',NULL,NULL),(412,104,139,'App\\User',91,227,0,0,0,'2020-10-22 07:06:19',NULL,NULL),(413,104,140,'App\\User',91,230,0,0,0,'2020-10-22 07:06:19',NULL,NULL),(414,104,144,'App\\User',91,239,0,0,0,'2020-10-22 07:06:19',NULL,NULL),(415,104,146,'App\\User',91,246,0,0,0,'2020-10-22 07:06:19',NULL,NULL),(416,104,147,'App\\User',91,249,0,0,0,'2020-10-22 07:06:19',NULL,NULL),(417,104,148,'App\\User',91,252,0,0,0,'2020-10-22 07:06:19',NULL,NULL),(418,104,149,'App\\User',91,255,0,0,0,'2020-10-22 07:06:19',NULL,NULL),(419,104,150,'App\\User',91,258,0,0,0,'2020-10-22 07:06:19',NULL,NULL),(420,104,151,'App\\User',91,261,0,0,0,'2020-10-22 07:06:19',NULL,NULL),(421,104,152,'App\\User',91,264,0,0,0,'2020-10-22 07:06:19',NULL,NULL),(422,104,153,'App\\User',91,267,0,0,0,'2020-10-22 07:06:19',NULL,NULL),(423,104,154,'App\\User',91,270,0,0,0,'2020-10-22 07:06:19',NULL,NULL),(424,104,155,'App\\User',91,273,0,0,0,'2020-10-22 07:06:19',NULL,NULL),(425,104,156,'App\\User',91,276,0,0,0,'2020-10-22 07:06:19',NULL,NULL),(426,104,157,'App\\User',91,279,1,1,0,'2020-10-22 07:06:19','2020-10-22 07:27:01',NULL),(427,105,44,'App\\User',91,183,1,0,0,'2020-10-22 07:27:03','2020-10-22 07:48:07',NULL),(428,105,66,'App\\User',91,193,0,0,0,'2020-10-22 07:27:03',NULL,NULL),(429,105,128,'App\\User',91,184,0,0,0,'2020-10-22 07:27:03',NULL,NULL),(430,105,135,'App\\User',91,215,0,0,0,'2020-10-22 07:27:03',NULL,NULL),(431,105,136,'App\\User',91,218,0,0,0,'2020-10-22 07:27:03',NULL,NULL),(432,105,137,'App\\User',91,221,0,0,0,'2020-10-22 07:27:03',NULL,NULL),(433,105,138,'App\\User',91,224,0,0,0,'2020-10-22 07:27:03',NULL,NULL),(434,105,139,'App\\User',91,227,0,0,0,'2020-10-22 07:27:03',NULL,NULL),(435,105,140,'App\\User',91,230,0,0,0,'2020-10-22 07:27:03',NULL,NULL),(436,105,144,'App\\User',91,239,0,0,0,'2020-10-22 07:27:03',NULL,NULL),(437,105,146,'App\\User',91,246,0,0,0,'2020-10-22 07:27:03',NULL,NULL),(438,105,147,'App\\User',91,249,0,0,0,'2020-10-22 07:27:03',NULL,NULL),(439,105,148,'App\\User',91,252,0,0,0,'2020-10-22 07:27:03',NULL,NULL),(440,105,149,'App\\User',91,255,0,0,0,'2020-10-22 07:27:03',NULL,NULL),(441,105,150,'App\\User',91,258,0,0,0,'2020-10-22 07:27:03',NULL,NULL),(442,105,151,'App\\User',91,261,0,0,0,'2020-10-22 07:27:03',NULL,NULL),(443,105,152,'App\\User',91,264,0,0,0,'2020-10-22 07:27:03',NULL,NULL),(444,105,153,'App\\User',91,267,0,0,0,'2020-10-22 07:27:03',NULL,NULL),(445,105,154,'App\\User',91,270,0,0,0,'2020-10-22 07:27:03',NULL,NULL),(446,105,155,'App\\User',91,273,0,0,0,'2020-10-22 07:27:03',NULL,NULL),(447,105,156,'App\\User',91,276,0,0,0,'2020-10-22 07:27:03',NULL,NULL),(448,105,157,'App\\User',91,279,1,1,0,'2020-10-22 07:27:03',NULL,NULL),(449,106,44,'App\\User',29,58,0,0,0,'2020-11-16 07:56:08',NULL,NULL),(450,106,84,'App\\User',29,57,1,1,0,'2020-11-16 07:56:08','2020-11-16 07:56:20','2020-11-16 07:56:20'),(451,107,44,'App\\User',29,58,0,0,0,'2020-11-17 11:02:03',NULL,NULL),(452,107,84,'App\\User',29,57,1,1,0,'2020-11-17 11:02:03','2021-01-14 21:40:03',NULL),(453,108,44,'App\\User',29,58,0,0,0,'2020-11-17 11:02:15',NULL,NULL),(454,108,84,'App\\User',29,57,1,1,0,'2020-11-17 11:02:15','2021-01-14 21:40:03',NULL),(455,109,44,'App\\User',29,58,0,0,0,'2020-11-17 11:02:17',NULL,NULL),(456,109,84,'App\\User',29,57,1,1,0,'2020-11-17 11:02:17','2021-01-14 21:40:03',NULL),(457,110,44,'App\\User',29,58,0,0,0,'2020-11-17 11:02:18',NULL,NULL),(458,110,84,'App\\User',29,57,1,1,0,'2020-11-17 11:02:18','2021-01-14 21:40:03',NULL),(459,111,44,'App\\User',29,58,0,0,0,'2020-11-17 11:04:39',NULL,NULL),(460,111,84,'App\\User',29,57,1,1,0,'2020-11-17 11:04:39','2021-01-14 21:40:03',NULL),(461,112,44,'App\\User',29,58,0,0,0,'2020-11-20 07:05:14',NULL,NULL),(462,112,84,'App\\User',29,57,1,1,0,'2020-11-20 07:05:14','2021-01-14 21:40:03',NULL),(463,113,44,'App\\User',29,58,0,0,0,'2020-11-20 07:06:17',NULL,NULL),(464,113,84,'App\\User',29,57,1,1,0,'2020-11-20 07:06:17','2021-01-14 21:40:03',NULL),(465,114,44,'App\\User',30,60,0,0,0,'2020-11-24 13:00:45',NULL,NULL),(466,114,83,'App\\User',30,59,1,1,0,'2020-11-24 13:00:45','2020-11-24 16:39:19',NULL),(467,115,44,'App\\User',30,60,0,0,0,'2020-11-24 16:00:50',NULL,NULL),(468,115,83,'App\\User',30,59,1,1,0,'2020-11-24 16:00:50','2020-11-24 16:39:19',NULL),(469,116,44,'App\\User',30,60,0,0,0,'2020-11-24 16:01:14',NULL,NULL),(470,116,83,'App\\User',30,59,1,1,0,'2020-11-24 16:01:14','2020-11-24 16:39:19',NULL),(471,117,44,'App\\User',30,60,0,0,0,'2020-11-24 16:01:57',NULL,NULL),(472,117,83,'App\\User',30,59,1,1,0,'2020-11-24 16:01:57','2020-11-24 16:39:19',NULL),(473,118,44,'App\\User',30,60,0,0,0,'2020-11-24 16:02:44',NULL,NULL),(474,118,83,'App\\User',30,59,1,1,0,'2020-11-24 16:02:44','2020-11-24 16:39:19',NULL),(475,119,44,'App\\User',30,60,0,0,0,'2020-11-24 16:03:15',NULL,NULL),(476,119,83,'App\\User',30,59,1,1,0,'2020-11-24 16:03:15','2020-11-24 16:39:19',NULL),(477,120,44,'App\\User',30,60,0,0,0,'2020-11-24 16:12:48',NULL,NULL),(478,120,83,'App\\User',30,59,1,1,0,'2020-11-24 16:12:48','2020-11-24 16:39:19',NULL),(479,121,44,'App\\User',30,60,0,0,0,'2020-11-24 16:15:51',NULL,NULL),(480,121,83,'App\\User',30,59,1,1,0,'2020-11-24 16:15:51','2020-11-24 16:39:19',NULL),(481,122,44,'App\\User',29,58,0,0,0,'2020-11-24 16:20:15',NULL,NULL),(482,122,84,'App\\User',29,57,1,1,0,'2020-11-24 16:20:15','2021-01-14 21:40:03',NULL),(483,123,44,'App\\User',30,60,0,0,0,'2020-11-24 16:23:28',NULL,NULL),(484,123,83,'App\\User',30,59,1,1,0,'2020-11-24 16:23:28','2020-11-24 16:39:19',NULL),(485,124,44,'App\\User',30,60,0,0,0,'2020-11-24 16:23:55',NULL,NULL),(486,124,83,'App\\User',30,59,1,1,0,'2020-11-24 16:23:55','2020-11-24 16:39:19',NULL),(487,125,44,'App\\User',29,58,0,0,0,'2020-11-24 16:26:07',NULL,NULL),(488,125,84,'App\\User',29,57,1,1,0,'2020-11-24 16:26:07','2021-01-14 21:40:03',NULL),(489,126,44,'App\\User',29,58,0,0,0,'2020-11-24 16:26:12',NULL,NULL),(490,126,84,'App\\User',29,57,1,1,0,'2020-11-24 16:26:12','2021-01-14 21:40:03',NULL),(491,127,44,'App\\User',29,58,0,0,0,'2020-11-24 16:26:14',NULL,NULL),(492,127,84,'App\\User',29,57,1,1,0,'2020-11-24 16:26:14','2021-01-14 21:40:03',NULL),(493,128,44,'App\\User',30,60,0,0,0,'2020-11-24 16:35:29',NULL,NULL),(494,128,83,'App\\User',30,59,1,1,0,'2020-11-24 16:35:29','2020-11-24 16:39:19',NULL),(495,129,44,'App\\User',30,60,0,0,0,'2020-11-24 16:36:37',NULL,NULL),(496,129,83,'App\\User',30,59,1,1,0,'2020-11-24 16:36:37','2020-11-24 16:39:19',NULL),(497,130,44,'App\\User',30,60,0,0,0,'2020-11-24 16:38:58',NULL,NULL),(498,130,83,'App\\User',30,59,1,1,0,'2020-11-24 16:38:58','2020-11-24 16:39:19',NULL),(499,131,44,'App\\User',30,60,0,0,0,'2020-11-24 16:39:33',NULL,NULL),(500,131,83,'App\\User',30,59,1,1,0,'2020-11-24 16:39:33',NULL,NULL),(501,132,158,'App\\User',125,280,1,1,0,'2021-01-12 12:50:21',NULL,NULL),(502,133,44,'App\\User',129,288,1,0,0,'2021-01-12 13:24:04','2021-01-12 13:26:33',NULL),(503,133,160,'App\\User',129,289,1,1,0,'2021-01-12 13:24:04','2021-01-20 12:16:26',NULL),(504,134,44,'App\\User',129,288,1,1,0,'2021-01-12 13:26:32','2021-01-12 13:26:33',NULL),(505,134,160,'App\\User',129,289,1,0,0,'2021-01-12 13:26:32','2021-01-20 12:16:26',NULL),(506,135,44,'App\\User',130,291,1,0,0,'2021-01-12 14:05:58','2021-01-12 18:06:40',NULL),(507,135,161,'App\\User',130,290,1,1,0,'2021-01-12 14:05:58',NULL,NULL),(508,136,44,'App\\User',130,291,1,1,0,'2021-01-12 18:06:40',NULL,NULL),(509,136,161,'App\\User',130,290,0,0,0,'2021-01-12 18:06:40',NULL,NULL),(510,137,44,'App\\User',29,58,0,0,0,'2021-01-14 17:09:57',NULL,NULL),(511,137,84,'App\\User',29,57,1,1,0,'2021-01-14 17:09:57','2021-01-14 21:40:03',NULL),(512,138,44,'App\\User',29,58,0,0,0,'2021-01-14 17:10:03',NULL,NULL),(513,138,84,'App\\User',29,57,1,1,0,'2021-01-14 17:10:03','2021-01-14 21:40:03',NULL),(514,139,44,'App\\User',29,58,0,0,0,'2021-01-14 17:59:45',NULL,NULL),(515,139,84,'App\\User',29,57,1,1,0,'2021-01-14 17:59:45','2021-01-14 21:40:03',NULL),(516,140,44,'App\\User',29,58,0,0,0,'2021-01-14 21:40:04',NULL,NULL),(517,140,84,'App\\User',29,57,1,1,0,'2021-01-14 21:40:04',NULL,NULL),(518,141,44,'App\\User',129,288,0,0,0,'2021-01-20 12:13:32',NULL,NULL),(519,141,160,'App\\User',129,289,1,1,0,'2021-01-20 12:13:32','2021-01-20 12:16:26',NULL),(520,141,161,'App\\User',129,292,0,0,0,'2021-01-20 12:13:32',NULL,NULL),(521,141,162,'App\\User',129,295,0,0,0,'2021-01-20 12:13:32',NULL,NULL),(522,141,163,'App\\User',129,298,0,0,0,'2021-01-20 12:13:32',NULL,NULL),(523,141,164,'App\\User',129,301,0,0,0,'2021-01-20 12:13:32',NULL,NULL),(524,141,165,'App\\User',129,304,0,0,0,'2021-01-20 12:13:32',NULL,NULL),(525,142,44,'App\\User',129,288,0,0,0,'2021-01-20 12:15:28',NULL,NULL),(526,142,160,'App\\User',129,289,1,0,0,'2021-01-20 12:15:28','2021-01-20 12:16:26',NULL),(527,142,161,'App\\User',129,292,0,0,0,'2021-01-20 12:15:28',NULL,NULL),(528,142,162,'App\\User',129,295,0,0,0,'2021-01-20 12:15:28',NULL,NULL),(529,142,163,'App\\User',129,298,0,0,0,'2021-01-20 12:15:28',NULL,NULL),(530,142,164,'App\\User',129,301,0,0,0,'2021-01-20 12:15:28',NULL,NULL),(531,142,165,'App\\User',129,304,0,0,0,'2021-01-20 12:15:28',NULL,NULL),(532,142,166,'App\\User',129,307,1,1,0,'2021-01-20 12:15:28','2021-01-20 12:15:30',NULL);
/*!40000 ALTER TABLE `chat_message_notifications` ENABLE KEYS */;
UNLOCK TABLES;

--
-- Table structure for table `chat_messages`
--

DROP TABLE IF EXISTS `chat_messages`;
/*!40101 SET @saved_cs_client     = @@character_set_client */;
/*!50503 SET character_set_client = utf8mb4 */;
CREATE TABLE `chat_messages` (
  `id` bigint unsigned NOT NULL AUTO_INCREMENT,
  `body` text CHARACTER SET utf8mb4 COLLATE utf8mb4_unicode_ci NOT NULL,
  `conversation_id` bigint unsigned NOT NULL,
  `participation_id` bigint unsigned DEFAULT NULL,
  `type` varchar(255) CHARACTER SET utf8mb4 COLLATE utf8mb4_unicode_ci NOT NULL DEFAULT 'text',
  `created_at` timestamp NULL DEFAULT NULL,
  `updated_at` timestamp NULL DEFAULT NULL,
  PRIMARY KEY (`id`),
  KEY `chat_messages_participation_id_foreign` (`participation_id`),
  KEY `chat_messages_conversation_id_foreign` (`conversation_id`),
  CONSTRAINT `chat_messages_conversation_id_foreign` FOREIGN KEY (`conversation_id`) REFERENCES `chat_conversations` (`id`) ON DELETE CASCADE,
  CONSTRAINT `chat_messages_participation_id_foreign` FOREIGN KEY (`participation_id`) REFERENCES `chat_participation` (`id`) ON DELETE SET NULL
) ENGINE=InnoDB AUTO_INCREMENT=143 DEFAULT CHARSET=utf8mb4 COLLATE=utf8mb4_unicode_ci;
/*!40101 SET character_set_client = @saved_cs_client */;

--
-- Dumping data for table `chat_messages`
--

LOCK TABLES `chat_messages` WRITE;
/*!40000 ALTER TABLE `chat_messages` DISABLE KEYS */;
INSERT INTO `chat_messages` VALUES (1,'asdsa',1,2,'text','2020-08-25 23:41:18','2020-08-25 23:41:18'),(2,'zxcfvgbn',1,2,'text','2020-08-25 23:43:32','2020-08-25 23:43:32'),(3,'zhansaya',1,2,'text','2020-08-26 00:02:23','2020-08-26 00:02:23'),(4,'Hey',5,9,'text','2020-09-02 10:15:02','2020-09-02 10:15:02'),(5,'The new update has been crashing every time I try and get it to the',5,9,'text','2020-09-02 12:02:48','2020-09-02 12:02:48'),(6,'dwq',5,9,'text','2020-09-03 05:47:48','2020-09-03 05:47:48'),(7,'ewdew',5,9,'text','2020-09-03 05:56:09','2020-09-03 05:56:09'),(8,'Привет',5,9,'text','2020-09-03 06:00:24','2020-09-03 06:00:24'),(9,'Привет',5,9,'text','2020-09-03 06:00:29','2020-09-03 06:00:29'),(10,'Я не знаю',5,9,'text','2020-09-03 06:00:57','2020-09-03 06:00:57'),(11,'fwfwe',5,9,'text','2020-09-03 06:48:19','2020-09-03 06:48:19'),(12,'Хорошо',5,10,'text','2020-09-03 12:12:13','2020-09-03 12:12:13'),(13,'Медиа файлы: ',5,9,'media','2020-09-09 22:39:13','2020-09-09 22:39:13'),(14,'Медиа файлы: ',5,9,'media','2020-09-09 22:39:18','2020-09-09 22:39:18'),(15,'htrh',18,36,'text','2020-09-10 05:50:11','2020-09-10 05:50:11'),(16,'Привет',19,37,'text','2020-09-11 01:48:02','2020-09-11 01:48:02'),(17,'акк',18,35,'text','2020-09-11 01:48:34','2020-09-11 01:48:34'),(18,'vre',25,49,'text','2020-09-11 04:33:34','2020-09-11 04:33:34'),(19,'😜 😜 😜',25,49,'text','2020-09-11 05:09:53','2020-09-11 05:09:53'),(24,'Медиа файлы: ',25,49,'media','2020-09-11 05:49:43','2020-09-11 05:49:43'),(25,'asdas',25,50,'text','2020-09-11 05:53:51','2020-09-11 05:53:51'),(26,'q12311\\',25,49,'text','2020-09-11 05:53:58','2020-09-11 05:53:58'),(27,'123',25,50,'text','2020-09-11 05:54:31','2020-09-11 05:54:31'),(28,'asd',25,50,'text','2020-09-11 06:27:32','2020-09-11 06:27:32'),(29,'121',25,49,'text','2020-09-11 06:27:44','2020-09-11 06:27:44'),(41,'asdads',25,50,'text','2020-09-11 06:43:36','2020-09-11 06:43:36'),(42,'Медиа файлы: ',25,50,'media','2020-09-11 06:44:17','2020-09-11 06:44:17'),(43,'asd',25,50,'text','2020-09-11 06:44:20','2020-09-11 06:44:20'),(44,'123',25,49,'text','2020-09-11 06:45:46','2020-09-11 06:45:46'),(45,'asd\\',25,50,'text','2020-09-11 06:51:59','2020-09-11 06:51:59'),(46,'asd',25,49,'text','2020-09-11 06:54:36','2020-09-11 06:54:36'),(47,'efwe',25,49,'text','2020-09-11 06:57:44','2020-09-11 06:57:44'),(48,'ewf',25,49,'text','2020-09-11 06:58:09','2020-09-11 06:58:09'),(49,'fwefew',26,51,'text','2020-09-11 08:05:09','2020-09-11 08:05:09'),(50,'Hey',25,50,'text','2020-09-12 14:43:15','2020-09-12 14:43:15'),(51,'привет',30,59,'text','2020-09-17 12:46:27','2020-09-17 12:46:27'),(52,'цвцуауц',29,57,'text','2020-09-20 13:10:24','2020-09-20 13:10:24'),(53,'Медиа файлы: ',29,57,'media','2020-09-20 13:12:02','2020-09-20 13:12:02'),(54,'Медиа файлы: ',29,57,'media','2020-09-20 13:16:01','2020-09-20 13:16:01'),(55,'Медиа файлы: ',29,57,'media','2020-09-20 13:16:38','2020-09-20 13:16:38'),(56,'Медиа файлы: ',29,58,'media','2020-09-20 13:24:47','2020-09-20 13:24:47'),(57,'fewf',29,58,'text','2020-09-20 13:40:38','2020-09-20 13:40:38'),(58,'gter',29,57,'text','2020-09-22 11:13:47','2020-09-22 11:13:47'),(59,'The new version of this is a',29,57,'text','2020-09-22 11:14:34','2020-09-22 11:14:34'),(60,'Медиа файлы: ',29,57,'media','2020-09-27 23:45:21','2020-09-27 23:45:21'),(61,'dew',29,57,'text','2020-10-12 09:14:11','2020-10-12 09:14:11'),(62,'ewdw',29,57,'text','2020-10-12 10:59:54','2020-10-12 10:59:54'),(63,'wedwe',29,57,'text','2020-10-12 11:03:04','2020-10-12 11:03:04'),(64,'ewdw',29,57,'text','2020-10-12 11:03:11','2020-10-12 11:03:11'),(65,'ewefew',29,57,'text','2020-10-12 11:03:12','2020-10-12 11:03:12'),(66,'fewfew',29,57,'text','2020-10-12 11:03:14','2020-10-12 11:03:14'),(67,'Медиа файлы: wdqw',29,57,'media','2020-10-12 11:30:18','2020-10-12 11:30:18'),(68,'dwqdqwdq',29,57,'text','2020-10-12 11:30:23','2020-10-12 11:30:23'),(69,'sdfvsd',29,57,'text','2020-10-12 12:18:06','2020-10-12 12:18:06'),(70,'grg',29,57,'text','2020-10-12 12:29:30','2020-10-12 12:29:30'),(71,'edewdwed',29,57,'text','2020-10-12 13:05:05','2020-10-12 13:05:05'),(72,'Медиа файлы: ',29,57,'media','2020-10-12 13:26:24','2020-10-12 13:26:24'),(73,'rfer',29,57,'text','2020-10-12 13:33:48','2020-10-12 13:33:48'),(74,'dwdew',29,58,'text','2020-10-12 14:17:52','2020-10-12 14:17:52'),(75,'e3e3ed3f34',29,58,'text','2020-10-12 14:20:40','2020-10-12 14:20:40'),(76,'Медиа файлы: ',29,58,'media','2020-10-12 14:22:15','2020-10-12 14:22:15'),(77,'dwed',29,57,'text','2020-10-12 23:41:07','2020-10-12 23:41:07'),(78,'Медиа файлы: ewdwed',29,57,'media','2020-10-12 23:41:59','2020-10-12 23:41:59'),(79,'htr',57,NULL,'text','2020-10-13 01:22:48','2020-10-13 01:22:48'),(81,'dedwe',91,218,'text','2020-10-13 13:22:30','2020-10-13 13:22:30'),(82,'dsfef',91,183,'text','2020-10-13 13:23:11','2020-10-13 13:23:11'),(83,'jlkj',91,221,'text','2020-10-13 13:24:15','2020-10-13 13:24:15'),(84,'3e3',91,224,'text','2020-10-13 22:07:35','2020-10-13 22:07:35'),(85,'ewfw',91,273,'text','2020-10-14 00:26:39','2020-10-14 00:26:39'),(86,'edew',91,279,'text','2020-10-21 05:10:33','2020-10-21 05:10:33'),(87,'hjj',91,279,'text','2020-10-21 05:12:54','2020-10-21 05:12:54'),(88,'dededededededededededed',124,278,'text','2020-10-22 01:49:36','2020-10-22 01:49:36'),(89,'dw😋 🤨 🤨 🤨',91,183,'text','2020-10-22 03:09:26','2020-10-22 03:09:26'),(90,'😜 😜 😜 😜  tgtrgt',124,278,'text','2020-10-22 03:16:15','2020-10-22 03:16:15'),(91,'fer😜 😄 🤣 😋',124,278,'text','2020-10-22 03:17:51','2020-10-22 03:17:51'),(92,'dededede😜 🏐',123,275,'text','2020-10-22 03:40:33','2020-10-22 03:40:33'),(93,'🤨 😀 👩‍🔬',123,275,'text','2020-10-22 03:58:09','2020-10-22 03:58:09'),(94,'fhruferifhu',123,275,'text','2020-10-22 04:25:34','2020-10-22 04:25:34'),(95,'frbefrefuer😜',123,275,'text','2020-10-22 04:25:41','2020-10-22 04:25:41'),(96,'Медиа файлы: ',91,279,'media','2020-10-22 04:45:03','2020-10-22 04:45:03'),(97,'huhhuiuh g ugfy  giug g gygjhbygu',121,269,'text','2020-10-22 04:46:23','2020-10-22 04:46:23'),(98,'Медиа файлы: ',121,269,'media','2020-10-22 04:46:55','2020-10-22 04:46:55'),(99,'Медиа файлы: ',121,269,'media','2020-10-22 05:00:03','2020-10-22 05:00:03'),(100,'Медиа файлы: ',91,183,'media','2020-10-22 05:38:12','2020-10-22 05:38:12'),(101,'Медиа файлы: gregre',91,183,'media','2020-10-22 06:11:09','2020-10-22 06:11:09'),(102,'Медиа файлы: ',91,279,'media','2020-10-22 06:37:42','2020-10-22 06:37:42'),(103,'Медиа файлы: ',91,279,'media','2020-10-22 07:05:31','2020-10-22 07:05:31'),(104,'Медиа файлы: ',91,279,'media','2020-10-22 07:06:19','2020-10-22 07:06:19'),(105,'Медиа файлы: rfrefe',91,279,'media','2020-10-22 07:27:03','2020-10-22 07:27:03'),(106,'Рооор',29,57,'text','2020-11-16 07:56:08','2020-11-16 07:56:08'),(107,'😃',29,57,'text','2020-11-17 11:02:03','2020-11-17 11:02:03'),(108,'олпролпл',29,57,'text','2020-11-17 11:02:15','2020-11-17 11:02:15'),(109,'ороиолил',29,57,'text','2020-11-17 11:02:17','2020-11-17 11:02:17'),(110,'иьио',29,57,'text','2020-11-17 11:02:18','2020-11-17 11:02:18'),(111,'Медиа файлы: ',29,57,'media','2020-11-17 11:04:39','2020-11-17 11:04:39'),(112,'Медиа файлы: ',29,57,'media','2020-11-20 07:05:14','2020-11-20 07:05:14'),(113,'Медиа файлы: ',29,57,'media','2020-11-20 07:06:17','2020-11-20 07:06:17'),(114,'Медиа файлы: ',30,59,'media','2020-11-24 13:00:45','2020-11-24 13:00:45'),(115,'Медиа файлы: ',30,59,'media','2020-11-24 16:00:50','2020-11-24 16:00:50'),(116,'Медиа файлы: ',30,59,'media','2020-11-24 16:01:14','2020-11-24 16:01:14'),(117,'Медиа файлы: ',30,59,'media','2020-11-24 16:01:57','2020-11-24 16:01:57'),(118,'Медиа файлы: ',30,59,'media','2020-11-24 16:02:44','2020-11-24 16:02:44'),(119,'Медиа файлы: ',30,59,'media','2020-11-24 16:03:15','2020-11-24 16:03:15'),(120,'Медиа файлы: ',30,59,'media','2020-11-24 16:12:48','2020-11-24 16:12:48'),(121,'Медиа файлы: ',30,59,'media','2020-11-24 16:15:51','2020-11-24 16:15:51'),(122,'Медиа файлы: ',29,57,'media','2020-11-24 16:20:15','2020-11-24 16:20:15'),(123,'Медиа файлы: ',30,59,'media','2020-11-24 16:23:28','2020-11-24 16:23:28'),(124,'Медиа файлы: ',30,59,'media','2020-11-24 16:23:55','2020-11-24 16:23:55'),(125,'Медиа файлы: ',29,57,'media','2020-11-24 16:26:07','2020-11-24 16:26:07'),(126,'ferfre',29,57,'text','2020-11-24 16:26:12','2020-11-24 16:26:12'),(127,'frefe',29,57,'text','2020-11-24 16:26:14','2020-11-24 16:26:14'),(128,'Медиа файлы: ',30,59,'media','2020-11-24 16:35:29','2020-11-24 16:35:29'),(129,'Медиа файлы: ',30,59,'media','2020-11-24 16:36:37','2020-11-24 16:36:37'),(130,'Медиа файлы: ',30,59,'media','2020-11-24 16:38:58','2020-11-24 16:38:58'),(131,'Медиа файлы: ',30,59,'media','2020-11-24 16:39:33','2020-11-24 16:39:33'),(132,'fghgh',125,280,'text','2021-01-12 12:50:21','2021-01-12 12:50:21'),(133,'Здравствуйте',129,289,'text','2021-01-12 13:24:04','2021-01-12 13:24:04'),(134,'Сәлеметсіз бе',129,288,'text','2021-01-12 13:26:32','2021-01-12 13:26:32'),(135,'😁 😁 😁',130,290,'text','2021-01-12 14:05:58','2021-01-12 14:05:58'),(136,'sd',130,291,'text','2021-01-12 18:06:40','2021-01-12 18:06:40'),(137,'😜',29,57,'text','2021-01-14 17:09:57','2021-01-14 17:09:57'),(138,'😄',29,57,'text','2021-01-14 17:10:03','2021-01-14 17:10:03'),(139,'Медиа файлы: ',29,57,'media','2021-01-14 17:59:45','2021-01-14 17:59:45'),(140,'Медиа файлы: ',29,57,'media','2021-01-14 21:40:04','2021-01-14 21:40:04'),(141,'калайсыз',129,289,'text','2021-01-20 12:13:32','2021-01-20 12:13:32'),(142,'Sàlem dostar',129,307,'text','2021-01-20 12:15:28','2021-01-20 12:15:28');
/*!40000 ALTER TABLE `chat_messages` ENABLE KEYS */;
UNLOCK TABLES;

--
-- Table structure for table `chat_participation`
--

DROP TABLE IF EXISTS `chat_participation`;
/*!40101 SET @saved_cs_client     = @@character_set_client */;
/*!50503 SET character_set_client = utf8mb4 */;
CREATE TABLE `chat_participation` (
  `id` bigint unsigned NOT NULL AUTO_INCREMENT,
  `conversation_id` bigint unsigned NOT NULL,
  `messageable_id` bigint unsigned NOT NULL,
  `messageable_type` varchar(255) CHARACTER SET utf8mb4 COLLATE utf8mb4_unicode_ci NOT NULL,
  `settings` text CHARACTER SET utf8mb4 COLLATE utf8mb4_unicode_ci,
  `created_at` timestamp NULL DEFAULT NULL,
  `updated_at` timestamp NULL DEFAULT NULL,
  PRIMARY KEY (`id`),
  UNIQUE KEY `participation_index` (`conversation_id`,`messageable_id`,`messageable_type`),
  CONSTRAINT `chat_participation_conversation_id_foreign` FOREIGN KEY (`conversation_id`) REFERENCES `chat_conversations` (`id`) ON DELETE CASCADE
) ENGINE=InnoDB AUTO_INCREMENT=400 DEFAULT CHARSET=utf8mb4 COLLATE=utf8mb4_unicode_ci;
/*!40101 SET character_set_client = @saved_cs_client */;

--
-- Dumping data for table `chat_participation`
--

LOCK TABLES `chat_participation` WRITE;
/*!40000 ALTER TABLE `chat_participation` DISABLE KEYS */;
INSERT INTO `chat_participation` VALUES (1,1,1,'App\\User',NULL,'2020-08-25 23:20:03','2020-08-25 23:20:03'),(2,1,12,'App\\User',NULL,'2020-08-25 23:20:03','2020-08-25 23:20:03'),(3,2,63,'App\\User',NULL,'2020-09-02 10:02:54','2020-09-02 10:02:54'),(4,2,44,'App\\User',NULL,'2020-09-02 10:02:54','2020-09-02 10:02:54'),(5,3,64,'App\\User',NULL,'2020-09-02 10:04:24','2020-09-02 10:04:24'),(6,3,44,'App\\User',NULL,'2020-09-02 10:04:24','2020-09-02 10:04:24'),(7,4,65,'App\\User',NULL,'2020-09-02 10:04:37','2020-09-02 10:04:37'),(8,4,44,'App\\User',NULL,'2020-09-02 10:04:37','2020-09-02 10:04:37'),(9,5,66,'App\\User',NULL,'2020-09-02 10:05:30','2020-09-02 10:05:30'),(10,5,44,'App\\User',NULL,'2020-09-02 10:05:30','2020-09-02 10:05:30'),(11,6,68,'App\\User',NULL,'2020-09-03 18:36:28','2020-09-03 18:36:28'),(12,6,12,'App\\User',NULL,'2020-09-03 18:36:28','2020-09-03 18:36:28'),(13,7,69,'App\\User',NULL,'2020-09-04 10:57:00','2020-09-04 10:57:00'),(14,7,12,'App\\User',NULL,'2020-09-04 10:57:00','2020-09-04 10:57:00'),(15,8,70,'App\\User',NULL,'2020-09-06 09:42:57','2020-09-06 09:42:57'),(16,8,12,'App\\User',NULL,'2020-09-06 09:42:57','2020-09-06 09:42:57'),(17,9,71,'App\\User',NULL,'2020-09-06 09:42:57','2020-09-06 09:42:57'),(18,9,12,'App\\User',NULL,'2020-09-06 09:42:57','2020-09-06 09:42:57'),(19,10,72,'App\\User',NULL,'2020-09-07 03:49:36','2020-09-07 03:49:36'),(20,10,12,'App\\User',NULL,'2020-09-07 03:49:36','2020-09-07 03:49:36'),(21,11,73,'App\\User',NULL,'2020-09-07 05:52:37','2020-09-07 05:52:37'),(22,11,44,'App\\User',NULL,'2020-09-07 05:52:37','2020-09-07 05:52:37'),(23,12,73,'App\\User',NULL,'2020-09-07 08:23:39','2020-09-07 08:23:39'),(24,12,44,'App\\User',NULL,'2020-09-07 08:23:39','2020-09-07 08:23:39'),(25,13,73,'App\\User',NULL,'2020-09-07 08:23:51','2020-09-07 08:23:51'),(26,13,44,'App\\User',NULL,'2020-09-07 08:23:51','2020-09-07 08:23:51'),(27,14,74,'App\\User',NULL,'2020-09-07 15:24:40','2020-09-07 15:24:40'),(28,14,44,'App\\User',NULL,'2020-09-07 15:24:40','2020-09-07 15:24:40'),(29,15,75,'App\\User',NULL,'2020-09-07 15:25:54','2020-09-07 15:25:54'),(30,15,44,'App\\User',NULL,'2020-09-07 15:25:54','2020-09-07 15:25:54'),(31,16,73,'App\\User',NULL,'2020-09-07 11:35:03','2020-09-07 11:35:03'),(32,16,44,'App\\User',NULL,'2020-09-07 11:35:03','2020-09-07 11:35:03'),(33,17,73,'App\\User',NULL,'2020-09-07 11:37:03','2020-09-07 11:37:03'),(34,17,44,'App\\User',NULL,'2020-09-07 11:37:03','2020-09-07 11:37:03'),(35,18,78,'App\\User',NULL,'2020-09-10 00:29:22','2020-09-10 00:29:22'),(36,18,44,'App\\User',NULL,'2020-09-10 00:29:22','2020-09-10 00:29:22'),(37,19,78,'App\\User',NULL,'2020-09-10 05:57:49','2020-09-10 05:57:49'),(38,19,44,'App\\User',NULL,'2020-09-10 05:57:49','2020-09-10 05:57:49'),(39,20,73,'App\\User',NULL,'2020-09-10 10:19:14','2020-09-10 10:19:14'),(40,20,44,'App\\User',NULL,'2020-09-10 10:19:14','2020-09-10 10:19:14'),(41,21,73,'App\\User',NULL,'2020-09-11 01:25:09','2020-09-11 01:25:09'),(42,21,44,'App\\User',NULL,'2020-09-11 01:25:09','2020-09-11 01:25:09'),(43,22,73,'App\\User',NULL,'2020-09-11 01:33:55','2020-09-11 01:33:55'),(44,22,44,'App\\User',NULL,'2020-09-11 01:33:55','2020-09-11 01:33:55'),(45,23,79,'App\\User',NULL,'2020-09-11 01:41:05','2020-09-11 01:41:05'),(46,23,44,'App\\User',NULL,'2020-09-11 01:41:05','2020-09-11 01:41:05'),(47,24,80,'App\\User',NULL,'2020-09-11 02:13:51','2020-09-11 02:13:51'),(48,24,44,'App\\User',NULL,'2020-09-11 02:13:51','2020-09-11 02:13:51'),(49,25,80,'App\\User',NULL,'2020-09-11 02:21:45','2020-09-11 02:21:45'),(50,25,44,'App\\User',NULL,'2020-09-11 02:21:45','2020-09-11 02:21:45'),(51,26,81,'App\\User',NULL,'2020-09-11 08:04:09','2020-09-11 08:04:09'),(52,26,44,'App\\User',NULL,'2020-09-11 08:04:09','2020-09-11 08:04:09'),(53,27,82,'App\\User',NULL,'2020-09-16 12:07:13','2020-09-16 12:07:13'),(54,27,44,'App\\User',NULL,'2020-09-16 12:07:13','2020-09-16 12:07:13'),(55,28,83,'App\\User',NULL,'2020-09-16 13:26:20','2020-09-16 13:26:20'),(56,28,44,'App\\User',NULL,'2020-09-16 13:26:20','2020-09-16 13:26:20'),(57,29,84,'App\\User',NULL,'2020-09-17 02:35:26','2020-09-17 02:35:26'),(58,29,44,'App\\User',NULL,'2020-09-17 02:35:26','2020-09-17 02:35:26'),(59,30,83,'App\\User',NULL,'2020-09-17 12:44:50','2020-09-17 12:44:50'),(60,30,44,'App\\User',NULL,'2020-09-17 12:44:50','2020-09-17 12:44:50'),(61,31,86,'App\\User',NULL,'2020-09-20 01:51:14','2020-09-20 01:51:14'),(62,31,44,'App\\User',NULL,'2020-09-20 01:51:14','2020-09-20 01:51:14'),(63,32,87,'App\\User',NULL,'2020-09-20 01:54:15','2020-09-20 01:54:15'),(64,32,44,'App\\User',NULL,'2020-09-20 01:54:15','2020-09-20 01:54:15'),(65,33,88,'App\\User',NULL,'2020-09-20 02:48:32','2020-09-20 02:48:32'),(66,33,85,'App\\User',NULL,'2020-09-20 02:48:32','2020-09-20 02:48:32'),(67,34,89,'App\\User',NULL,'2020-09-20 02:50:48','2020-09-20 02:50:48'),(68,34,44,'App\\User',NULL,'2020-09-20 02:50:48','2020-09-20 02:50:48'),(69,35,90,'App\\User',NULL,'2020-09-20 02:52:05','2020-09-20 02:52:05'),(70,35,44,'App\\User',NULL,'2020-09-20 02:52:05','2020-09-20 02:52:05'),(71,36,91,'App\\User',NULL,'2020-09-20 02:52:57','2020-09-20 02:52:57'),(72,36,44,'App\\User',NULL,'2020-09-20 02:52:57','2020-09-20 02:52:57'),(73,37,92,'App\\User',NULL,'2020-09-20 02:55:02','2020-09-20 02:55:02'),(74,37,44,'App\\User',NULL,'2020-09-20 02:55:02','2020-09-20 02:55:02'),(75,38,93,'App\\User',NULL,'2020-09-20 02:57:08','2020-09-20 02:57:08'),(76,38,44,'App\\User',NULL,'2020-09-20 02:57:08','2020-09-20 02:57:08'),(77,39,94,'App\\User',NULL,'2020-09-20 02:58:39','2020-09-20 02:58:39'),(78,39,44,'App\\User',NULL,'2020-09-20 02:58:39','2020-09-20 02:58:39'),(79,40,95,'App\\User',NULL,'2020-09-20 03:22:31','2020-09-20 03:22:31'),(80,40,44,'App\\User',NULL,'2020-09-20 03:22:31','2020-09-20 03:22:31'),(81,41,96,'App\\User',NULL,'2020-09-20 03:22:38','2020-09-20 03:22:38'),(82,41,44,'App\\User',NULL,'2020-09-20 03:22:38','2020-09-20 03:22:38'),(83,42,97,'App\\User',NULL,'2020-09-20 03:22:39','2020-09-20 03:22:39'),(84,42,44,'App\\User',NULL,'2020-09-20 03:22:39','2020-09-20 03:22:39'),(85,43,98,'App\\User',NULL,'2020-09-20 03:22:40','2020-09-20 03:22:40'),(86,43,44,'App\\User',NULL,'2020-09-20 03:22:40','2020-09-20 03:22:40'),(87,44,99,'App\\User',NULL,'2020-09-20 03:22:40','2020-09-20 03:22:40'),(88,44,44,'App\\User',NULL,'2020-09-20 03:22:40','2020-09-20 03:22:40'),(89,45,100,'App\\User',NULL,'2020-09-20 03:23:12','2020-09-20 03:23:12'),(90,45,44,'App\\User',NULL,'2020-09-20 03:23:12','2020-09-20 03:23:12'),(91,46,101,'App\\User',NULL,'2020-09-20 03:24:02','2020-09-20 03:24:02'),(92,46,44,'App\\User',NULL,'2020-09-20 03:24:02','2020-09-20 03:24:02'),(93,47,102,'App\\User',NULL,'2020-09-20 03:24:54','2020-09-20 03:24:54'),(94,47,44,'App\\User',NULL,'2020-09-20 03:24:54','2020-09-20 03:24:54'),(96,48,85,'App\\User',NULL,'2020-09-20 04:46:29','2020-09-20 04:46:29'),(97,49,103,'App\\User',NULL,'2020-09-20 22:31:22','2020-09-20 22:31:22'),(98,49,44,'App\\User',NULL,'2020-09-20 22:31:22','2020-09-20 22:31:22'),(99,50,104,'App\\User',NULL,'2020-09-20 22:40:03','2020-09-20 22:40:03'),(100,50,44,'App\\User',NULL,'2020-09-20 22:40:03','2020-09-20 22:40:03'),(101,51,105,'App\\User',NULL,'2020-09-20 23:08:32','2020-09-20 23:08:32'),(102,51,44,'App\\User',NULL,'2020-09-20 23:08:32','2020-09-20 23:08:32'),(103,52,106,'App\\User',NULL,'2020-09-21 06:36:31','2020-09-21 06:36:31'),(104,52,85,'App\\User',NULL,'2020-09-21 06:36:31','2020-09-21 06:36:31'),(105,53,107,'App\\User',NULL,'2020-09-23 22:43:58','2020-09-23 22:43:58'),(106,53,85,'App\\User',NULL,'2020-09-23 22:43:58','2020-09-23 22:43:58'),(107,54,108,'App\\User',NULL,'2020-09-28 02:58:00','2020-09-28 02:58:00'),(108,54,85,'App\\User',NULL,'2020-09-28 02:58:00','2020-09-28 02:58:00'),(109,55,109,'App\\User',NULL,'2020-09-28 03:57:51','2020-09-28 03:57:51'),(111,56,110,'App\\User',NULL,'2020-09-30 12:45:53','2020-09-30 12:45:53'),(161,80,122,'App\\User',NULL,'2020-10-13 12:16:50','2020-10-13 12:16:50'),(162,80,44,'App\\User',NULL,'2020-10-13 12:16:50','2020-10-13 12:16:50'),(163,81,44,'App\\User',NULL,'2020-10-13 12:16:50','2020-10-13 12:16:50'),(164,81,122,'App\\User',NULL,'2020-10-13 12:16:50','2020-10-13 12:16:50'),(165,82,123,'App\\User',NULL,'2020-10-13 12:17:56','2020-10-13 12:17:56'),(166,82,44,'App\\User',NULL,'2020-10-13 12:17:56','2020-10-13 12:17:56'),(167,83,124,'App\\User',NULL,'2020-10-13 12:18:03','2020-10-13 12:18:03'),(168,83,44,'App\\User',NULL,'2020-10-13 12:18:03','2020-10-13 12:18:03'),(169,84,125,'App\\User',NULL,'2020-10-13 12:18:38','2020-10-13 12:18:38'),(170,84,44,'App\\User',NULL,'2020-10-13 12:18:38','2020-10-13 12:18:38'),(172,85,125,'App\\User',NULL,'2020-10-13 12:18:38','2020-10-13 12:18:38'),(173,86,126,'App\\User',NULL,'2020-10-13 12:21:17','2020-10-13 12:21:17'),(174,86,44,'App\\User',NULL,'2020-10-13 12:21:17','2020-10-13 12:21:17'),(175,87,44,'App\\User',NULL,'2020-10-13 12:21:17','2020-10-13 12:21:17'),(176,87,126,'App\\User',NULL,'2020-10-13 12:21:17','2020-10-13 12:21:17'),(177,88,127,'App\\User',NULL,'2020-10-13 12:22:47','2020-10-13 12:22:47'),(178,88,44,'App\\User',NULL,'2020-10-13 12:22:47','2020-10-13 12:22:47'),(179,89,44,'App\\User',NULL,'2020-10-13 12:22:47','2020-10-13 12:22:47'),(180,89,127,'App\\User',NULL,'2020-10-13 12:22:47','2020-10-13 12:22:47'),(181,90,128,'App\\User',NULL,'2020-10-13 12:26:20','2020-10-13 12:26:20'),(183,91,44,'App\\User',NULL,'2020-10-13 12:26:20','2020-10-13 12:26:20'),(184,91,128,'App\\User',NULL,'2020-10-13 12:26:20','2020-10-13 12:26:20'),(185,92,129,'App\\User',NULL,'2020-10-13 12:27:48','2020-10-13 12:27:48'),(186,92,44,'App\\User',NULL,'2020-10-13 12:27:48','2020-10-13 12:27:48'),(193,91,66,'App\\User',NULL,'2020-10-13 13:02:01','2020-10-13 13:02:01'),(197,93,130,'App\\User',NULL,'2020-10-13 13:03:12','2020-10-13 13:03:12'),(198,93,44,'App\\User',NULL,'2020-10-13 13:03:12','2020-10-13 13:03:12'),(199,94,44,'App\\User',NULL,'2020-10-13 13:03:12','2020-10-13 13:03:12'),(200,94,130,'App\\User',NULL,'2020-10-13 13:03:12','2020-10-13 13:03:12'),(201,95,131,'App\\User',NULL,'2020-10-13 13:05:27','2020-10-13 13:05:27'),(202,95,44,'App\\User',NULL,'2020-10-13 13:05:27','2020-10-13 13:05:27'),(204,96,131,'App\\User',NULL,'2020-10-13 13:05:27','2020-10-13 13:05:27'),(205,97,132,'App\\User',NULL,'2020-10-13 13:14:38','2020-10-13 13:14:38'),(206,97,44,'App\\User',NULL,'2020-10-13 13:14:38','2020-10-13 13:14:38'),(207,98,44,'App\\User',NULL,'2020-10-13 13:14:38','2020-10-13 13:14:38'),(208,98,132,'App\\User',NULL,'2020-10-13 13:14:38','2020-10-13 13:14:38'),(209,99,133,'App\\User',NULL,'2020-10-13 13:19:09','2020-10-13 13:19:09'),(211,100,134,'App\\User',NULL,'2020-10-13 13:19:24','2020-10-13 13:19:24'),(212,100,44,'App\\User',NULL,'2020-10-13 13:19:24','2020-10-13 13:19:24'),(213,101,135,'App\\User',NULL,'2020-10-13 13:19:59','2020-10-13 13:19:59'),(214,101,44,'App\\User',NULL,'2020-10-13 13:19:59','2020-10-13 13:19:59'),(215,91,135,'App\\User',NULL,'2020-10-13 13:19:59','2020-10-13 13:19:59'),(216,102,136,'App\\User',NULL,'2020-10-13 13:20:59','2020-10-13 13:20:59'),(217,102,44,'App\\User',NULL,'2020-10-13 13:20:59','2020-10-13 13:20:59'),(218,91,136,'App\\User',NULL,'2020-10-13 13:20:59','2020-10-13 13:20:59'),(219,103,137,'App\\User',NULL,'2020-10-13 13:23:42','2020-10-13 13:23:42'),(220,103,44,'App\\User',NULL,'2020-10-13 13:23:42','2020-10-13 13:23:42'),(221,91,137,'App\\User',NULL,'2020-10-13 13:23:42','2020-10-13 13:23:42'),(222,104,138,'App\\User',NULL,'2020-10-13 21:48:58','2020-10-13 21:48:58'),(223,104,44,'App\\User',NULL,'2020-10-13 21:48:58','2020-10-13 21:48:58'),(224,91,138,'App\\User',NULL,'2020-10-13 21:48:58','2020-10-13 21:48:58'),(225,105,139,'App\\User',NULL,'2020-10-13 21:49:06','2020-10-13 21:49:06'),(226,105,44,'App\\User',NULL,'2020-10-13 21:49:06','2020-10-13 21:49:06'),(227,91,139,'App\\User',NULL,'2020-10-13 21:49:06','2020-10-13 21:49:06'),(228,106,140,'App\\User',NULL,'2020-10-13 21:49:36','2020-10-13 21:49:36'),(229,106,44,'App\\User',NULL,'2020-10-13 21:49:36','2020-10-13 21:49:36'),(230,91,140,'App\\User',NULL,'2020-10-13 21:49:36','2020-10-13 21:49:36'),(231,107,141,'App\\User',NULL,'2020-10-13 21:49:49','2020-10-13 21:49:49'),(232,107,44,'App\\User',NULL,'2020-10-13 21:49:49','2020-10-13 21:49:49'),(233,108,142,'App\\User',NULL,'2020-10-13 21:54:56','2020-10-13 21:54:56'),(234,108,44,'App\\User',NULL,'2020-10-13 21:54:56','2020-10-13 21:54:56'),(235,109,143,'App\\User',NULL,'2020-10-13 21:56:02','2020-10-13 21:56:02'),(236,109,44,'App\\User',NULL,'2020-10-13 21:56:02','2020-10-13 21:56:02'),(237,110,144,'App\\User',NULL,'2020-10-13 21:56:33','2020-10-13 21:56:33'),(238,110,44,'App\\User',NULL,'2020-10-13 21:56:33','2020-10-13 21:56:33'),(239,91,144,'App\\User',NULL,'2020-10-13 21:56:33','2020-10-13 21:56:33'),(240,111,145,'App\\User',NULL,'2020-10-13 22:03:38','2020-10-13 22:03:38'),(241,111,44,'App\\User',NULL,'2020-10-13 22:03:38','2020-10-13 22:03:38'),(242,112,85,'App\\User',NULL,'2020-10-13 22:03:38','2020-10-13 22:03:38'),(243,112,145,'App\\User',NULL,'2020-10-13 22:03:38','2020-10-13 22:03:38'),(244,113,146,'App\\User',NULL,'2020-10-13 22:25:28','2020-10-13 22:25:28'),(245,113,44,'App\\User',NULL,'2020-10-13 22:25:28','2020-10-13 22:25:28'),(246,91,146,'App\\User',NULL,'2020-10-13 22:25:28','2020-10-13 22:25:28'),(247,114,147,'App\\User',NULL,'2020-10-13 22:25:36','2020-10-13 22:25:36'),(248,114,44,'App\\User',NULL,'2020-10-13 22:25:36','2020-10-13 22:25:36'),(249,91,147,'App\\User',NULL,'2020-10-13 22:25:36','2020-10-13 22:25:36'),(250,115,148,'App\\User',NULL,'2020-10-13 23:18:35','2020-10-13 23:18:35'),(251,115,44,'App\\User',NULL,'2020-10-13 23:18:35','2020-10-13 23:18:35'),(252,91,148,'App\\User',NULL,'2020-10-13 23:18:35','2020-10-13 23:18:35'),(253,116,149,'App\\User',NULL,'2020-10-13 23:49:13','2020-10-13 23:49:13'),(254,116,44,'App\\User',NULL,'2020-10-13 23:49:13','2020-10-13 23:49:13'),(255,91,149,'App\\User',NULL,'2020-10-13 23:49:13','2020-10-13 23:49:13'),(256,117,150,'App\\User',NULL,'2020-10-14 00:09:59','2020-10-14 00:09:59'),(257,117,44,'App\\User',NULL,'2020-10-14 00:09:59','2020-10-14 00:09:59'),(258,91,150,'App\\User',NULL,'2020-10-14 00:09:59','2020-10-14 00:09:59'),(259,118,151,'App\\User',NULL,'2020-10-14 00:23:48','2020-10-14 00:23:48'),(260,118,44,'App\\User',NULL,'2020-10-14 00:23:48','2020-10-14 00:23:48'),(261,91,151,'App\\User',NULL,'2020-10-14 00:23:48','2020-10-14 00:23:48'),(262,119,152,'App\\User',NULL,'2020-10-14 00:23:51','2020-10-14 00:23:51'),(263,119,44,'App\\User',NULL,'2020-10-14 00:23:51','2020-10-14 00:23:51'),(264,91,152,'App\\User',NULL,'2020-10-14 00:23:51','2020-10-14 00:23:51'),(265,120,153,'App\\User',NULL,'2020-10-14 00:23:56','2020-10-14 00:23:56'),(266,120,44,'App\\User',NULL,'2020-10-14 00:23:56','2020-10-14 00:23:56'),(267,91,153,'App\\User',NULL,'2020-10-14 00:23:56','2020-10-14 00:23:56'),(268,121,154,'App\\User',NULL,'2020-10-14 00:24:58','2020-10-14 00:24:58'),(269,121,44,'App\\User',NULL,'2020-10-14 00:24:58','2020-10-14 00:24:58'),(270,91,154,'App\\User',NULL,'2020-10-14 00:24:58','2020-10-14 00:24:58'),(271,122,155,'App\\User',NULL,'2020-10-14 00:26:29','2020-10-14 00:26:29'),(272,122,44,'App\\User',NULL,'2020-10-14 00:26:29','2020-10-14 00:26:29'),(273,91,155,'App\\User',NULL,'2020-10-14 00:26:29','2020-10-14 00:26:29'),(274,123,156,'App\\User',NULL,'2020-10-14 01:54:23','2020-10-14 01:54:23'),(275,123,44,'App\\User',NULL,'2020-10-14 01:54:23','2020-10-14 01:54:23'),(276,91,156,'App\\User',NULL,'2020-10-14 01:54:23','2020-10-14 01:54:23'),(277,124,157,'App\\User',NULL,'2020-10-21 04:20:58','2020-10-21 04:20:58'),(278,124,44,'App\\User',NULL,'2020-10-21 04:20:58','2020-10-21 04:20:58'),(279,91,157,'App\\User',NULL,'2020-10-21 04:20:58','2020-10-21 04:20:58'),(280,125,158,'App\\User',NULL,'2021-01-12 12:39:13','2021-01-12 12:39:13'),(282,126,159,'App\\User',NULL,'2021-01-12 13:05:36','2021-01-12 13:05:36'),(283,126,158,'App\\User',NULL,'2021-01-12 13:05:36','2021-01-12 13:05:36'),(284,127,158,'App\\User',NULL,'2021-01-12 13:05:36','2021-01-12 13:05:36'),(285,127,159,'App\\User',NULL,'2021-01-12 13:05:36','2021-01-12 13:05:36'),(286,128,160,'App\\User',NULL,'2021-01-12 13:23:31','2021-01-12 13:23:31'),(287,128,44,'App\\User',NULL,'2021-01-12 13:23:31','2021-01-12 13:23:31'),(288,129,44,'App\\User',NULL,'2021-01-12 13:23:31','2021-01-12 13:23:31'),(289,129,160,'App\\User',NULL,'2021-01-12 13:23:31','2021-01-12 13:23:31'),(290,130,161,'App\\User',NULL,'2021-01-12 13:39:11','2021-01-12 13:39:11'),(291,130,44,'App\\User',NULL,'2021-01-12 13:39:11','2021-01-12 13:39:11'),(292,129,161,'App\\User',NULL,'2021-01-12 13:39:11','2021-01-12 13:39:11'),(293,131,162,'App\\User',NULL,'2021-01-12 13:48:21','2021-01-12 13:48:21'),(294,131,44,'App\\User',NULL,'2021-01-12 13:48:21','2021-01-12 13:48:21'),(295,129,162,'App\\User',NULL,'2021-01-12 13:48:21','2021-01-12 13:48:21'),(296,132,163,'App\\User',NULL,'2021-01-12 13:49:51','2021-01-12 13:49:51'),(297,132,44,'App\\User',NULL,'2021-01-12 13:49:51','2021-01-12 13:49:51'),(298,129,163,'App\\User',NULL,'2021-01-12 13:49:51','2021-01-12 13:49:51'),(299,133,164,'App\\User',NULL,'2021-01-12 13:52:20','2021-01-12 13:52:20'),(300,133,44,'App\\User',NULL,'2021-01-12 13:52:20','2021-01-12 13:52:20'),(301,129,164,'App\\User',NULL,'2021-01-12 13:52:20','2021-01-12 13:52:20'),(302,134,165,'App\\User',NULL,'2021-01-12 15:11:53','2021-01-12 15:11:53'),(303,134,44,'App\\User',NULL,'2021-01-12 15:11:53','2021-01-12 15:11:53'),(304,129,165,'App\\User',NULL,'2021-01-12 15:11:53','2021-01-12 15:11:53'),(305,135,166,'App\\User',NULL,'2021-01-20 12:15:05','2021-01-20 12:15:05'),(306,135,44,'App\\User',NULL,'2021-01-20 12:15:05','2021-01-20 12:15:05'),(307,129,166,'App\\User',NULL,'2021-01-20 12:15:05','2021-01-20 12:15:05'),(308,136,167,'App\\User',NULL,'2021-01-20 19:13:17','2021-01-20 19:13:17'),(309,136,44,'App\\User',NULL,'2021-01-20 19:13:17','2021-01-20 19:13:17'),(310,137,44,'App\\User',NULL,'2021-01-20 19:13:17','2021-01-20 19:13:17'),(311,137,167,'App\\User',NULL,'2021-01-20 19:13:17','2021-01-20 19:13:17'),(312,138,168,'App\\User',NULL,'2021-01-20 20:12:06','2021-01-20 20:12:06'),(313,138,44,'App\\User',NULL,'2021-01-20 20:12:06','2021-01-20 20:12:06'),(314,139,44,'App\\User',NULL,'2021-01-20 20:12:06','2021-01-20 20:12:06'),(315,139,168,'App\\User',NULL,'2021-01-20 20:12:06','2021-01-20 20:12:06'),(316,140,169,'App\\User',NULL,'2021-01-20 20:59:12','2021-01-20 20:59:12'),(317,140,44,'App\\User',NULL,'2021-01-20 20:59:12','2021-01-20 20:59:12'),(318,139,169,'App\\User',NULL,'2021-01-20 20:59:12','2021-01-20 20:59:12'),(319,141,170,'App\\User',NULL,'2021-01-20 23:38:59','2021-01-20 23:38:59'),(320,141,44,'App\\User',NULL,'2021-01-20 23:38:59','2021-01-20 23:38:59'),(321,142,44,'App\\User',NULL,'2021-01-20 23:38:59','2021-01-20 23:38:59'),(322,142,170,'App\\User',NULL,'2021-01-20 23:38:59','2021-01-20 23:38:59'),(323,143,171,'App\\User',NULL,'2021-01-20 23:57:02','2021-01-20 23:57:02'),(324,143,44,'App\\User',NULL,'2021-01-20 23:57:02','2021-01-20 23:57:02'),(325,142,171,'App\\User',NULL,'2021-01-20 23:57:02','2021-01-20 23:57:02'),(326,144,172,'App\\User',NULL,'2021-01-20 23:58:20','2021-01-20 23:58:20'),(327,144,44,'App\\User',NULL,'2021-01-20 23:58:20','2021-01-20 23:58:20'),(328,137,172,'App\\User',NULL,'2021-01-20 23:58:20','2021-01-20 23:58:20'),(329,145,173,'App\\User',NULL,'2021-01-20 23:59:48','2021-01-20 23:59:48'),(330,145,44,'App\\User',NULL,'2021-01-20 23:59:48','2021-01-20 23:59:48'),(331,91,173,'App\\User',NULL,'2021-01-20 23:59:48','2021-01-20 23:59:48'),(332,146,174,'App\\User',NULL,'2021-01-21 00:09:38','2021-01-21 00:09:38'),(333,146,44,'App\\User',NULL,'2021-01-21 00:09:38','2021-01-21 00:09:38'),(334,147,44,'App\\User',NULL,'2021-01-21 00:09:38','2021-01-21 00:09:38'),(335,147,174,'App\\User',NULL,'2021-01-21 00:09:38','2021-01-21 00:09:38'),(336,148,175,'App\\User',NULL,'2021-01-21 00:10:11','2021-01-21 00:10:11'),(337,148,44,'App\\User',NULL,'2021-01-21 00:10:11','2021-01-21 00:10:11'),(338,147,175,'App\\User',NULL,'2021-01-21 00:10:11','2021-01-21 00:10:11'),(339,149,176,'App\\User',NULL,'2021-01-21 00:10:55','2021-01-21 00:10:55'),(340,149,44,'App\\User',NULL,'2021-01-21 00:10:55','2021-01-21 00:10:55'),(341,150,44,'App\\User',NULL,'2021-01-21 00:10:55','2021-01-21 00:10:55'),(342,150,176,'App\\User',NULL,'2021-01-21 00:10:55','2021-01-21 00:10:55'),(343,151,177,'App\\User',NULL,'2021-01-21 00:24:01','2021-01-21 00:24:01'),(344,151,44,'App\\User',NULL,'2021-01-21 00:24:01','2021-01-21 00:24:01'),(345,150,177,'App\\User',NULL,'2021-01-21 00:24:01','2021-01-21 00:24:01'),(346,152,178,'App\\User',NULL,'2021-01-21 00:24:35','2021-01-21 00:24:35'),(347,152,44,'App\\User',NULL,'2021-01-21 00:24:35','2021-01-21 00:24:35'),(348,153,44,'App\\User',NULL,'2021-01-21 00:24:35','2021-01-21 00:24:35'),(349,153,178,'App\\User',NULL,'2021-01-21 00:24:35','2021-01-21 00:24:35'),(350,154,179,'App\\User',NULL,'2021-01-21 00:25:03','2021-01-21 00:25:03'),(351,154,44,'App\\User',NULL,'2021-01-21 00:25:03','2021-01-21 00:25:03'),(352,153,179,'App\\User',NULL,'2021-01-21 00:25:03','2021-01-21 00:25:03'),(353,155,180,'App\\User',NULL,'2021-01-21 00:25:46','2021-01-21 00:25:46'),(354,155,44,'App\\User',NULL,'2021-01-21 00:25:46','2021-01-21 00:25:46'),(355,156,44,'App\\User',NULL,'2021-01-21 00:25:46','2021-01-21 00:25:46'),(356,156,180,'App\\User',NULL,'2021-01-21 00:25:46','2021-01-21 00:25:46'),(357,157,181,'App\\User',NULL,'2021-01-21 00:26:34','2021-01-21 00:26:34'),(358,157,44,'App\\User',NULL,'2021-01-21 00:26:34','2021-01-21 00:26:34'),(359,156,181,'App\\User',NULL,'2021-01-21 00:26:34','2021-01-21 00:26:34'),(360,158,182,'App\\User',NULL,'2021-01-21 00:28:29','2021-01-21 00:28:29'),(361,158,44,'App\\User',NULL,'2021-01-21 00:28:29','2021-01-21 00:28:29'),(362,159,44,'App\\User',NULL,'2021-01-21 00:28:29','2021-01-21 00:28:29'),(363,159,182,'App\\User',NULL,'2021-01-21 00:28:29','2021-01-21 00:28:29'),(364,160,183,'App\\User',NULL,'2021-01-21 00:29:09','2021-01-21 00:29:09'),(365,160,44,'App\\User',NULL,'2021-01-21 00:29:09','2021-01-21 00:29:09'),(366,159,183,'App\\User',NULL,'2021-01-21 00:29:09','2021-01-21 00:29:09'),(367,161,184,'App\\User',NULL,'2021-01-21 00:29:57','2021-01-21 00:29:57'),(368,161,44,'App\\User',NULL,'2021-01-21 00:29:57','2021-01-21 00:29:57'),(369,142,184,'App\\User',NULL,'2021-01-21 00:29:57','2021-01-21 00:29:57'),(370,162,185,'App\\User',NULL,'2021-01-21 00:30:36','2021-01-21 00:30:36'),(371,162,44,'App\\User',NULL,'2021-01-21 00:30:36','2021-01-21 00:30:36'),(372,129,185,'App\\User',NULL,'2021-01-21 00:30:36','2021-01-21 00:30:36'),(373,163,186,'App\\User',NULL,'2021-01-21 00:31:18','2021-01-21 00:31:18'),(374,163,44,'App\\User',NULL,'2021-01-21 00:31:18','2021-01-21 00:31:18'),(375,139,186,'App\\User',NULL,'2021-01-21 00:31:18','2021-01-21 00:31:18'),(376,164,187,'App\\User',NULL,'2021-01-21 00:32:21','2021-01-21 00:32:21'),(377,164,44,'App\\User',NULL,'2021-01-21 00:32:21','2021-01-21 00:32:21'),(378,137,187,'App\\User',NULL,'2021-01-21 00:32:21','2021-01-21 00:32:21'),(379,165,188,'App\\User',NULL,'2021-01-21 09:34:53','2021-01-21 09:34:53'),(380,165,44,'App\\User',NULL,'2021-01-21 09:34:53','2021-01-21 09:34:53'),(381,137,188,'App\\User',NULL,'2021-01-21 09:34:53','2021-01-21 09:34:53'),(382,166,189,'App\\User',NULL,'2021-01-21 11:26:34','2021-01-21 11:26:34'),(383,166,44,'App\\User',NULL,'2021-01-21 11:26:34','2021-01-21 11:26:34'),(384,91,189,'App\\User',NULL,'2021-01-21 11:26:34','2021-01-21 11:26:34'),(385,167,190,'App\\User',NULL,'2021-01-21 11:30:57','2021-01-21 11:30:57'),(386,167,44,'App\\User',NULL,'2021-01-21 11:30:57','2021-01-21 11:30:57'),(387,91,190,'App\\User',NULL,'2021-01-21 11:30:57','2021-01-21 11:30:57'),(388,168,191,'App\\User',NULL,'2021-01-21 11:31:47','2021-01-21 11:31:47'),(389,168,44,'App\\User',NULL,'2021-01-21 11:31:47','2021-01-21 11:31:47'),(390,129,191,'App\\User',NULL,'2021-01-21 11:31:47','2021-01-21 11:31:47'),(391,169,192,'App\\User',NULL,'2021-01-22 10:51:16','2021-01-22 10:51:16'),(392,169,44,'App\\User',NULL,'2021-01-22 10:51:16','2021-01-22 10:51:16'),(393,129,192,'App\\User',NULL,'2021-01-22 10:51:16','2021-01-22 10:51:16'),(394,170,193,'App\\User',NULL,'2021-01-22 13:54:15','2021-01-22 13:54:15'),(395,170,44,'App\\User',NULL,'2021-01-22 13:54:15','2021-01-22 13:54:15'),(396,129,193,'App\\User',NULL,'2021-01-22 13:54:15','2021-01-22 13:54:15'),(397,171,194,'App\\User',NULL,'2021-01-22 16:20:04','2021-01-22 16:20:04'),(398,171,44,'App\\User',NULL,'2021-01-22 16:20:04','2021-01-22 16:20:04'),(399,142,194,'App\\User',NULL,'2021-01-22 16:20:04','2021-01-22 16:20:04');
/*!40000 ALTER TABLE `chat_participation` ENABLE KEYS */;
UNLOCK TABLES;

--
-- Table structure for table `colleges`
--

DROP TABLE IF EXISTS `colleges`;
/*!40101 SET @saved_cs_client     = @@character_set_client */;
/*!50503 SET character_set_client = utf8mb4 */;
CREATE TABLE `colleges` (
  `id` int unsigned NOT NULL AUTO_INCREMENT,
  `name` varchar(255) CHARACTER SET utf8mb4 COLLATE utf8mb4_unicode_ci DEFAULT NULL,
  `created_at` timestamp NULL DEFAULT NULL,
  `updated_at` timestamp NULL DEFAULT NULL,
  PRIMARY KEY (`id`)
) ENGINE=InnoDB AUTO_INCREMENT=3 DEFAULT CHARSET=utf8mb4 COLLATE=utf8mb4_unicode_ci;
/*!40101 SET character_set_client = @saved_cs_client */;

--
-- Dumping data for table `colleges`
--

LOCK TABLES `colleges` WRITE;
/*!40000 ALTER TABLE `colleges` DISABLE KEYS */;
INSERT INTO `colleges` VALUES (1,'Нархоз','2020-08-20 03:11:42','2020-08-20 03:11:42'),(2,'Туран','2020-08-20 03:11:00','2020-09-23 09:38:18');
/*!40000 ALTER TABLE `colleges` ENABLE KEYS */;
UNLOCK TABLES;

--
-- Table structure for table `curator_category`
--

DROP TABLE IF EXISTS `curator_category`;
/*!40101 SET @saved_cs_client     = @@character_set_client */;
/*!50503 SET character_set_client = utf8mb4 */;
CREATE TABLE `curator_category` (
  `curator_id` int DEFAULT NULL,
  `category_id` int DEFAULT NULL
) ENGINE=InnoDB DEFAULT CHARSET=utf8mb4 COLLATE=utf8mb4_unicode_ci;
/*!40101 SET character_set_client = @saved_cs_client */;

--
-- Dumping data for table `curator_category`
--

LOCK TABLES `curator_category` WRITE;
/*!40000 ALTER TABLE `curator_category` DISABLE KEYS */;
INSERT INTO `curator_category` VALUES (44,1),(85,1),(85,16),(158,25),(44,25),(44,23),(44,24),(44,26),(44,18),(44,19),(44,20),(44,21),(44,22);
/*!40000 ALTER TABLE `curator_category` ENABLE KEYS */;
UNLOCK TABLES;

--
-- Table structure for table `data_rows`
--

DROP TABLE IF EXISTS `data_rows`;
/*!40101 SET @saved_cs_client     = @@character_set_client */;
/*!50503 SET character_set_client = utf8mb4 */;
CREATE TABLE `data_rows` (
  `id` int unsigned NOT NULL AUTO_INCREMENT,
  `data_type_id` int unsigned NOT NULL,
  `field` varchar(255) CHARACTER SET utf8mb4 COLLATE utf8mb4_unicode_ci NOT NULL,
  `type` varchar(255) CHARACTER SET utf8mb4 COLLATE utf8mb4_unicode_ci NOT NULL,
  `display_name` varchar(255) CHARACTER SET utf8mb4 COLLATE utf8mb4_unicode_ci NOT NULL,
  `required` tinyint(1) NOT NULL DEFAULT '0',
  `browse` tinyint(1) NOT NULL DEFAULT '1',
  `read` tinyint(1) NOT NULL DEFAULT '1',
  `edit` tinyint(1) NOT NULL DEFAULT '1',
  `add` tinyint(1) NOT NULL DEFAULT '1',
  `delete` tinyint(1) NOT NULL DEFAULT '1',
  `details` text CHARACTER SET utf8mb4 COLLATE utf8mb4_unicode_ci,
  `order` int NOT NULL DEFAULT '1',
  PRIMARY KEY (`id`),
  KEY `data_rows_data_type_id_foreign` (`data_type_id`),
  CONSTRAINT `data_rows_data_type_id_foreign` FOREIGN KEY (`data_type_id`) REFERENCES `data_types` (`id`) ON DELETE CASCADE ON UPDATE CASCADE
) ENGINE=InnoDB AUTO_INCREMENT=140 DEFAULT CHARSET=utf8mb4 COLLATE=utf8mb4_unicode_ci;
/*!40101 SET character_set_client = @saved_cs_client */;

--
-- Dumping data for table `data_rows`
--

LOCK TABLES `data_rows` WRITE;
/*!40000 ALTER TABLE `data_rows` DISABLE KEYS */;
INSERT INTO `data_rows` VALUES (1,1,'id','number','ID',1,0,0,0,0,0,'{}',1),(2,1,'name','text','Имя',1,1,1,1,1,1,'{}',2),(3,1,'email','text','Email',0,0,0,0,0,0,'{}',5),(4,1,'password','password','Пароль',1,0,0,1,1,0,'{}',4),(5,1,'remember_token','text','Remember Token',0,0,0,0,0,0,'{}',6),(6,1,'created_at','timestamp','Created At',0,0,0,0,0,0,'{}',7),(7,1,'updated_at','timestamp','Updated At',0,0,0,0,0,0,'{}',9),(8,1,'avatar','image','Avatar',0,1,1,1,1,1,'{}',10),(9,1,'user_belongsto_role_relationship','relationship','Роль',0,1,1,1,1,0,'{\"model\":\"TCG\\\\Voyager\\\\Models\\\\Role\",\"table\":\"roles\",\"type\":\"belongsTo\",\"column\":\"role_id\",\"key\":\"id\",\"label\":\"display_name\",\"pivot_table\":\"roles\",\"pivot\":\"0\",\"taggable\":\"0\"}',12),(10,1,'user_belongstomany_role_relationship','relationship','Roles',0,0,0,0,0,0,'{\"model\":\"TCG\\\\Voyager\\\\Models\\\\Role\",\"table\":\"roles\",\"type\":\"belongsToMany\",\"column\":\"id\",\"key\":\"id\",\"label\":\"display_name\",\"pivot_table\":\"user_roles\",\"pivot\":\"1\",\"taggable\":\"0\"}',13),(11,1,'settings','hidden','Settings',0,0,0,0,0,0,'{}',15),(12,2,'id','number','ID',1,0,0,0,0,0,NULL,1),(13,2,'name','text','Name',1,1,1,1,1,1,NULL,2),(14,2,'created_at','timestamp','Created At',0,0,0,0,0,0,NULL,3),(15,2,'updated_at','timestamp','Updated At',0,0,0,0,0,0,NULL,4),(16,3,'id','number','ID',1,0,0,0,0,0,NULL,1),(17,3,'name','text','Name',1,1,1,1,1,1,NULL,2),(18,3,'created_at','timestamp','Created At',0,0,0,0,0,0,NULL,3),(19,3,'updated_at','timestamp','Updated At',0,0,0,0,0,0,NULL,4),(20,3,'display_name','text','Display Name',1,1,1,1,1,1,NULL,5),(21,1,'role_id','text','Role',0,1,1,1,1,1,'{}',11),(22,6,'id','text','Id',1,0,0,0,0,0,'{}',1),(23,6,'name','text','Название',0,1,1,1,1,1,'{}',2),(24,6,'created_at','timestamp','Created At',0,1,1,1,0,1,'{}',3),(25,6,'updated_at','timestamp','Updated At',0,0,0,0,0,0,'{}',4),(34,9,'id','text','Id',1,1,0,0,0,0,'{}',1),(35,9,'name','text','Название',0,1,1,1,1,1,'{}',2),(36,9,'parent_id','text','Parent Id',0,1,1,1,1,1,'{}',3),(37,9,'short_description','text_area','Короткое описание',0,1,1,1,1,1,'{}',4),(38,9,'long_description','text_area','Описание',0,1,1,1,1,1,'{}',5),(39,9,'video','file','Видео',0,1,1,1,1,1,'{\"rename\":\"{random:20}\"}',6),(40,9,'slug','text','Slug',0,1,1,1,1,1,'{}',7),(41,9,'created_at','timestamp','Created At',0,1,1,1,0,1,'{}',8),(42,9,'updated_at','timestamp','Updated At',0,0,0,0,0,0,'{}',9),(43,9,'category_belongsto_category_relationship','relationship','Родительская категория',0,1,1,1,1,1,'{\"scope\":\"main\",\"model\":\"\\\\App\\\\Category\",\"table\":\"categories\",\"type\":\"belongsTo\",\"column\":\"parent_id\",\"key\":\"id\",\"label\":\"name\",\"pivot_table\":\"categories\",\"pivot\":\"0\",\"taggable\":\"0\"}',10),(44,9,'theory_hours','text','Часы теории',0,1,1,1,1,1,'{}',10),(45,9,'practice_hours','text','Часы практики',0,1,1,1,1,1,'{}',11),(59,11,'id','text','Id',1,0,0,0,0,0,'{}',2),(60,11,'task','text_area','Задание',0,1,1,1,1,1,'{}',3),(61,11,'lesson_id','text','Lesson Id',0,1,1,1,1,1,'{}',4),(62,11,'created_at','timestamp','Created At',0,1,1,1,0,1,'{}',5),(63,11,'updated_at','timestamp','Updated At',0,0,0,0,0,0,'{}',6),(64,11,'task_belongsto_lesson_relationship','relationship','Родительский урок',0,1,1,1,1,1,'{\"model\":\"\\\\App\\\\Lesson\",\"table\":\"lessons\",\"type\":\"belongsTo\",\"column\":\"lesson_id\",\"key\":\"id\",\"label\":\"name\",\"pivot_table\":\"categories\",\"pivot\":\"0\",\"taggable\":\"0\"}',7),(66,9,'image','image','Изображение',0,1,1,1,1,1,'{}',12),(68,1,'phone_verified_at','timestamp','Phone Verified At',0,0,0,0,0,0,'{}',8),(69,1,'individual_number','text','ИИН',0,0,0,0,0,0,'{}',14),(70,1,'phone','text','Телефон',0,1,1,1,1,1,'{}',3),(71,1,'college_id','text','College Id',0,0,0,0,0,0,'{}',16),(72,1,'expire_at','timestamp','Expire At',0,0,0,0,0,0,'{}',17),(73,1,'last_login','timestamp','Last Login',0,0,0,0,0,0,'{}',18),(74,1,'user_belongstomany_category_relationship','relationship','Категории',0,1,1,1,1,1,'{\"foreign_pivot_key\":\"curator_id\",\"scope\":\"main\",\"model\":\"\\\\App\\\\Category\",\"table\":\"categories\",\"type\":\"belongsToMany\",\"column\":\"id\",\"key\":\"id\",\"label\":\"name\",\"pivot_table\":\"curator_category\",\"pivot\":\"1\",\"taggable\":\"0\"}',19),(75,9,'image_certificate','image','Сертификат изображения',0,1,1,1,1,1,'{}',13),(87,13,'id','text','Id',1,0,0,0,0,0,'{}',1),(88,13,'name','text','Название',0,1,1,1,1,1,'{}',2),(89,13,'description','text_area','Описание',0,1,1,1,1,1,'{}',3),(90,13,'video','text','видеоfrewfew',0,0,0,0,0,0,'{\"rename\":\"{random:20}\"}',4),(91,13,'presentation','text','Презентация',0,1,1,1,1,1,'{}',5),(92,13,'homework','text','Домашняя работа',0,1,1,1,1,1,'{}',6),(93,13,'category_id','text','Category Id',0,1,1,1,1,1,'{}',7),(94,13,'next_lesson_id','text','Next Lesson Id',0,0,0,0,0,0,'{}',8),(95,13,'created_at','timestamp','Created At',0,0,1,1,0,1,'{}',9),(96,13,'updated_at','timestamp','Updated At',0,0,0,0,0,0,'{}',10),(97,13,'slug','text','Slug',0,1,1,1,1,1,'{}',13),(98,13,'lesson_belongsto_category_relationship','relationship','Категория',0,1,1,1,1,1,'{\"scope\":\"dosh\",\"model\":\"\\\\App\\\\Category\",\"table\":\"categories\",\"type\":\"belongsTo\",\"column\":\"category_id\",\"key\":\"id\",\"label\":\"name\",\"pivot_table\":\"categories\",\"pivot\":\"0\",\"taggable\":\"0\"}',11),(99,13,'bg_video','image','Обложка для видео',0,1,1,1,1,1,'{}',12),(100,11,'video','text','Видео',0,1,1,1,1,1,'{}',8),(101,13,'video_main','text','Видео',0,1,1,1,1,1,'{}',14),(102,11,'name','text','Название',0,1,1,1,1,1,'{}',1),(103,9,'background_image','image','Фон изображение',0,1,1,1,1,1,'{}',14),(106,9,'text_color','text','Цвет текста',0,1,1,1,1,1,'{}',16),(107,9,'btn_style','text','Стиль кнопки',0,1,1,1,1,1,'{}',15),(108,9,'line_color','text','Цвет Линии',0,1,1,1,1,1,'{}',17),(109,14,'id','text','Id',1,0,0,0,0,0,'{}',1),(110,14,'first_name','text','Имя',0,1,1,1,1,1,'{}',2),(111,14,'last_name','text','Фамилия',0,1,1,1,1,1,'{}',3),(112,14,'position','text','Position',0,1,1,1,1,1,'{}',4),(113,14,'img','image','Портрет',0,1,1,1,1,1,'{}',5),(114,14,'description','rich_text_box','Описание',0,0,1,1,1,1,'{}',6),(115,14,'created_at','timestamp','Created At',0,1,1,1,0,1,'{}',7),(116,14,'updated_at','timestamp','Updated At',0,0,0,0,0,0,'{}',8),(117,15,'id','text','Id',1,0,0,0,0,0,'{}',1),(118,15,'topic','text','Тема',0,1,1,1,1,1,'{}',2),(119,15,'title','text','Заглавие',0,1,1,1,1,1,'{}',3),(120,15,'date','date','Дата',0,1,1,1,1,1,'{}',4),(121,15,'img','image','Картина',0,1,1,1,1,1,'{}',5),(122,15,'created_at','timestamp','Created At',0,1,1,1,0,1,'{}',6),(123,15,'updated_at','timestamp','Updated At',0,0,0,0,0,0,'{}',7),(124,15,'color','color','Цвет Блока',0,1,1,1,1,1,'{}',8),(125,16,'id','text','Id',1,0,0,0,0,0,'{}',1),(126,16,'title','text','Название',0,1,1,1,1,1,'{}',2),(127,16,'created_at','timestamp','Created At',0,1,1,1,0,1,'{}',3),(128,16,'updated_at','timestamp','Updated At',0,0,0,0,0,0,'{}',4),(129,16,'text','text','Текст',0,1,1,1,1,1,'{}',5),(130,17,'id','text','Id',1,0,0,0,0,0,'{}',1),(131,17,'text','text','Текст',0,1,1,1,1,1,'{}',2),(132,17,'img','image','Картина',0,1,1,1,1,1,'{}',3),(133,17,'created_at','timestamp','Created At',0,1,1,1,0,1,'{}',4),(134,17,'updated_at','timestamp','Updated At',0,0,0,0,0,0,'{}',5),(135,18,'id','text','Id',1,0,0,0,0,0,'{}',1),(136,18,'img','text','Картина',0,1,1,1,1,1,'{}',2),(137,18,'created_at','timestamp','Created At',0,1,1,1,0,1,'{}',3),(138,18,'updated_at','timestamp','Updated At',0,0,0,0,0,0,'{}',4),(139,11,'document','text','Домашняя работа',0,1,1,1,1,1,'{}',8);
/*!40000 ALTER TABLE `data_rows` ENABLE KEYS */;
UNLOCK TABLES;

--
-- Table structure for table `data_types`
--

DROP TABLE IF EXISTS `data_types`;
/*!40101 SET @saved_cs_client     = @@character_set_client */;
/*!50503 SET character_set_client = utf8mb4 */;
CREATE TABLE `data_types` (
  `id` int unsigned NOT NULL AUTO_INCREMENT,
  `name` varchar(255) CHARACTER SET utf8mb4 COLLATE utf8mb4_unicode_ci NOT NULL,
  `slug` varchar(255) CHARACTER SET utf8mb4 COLLATE utf8mb4_unicode_ci NOT NULL,
  `display_name_singular` varchar(255) CHARACTER SET utf8mb4 COLLATE utf8mb4_unicode_ci NOT NULL,
  `display_name_plural` varchar(255) CHARACTER SET utf8mb4 COLLATE utf8mb4_unicode_ci NOT NULL,
  `icon` varchar(255) CHARACTER SET utf8mb4 COLLATE utf8mb4_unicode_ci DEFAULT NULL,
  `model_name` varchar(255) CHARACTER SET utf8mb4 COLLATE utf8mb4_unicode_ci DEFAULT NULL,
  `policy_name` varchar(255) CHARACTER SET utf8mb4 COLLATE utf8mb4_unicode_ci DEFAULT NULL,
  `controller` varchar(255) CHARACTER SET utf8mb4 COLLATE utf8mb4_unicode_ci DEFAULT NULL,
  `description` varchar(255) CHARACTER SET utf8mb4 COLLATE utf8mb4_unicode_ci DEFAULT NULL,
  `generate_permissions` tinyint(1) NOT NULL DEFAULT '0',
  `server_side` tinyint NOT NULL DEFAULT '0',
  `details` text CHARACTER SET utf8mb4 COLLATE utf8mb4_unicode_ci,
  `created_at` timestamp NULL DEFAULT NULL,
  `updated_at` timestamp NULL DEFAULT NULL,
  PRIMARY KEY (`id`),
  UNIQUE KEY `data_types_name_unique` (`name`),
  UNIQUE KEY `data_types_slug_unique` (`slug`)
) ENGINE=InnoDB AUTO_INCREMENT=19 DEFAULT CHARSET=utf8mb4 COLLATE=utf8mb4_unicode_ci;
/*!40101 SET character_set_client = @saved_cs_client */;

--
-- Dumping data for table `data_types`
--

LOCK TABLES `data_types` WRITE;
/*!40000 ALTER TABLE `data_types` DISABLE KEYS */;
INSERT INTO `data_types` VALUES (1,'users','users','Пользователь','Пользователи','voyager-person','TCG\\Voyager\\Models\\User','TCG\\Voyager\\Policies\\UserPolicy','TCG\\Voyager\\Http\\Controllers\\VoyagerUserController',NULL,1,0,'{\"order_column\":null,\"order_display_column\":null,\"order_direction\":\"desc\",\"default_search_key\":null,\"scope\":null}','2020-08-20 00:11:37','2020-09-08 23:52:33'),(2,'menus','menus','Menu','Menus','voyager-list','TCG\\Voyager\\Models\\Menu',NULL,'','',1,0,NULL,'2020-08-20 00:11:38','2020-08-20 00:11:38'),(3,'roles','roles','Role','Roles','voyager-lock','TCG\\Voyager\\Models\\Role',NULL,'TCG\\Voyager\\Http\\Controllers\\VoyagerRoleController','',1,0,NULL,'2020-08-20 00:11:38','2020-08-20 00:11:38'),(4,'course','course','Курс','Курсы',NULL,'App\\Course',NULL,NULL,NULL,1,0,'{\"order_column\":null,\"order_display_column\":null,\"order_direction\":\"asc\",\"default_search_key\":null}','2020-08-20 03:04:26','2020-08-20 03:04:26'),(5,'college','college','Колледж','Колледжы',NULL,'App\\College',NULL,NULL,NULL,1,0,'{\"order_column\":null,\"order_display_column\":null,\"order_direction\":\"asc\",\"default_search_key\":null}','2020-08-20 03:05:10','2020-08-20 03:05:10'),(6,'colleges','colleges','Колледж','Колледжы','voyager-trophy','App\\College',NULL,NULL,NULL,1,0,'{\"order_column\":null,\"order_display_column\":null,\"order_direction\":\"asc\",\"default_search_key\":null,\"scope\":null}','2020-08-20 03:10:07','2020-09-08 23:22:56'),(9,'categories','categories','Категория курса','Категории курсов','voyager-list','App\\Category',NULL,NULL,NULL,1,0,'{\"order_column\":null,\"order_display_column\":null,\"order_direction\":\"asc\",\"default_search_key\":null,\"scope\":null}','2020-08-23 02:27:57','2020-11-12 04:54:46'),(11,'tasks','tasks','Задание','Задании','voyager-pen','App\\Task',NULL,NULL,NULL,1,0,'{\"order_column\":null,\"order_display_column\":null,\"order_direction\":\"asc\",\"default_search_key\":null,\"scope\":null}','2020-08-23 03:32:55','2021-01-21 18:14:18'),(13,'lessons','lessons','Урок','Уроки','voyager-paperclip','App\\Lesson','\\App\\Policies\\LessonPolicy',NULL,NULL,1,0,'{\"order_column\":null,\"order_display_column\":null,\"order_direction\":\"asc\",\"default_search_key\":null,\"scope\":null}','2020-09-09 00:54:47','2021-01-22 17:49:40'),(14,'speakers','speakers','Спикер','Спикеры',NULL,'App\\Speaker',NULL,NULL,NULL,1,0,'{\"order_column\":null,\"order_display_column\":null,\"order_direction\":\"asc\",\"default_search_key\":null,\"scope\":null}','2020-11-26 13:08:54','2020-11-27 04:17:22'),(15,'webinars','webinars','Вебинар','Вебинары','voyager-star-two','App\\Webinar',NULL,NULL,NULL,1,0,'{\"order_column\":null,\"order_display_column\":null,\"order_direction\":\"asc\",\"default_search_key\":null,\"scope\":null}','2020-12-14 04:04:05','2020-12-14 13:01:42'),(16,'tuitions','tuitions','Как проходит обучения','Как проходит обучение','voyager-book','App\\Tuition',NULL,NULL,NULL,1,0,'{\"order_column\":null,\"order_display_column\":null,\"order_direction\":\"asc\",\"default_search_key\":null}','2020-12-14 04:47:15','2020-12-14 04:47:15'),(17,'instructions','instructions','Как будет проходить обучения?','Как будет проходить обучение?','voyager-documentation','App\\Instruction',NULL,NULL,NULL,1,0,'{\"order_column\":null,\"order_display_column\":null,\"order_direction\":\"asc\",\"default_search_key\":null}','2020-12-14 04:55:26','2020-12-14 04:55:26'),(18,'partners','partners','Компания-партнеры','Компании-партнеры','voyager-world','App\\Partner',NULL,NULL,NULL,1,0,'{\"order_column\":null,\"order_display_column\":null,\"order_direction\":\"asc\",\"default_search_key\":null}','2020-12-14 13:03:19','2020-12-14 13:03:19');
/*!40000 ALTER TABLE `data_types` ENABLE KEYS */;
UNLOCK TABLES;

--
-- Table structure for table `failed_jobs`
--

DROP TABLE IF EXISTS `failed_jobs`;
/*!40101 SET @saved_cs_client     = @@character_set_client */;
/*!50503 SET character_set_client = utf8mb4 */;
CREATE TABLE `failed_jobs` (
  `id` bigint unsigned NOT NULL AUTO_INCREMENT,
  `connection` text CHARACTER SET utf8mb4 COLLATE utf8mb4_unicode_ci NOT NULL,
  `queue` text CHARACTER SET utf8mb4 COLLATE utf8mb4_unicode_ci NOT NULL,
  `payload` longtext CHARACTER SET utf8mb4 COLLATE utf8mb4_unicode_ci NOT NULL,
  `exception` longtext CHARACTER SET utf8mb4 COLLATE utf8mb4_unicode_ci NOT NULL,
  `failed_at` timestamp NOT NULL DEFAULT CURRENT_TIMESTAMP,
  PRIMARY KEY (`id`)
) ENGINE=InnoDB DEFAULT CHARSET=utf8mb4 COLLATE=utf8mb4_unicode_ci;
/*!40101 SET character_set_client = @saved_cs_client */;

--
-- Dumping data for table `failed_jobs`
--

LOCK TABLES `failed_jobs` WRITE;
/*!40000 ALTER TABLE `failed_jobs` DISABLE KEYS */;
/*!40000 ALTER TABLE `failed_jobs` ENABLE KEYS */;
UNLOCK TABLES;

--
-- Table structure for table `general_chats`
--

DROP TABLE IF EXISTS `general_chats`;
/*!40101 SET @saved_cs_client     = @@character_set_client */;
/*!50503 SET character_set_client = utf8mb4 */;
CREATE TABLE `general_chats` (
  `id` int unsigned NOT NULL AUTO_INCREMENT,
  `category_id` int DEFAULT NULL,
  `curator_id` int DEFAULT NULL,
  `conversation_id` int DEFAULT NULL,
  `created_at` timestamp NULL DEFAULT NULL,
  `updated_at` timestamp NULL DEFAULT NULL,
  PRIMARY KEY (`id`)
) ENGINE=InnoDB AUTO_INCREMENT=20 DEFAULT CHARSET=utf8mb4 COLLATE=utf8mb4_unicode_ci;
/*!40101 SET character_set_client = @saved_cs_client */;

--
-- Dumping data for table `general_chats`
--

LOCK TABLES `general_chats` WRITE;
/*!40000 ALTER TABLE `general_chats` DISABLE KEYS */;
INSERT INTO `general_chats` VALUES (1,1,44,91,NULL,NULL),(2,1,44,81,NULL,NULL),(3,1,44,85,NULL,NULL),(4,1,44,87,NULL,NULL),(5,1,44,89,NULL,NULL),(6,1,44,91,NULL,NULL),(7,1,44,94,NULL,NULL),(8,1,44,96,NULL,NULL),(9,1,44,112,NULL,NULL),(10,25,158,127,NULL,NULL),(11,25,44,129,NULL,NULL),(12,24,44,137,NULL,NULL),(13,26,44,139,NULL,NULL),(14,23,44,142,NULL,NULL),(15,18,44,147,NULL,NULL),(16,19,44,150,NULL,NULL),(17,20,44,153,NULL,NULL),(18,21,44,156,NULL,NULL),(19,22,44,159,NULL,NULL);
/*!40000 ALTER TABLE `general_chats` ENABLE KEYS */;
UNLOCK TABLES;

--
-- Table structure for table `instructions`
--

DROP TABLE IF EXISTS `instructions`;
/*!40101 SET @saved_cs_client     = @@character_set_client */;
/*!50503 SET character_set_client = utf8mb4 */;
CREATE TABLE `instructions` (
  `id` int unsigned NOT NULL AUTO_INCREMENT,
  `text` varchar(255) CHARACTER SET utf8mb4 COLLATE utf8mb4_unicode_ci DEFAULT NULL,
  `img` varchar(300) CHARACTER SET utf8mb4 COLLATE utf8mb4_unicode_ci DEFAULT NULL,
  `created_at` timestamp NULL DEFAULT NULL,
  `updated_at` timestamp NULL DEFAULT NULL,
  PRIMARY KEY (`id`)
) ENGINE=InnoDB AUTO_INCREMENT=4 DEFAULT CHARSET=utf8mb4 COLLATE=utf8mb4_unicode_ci;
/*!40101 SET character_set_client = @saved_cs_client */;

--
-- Dumping data for table `instructions`
--

LOCK TABLES `instructions` WRITE;
/*!40000 ALTER TABLE `instructions` DISABLE KEYS */;
INSERT INTO `instructions` VALUES (1,'Зарегистрируйся','instructions/December2020/XiHr2GnWUe6wjEDaXsxu.png','2020-12-11 09:01:00','2020-12-14 04:58:50'),(2,'Выбери один из предложенных курсов','instructions/December2020/BuASvAQjHA9WC4snBN2t.png','2020-12-11 09:01:00','2020-12-14 04:59:06'),(3,'Выбери компанию','instructions/December2020/T9pzOEkHk9k3wRmrlfvw.png','2020-12-11 09:01:00','2020-12-14 04:58:32');
/*!40000 ALTER TABLE `instructions` ENABLE KEYS */;
UNLOCK TABLES;

--
-- Table structure for table `lesson_user`
--

DROP TABLE IF EXISTS `lesson_user`;
/*!40101 SET @saved_cs_client     = @@character_set_client */;
/*!50503 SET character_set_client = utf8mb4 */;
CREATE TABLE `lesson_user` (
  `user_id` int DEFAULT NULL,
  `lesson_id` int DEFAULT NULL,
  `is_allowed` varchar(255) CHARACTER SET utf8mb4 COLLATE utf8mb4_unicode_ci DEFAULT NULL
) ENGINE=InnoDB DEFAULT CHARSET=utf8mb4 COLLATE=utf8mb4_unicode_ci;
/*!40101 SET character_set_client = @saved_cs_client */;

--
-- Dumping data for table `lesson_user`
--

LOCK TABLES `lesson_user` WRITE;
/*!40000 ALTER TABLE `lesson_user` DISABLE KEYS */;
INSERT INTO `lesson_user` VALUES (84,1,'1'),(84,2,'1'),(104,1,'1'),(104,2,'1'),(84,3,'1'),(108,1,'1'),(108,2,'1'),(108,3,'1'),(108,4,'1'),(109,1,'1'),(84,4,'1'),(84,5,'1'),(84,6,'1'),(84,7,'1'),(110,1,'1'),(84,8,'1'),(84,9,'1'),(84,10,'1'),(84,11,'1'),(84,12,'1'),(84,13,'1'),(84,14,'1'),(84,15,'1'),(84,16,'1'),(84,17,'1'),(84,19,'1'),(84,20,'1'),(84,21,'1'),(84,22,'1'),(84,23,'1'),(84,24,'1'),(138,1,'1'),(157,1,'1'),(157,2,'1'),(157,3,'1'),(157,4,'1'),(157,5,'1'),(157,6,'1'),(157,7,'1'),(157,7,'1'),(157,8,'1'),(111,1,'1'),(161,1,'1'),(111,2,'1'),(161,2,'1'),(161,3,'1'),(161,4,'1'),(161,5,'1'),(161,6,'1'),(161,7,'1'),(161,8,'1'),(161,9,'1'),(161,10,'1'),(161,11,'1'),(161,12,'1'),(161,13,'1'),(161,14,'1'),(161,15,'1'),(161,16,'1'),(161,17,'1'),(161,19,'1'),(161,20,'1'),(161,21,'1'),(161,22,'1'),(161,23,'1'),(161,24,'1'),(192,1,'1'),(193,1,'1'),(194,74,'1');
/*!40000 ALTER TABLE `lesson_user` ENABLE KEYS */;
UNLOCK TABLES;

--
-- Table structure for table `lessons`
--

DROP TABLE IF EXISTS `lessons`;
/*!40101 SET @saved_cs_client     = @@character_set_client */;
/*!50503 SET character_set_client = utf8mb4 */;
CREATE TABLE `lessons` (
  `id` int unsigned NOT NULL AUTO_INCREMENT,
  `name` varchar(255) CHARACTER SET utf8mb4 COLLATE utf8mb4_unicode_ci DEFAULT NULL,
  `description` text CHARACTER SET utf8mb4 COLLATE utf8mb4_unicode_ci,
  `video` varchar(255) CHARACTER SET utf8mb4 COLLATE utf8mb4_unicode_ci DEFAULT NULL,
  `presentation` varchar(255) CHARACTER SET utf8mb4 COLLATE utf8mb4_unicode_ci DEFAULT NULL,
  `homework` varchar(255) CHARACTER SET utf8mb4 COLLATE utf8mb4_unicode_ci DEFAULT NULL,
  `category_id` int DEFAULT NULL,
  `next_lesson_id` int DEFAULT NULL,
  `created_at` timestamp NULL DEFAULT NULL,
  `updated_at` timestamp NULL DEFAULT NULL,
  `slug` varchar(255) CHARACTER SET utf8mb4 COLLATE utf8mb4_unicode_ci DEFAULT NULL,
  `bg_video` varchar(255) CHARACTER SET utf8mb4 COLLATE utf8mb4_unicode_ci DEFAULT NULL,
  `video_main` varchar(255) CHARACTER SET utf8mb4 COLLATE utf8mb4_unicode_ci DEFAULT NULL,
  PRIMARY KEY (`id`)
) ENGINE=InnoDB AUTO_INCREMENT=280 DEFAULT CHARSET=utf8mb4 COLLATE=utf8mb4_unicode_ci;
/*!40101 SET character_set_client = @saved_cs_client */;

--
-- Dumping data for table `lessons`
--

LOCK TABLES `lessons` WRITE;
/*!40000 ALTER TABLE `lessons` DISABLE KEYS */;
INSERT INTO `lessons` VALUES (1,'Приветствие. Правила.','',NULL,'[{\"download_link\":\"lessons\\/September2020\\/manager_doc1_1.pdf\",\"original_name\":\"manager_doc1_1.pdf\"}]','[]',2,2,'2020-09-17 07:56:00','2021-01-22 09:50:54','privetstvie-pravila',NULL,'[{\"download_link\":\"lessons\\/September2020\\/AitKaPiYGgGVk4YjlsiP.mp4\",\"original_name\":\"1.mp4\"}]'),(2,'Термины. CRM.','',NULL,'[{\"download_link\":\"lessons\\/September2020\\/manager_doc1_2.pdf\",\"original_name\":\"manager_doc1_2.pdf\"}]','[]',2,3,'2020-09-17 04:31:00','2021-01-21 14:47:01','terminy-crm',NULL,'[{\"download_link\":\"lessons\\/September2020\\/s5z4oqxLYLHHVyYL4c5Z.mp4\",\"original_name\":\"2 (2).mp4\"}]'),(3,'Что такое продажи?','',NULL,'[{\"download_link\":\"lessons\\/September2020\\/manager_doc2_1.pdf\",\"original_name\":\"manager_doc2_1.pdf\"}]','[]',3,4,'2020-09-17 11:02:00','2021-01-21 14:48:29','cto-takoe-prodazi',NULL,'[{\"download_link\":\"lessons\\/September2020\\/qJ5ciiiV7g5vVd3f5ktL.mp4\",\"original_name\":\"3.mp4\"}]'),(4,'Активные продажи. Телефонные, холодные, горячие продажи. Виды продаж.','',NULL,'[{\"download_link\":\"lessons\\/September2020\\/manager_doc2_2.pdf\",\"original_name\":\"manager_doc2_2.pdf\"}]','[]',3,5,'2020-09-17 11:06:00','2021-01-21 14:51:14','aktivnye-prodazi-telefonnye-xolodnye-goryacie-prodazi-vidy-prodaz',NULL,'[{\"download_link\":\"lessons\\/September2020\\/kizgUkpqI3D7MPTsaD1b.mp4\",\"original_name\":\"4.mp4\"}]'),(5,'Как ставить цель?','',NULL,'[{\"download_link\":\"lessons\\/September2020\\/manager_doc3_1.pdf\",\"original_name\":\"manager_doc3_1.pdf\"}]','[]',4,6,'2020-09-17 11:09:00','2021-01-21 14:52:07','kak-stavit-cel-2',NULL,'[{\"download_link\":\"lessons\\/September2020\\/jnaXg3Scf5GHwqLyLZ00.mp4\",\"original_name\":\"5.mp4\"}]'),(6,'Как декомпозировать? Визуальные цели.','',NULL,'[{\"download_link\":\"lessons\\/September2020\\/manager_doc3_2.pdf\",\"original_name\":\"manager_doc3_2.pdf\"}]','[]',4,7,'2020-09-17 11:12:00','2021-01-21 14:52:48','kak-dekompozirovat-vizualnye-celi-2',NULL,'[{\"download_link\":\"lessons\\/September2020\\/uDx4CYNPsvADy5raYVE7.mp4\",\"original_name\":\"6.mp4\"}]'),(7,'Изучение и упаковка компании','',NULL,'[{\"download_link\":\"lessons\\/September2020\\/manager_doc4_1.pdf\",\"original_name\":\"manager_doc4_1.pdf\"}]','[]',5,8,'2020-09-17 11:19:00','2021-01-22 10:25:53','izucenie-i-upakovka-kompanii-2',NULL,'[{\"download_link\":\"lessons\\/September2020\\/7.mp4\",\"original_name\":\"7.mp4\"}]'),(8,'Изучение продукта. Изучение кейсов, клиентов. Выявление преимущества продукта.','',NULL,'[{\"download_link\":\"lessons\\/September2020\\/manager_doc4_2.pdf\",\"original_name\":\"manager_doc4_2.pdf\"}]','[]',5,9,'2020-09-17 11:26:00','2021-01-21 14:54:45','izucenie-produkta-izucenie-keisov-klientov-vyyavlenie-preimushhestva-produkta',NULL,'[{\"download_link\":\"lessons\\/September2020\\/UEoGEPXQttlWSdsbPhkF.mp4\",\"original_name\":\"8.mp4\"}]'),(9,'Типы клиентов. Боли, страхи, мотивация.','',NULL,'[{\"download_link\":\"lessons\\/September2020\\/manager_doc5_1.pdf\",\"original_name\":\"manager_doc5_1.pdf\"}]','[]',6,10,'2020-09-17 11:29:00','2021-01-22 10:41:52','tipy-klientov-boli-straxi-motivaciya-2',NULL,'[{\"download_link\":\"lessons\\/September2020\\/10.mp4\",\"original_name\":\"10.mp4\"}]'),(10,'Основные этапы продаж. Приветствие. Квалификация.','',NULL,'[{\"download_link\":\"lessons\\/September2020\\/manager_doc6_1.pdf\",\"original_name\":\"manager_doc6_1.pdf\"}]','[]',7,11,'2020-09-17 11:33:00','2021-01-21 15:04:47','osnovnye-etapy-prodaz-privetstvie-kvalifikaciya',NULL,'[{\"download_link\":\"lessons\\/September2020\\/1DwFdy4470J3K5Mtjbnd.mp4\",\"original_name\":\"11.mp4\"}]'),(11,'Выявление потребностей','',NULL,'[{\"download_link\":\"lessons\\/September2020\\/manager_doc6_2.pdf\",\"original_name\":\"manager_doc6_2.pdf\"}]','[]',7,12,'2020-09-17 11:36:00','2021-01-21 15:05:41','vyyavlenie-potrebnostei',NULL,'[{\"download_link\":\"lessons\\/September2020\\/ViFhIpUm4OmDir60pHLE.mp4\",\"original_name\":\"12.mp4\"}]'),(12,'Создание скрипта','',NULL,'[{\"download_link\":\"lessons\\/September2020\\/manager_doc7_1.pdf\",\"original_name\":\"manager_doc7_1.pdf\"}]','[]',8,13,'2020-09-17 11:38:00','2021-01-21 15:06:39','sozdanie-skripta-2',NULL,'[{\"download_link\":\"lessons\\/September2020\\/jfwsGal0Rja7tWQFGXOz.mp4\",\"original_name\":\"21.mp4\"}]'),(13,'Качественый рычаг','',NULL,'[{\"download_link\":\"lessons\\/September2020\\/manager_doc8_1.pdf\",\"original_name\":\"manager_doc8_1.pdf\"}]','[]',9,14,'2020-09-17 11:41:00','2021-01-21 15:07:33','kacestvenyi-rycag',NULL,'[{\"download_link\":\"lessons\\/September2020\\/rNkLtdr17Y5Ugem99Kbz.mp4\",\"original_name\":\"15.mp4\"}]'),(14,'Количественный рычаг','',NULL,NULL,'[]',9,15,'2020-09-17 11:43:00','2021-01-21 15:20:42','kolicestvennyi-rycag-2',NULL,'[{\"download_link\":\"lessons\\/September2020\\/wDFsDYo7ik4Z8yolnNhm.mp4\",\"original_name\":\"16.mp4\"}]'),(15,'Техника «Сопрано»','',NULL,'[{\"download_link\":\"lessons\\/September2020\\/manager_doc9_1.pdf\",\"original_name\":\"manager_doc9_1.pdf\"}]','[]',10,16,'2020-09-17 11:45:00','2021-01-21 15:11:09','texnika-soprano',NULL,'[{\"download_link\":\"lessons\\/September2020\\/sAp33E1hE3fYDDfVdneS.mp4\",\"original_name\":\"19.mp4\"}]'),(16,'ХПВ. Бумеранг.',NULL,NULL,'[]','[]',10,17,'2020-09-17 11:47:55','2020-09-17 11:51:46','hpv-bumerang',NULL,'[{\"download_link\":\"lessons\\/September2020\\/5Wkd1DYmKNX34WBzvgpA.mp4\",\"original_name\":\"20.mp4\"}]'),(17,'CRM. 1 часть.','',NULL,'[]','[]',10,19,'2020-09-17 11:51:00','2021-01-22 11:11:46','crm-1-cast',NULL,'[{\"download_link\":\"lessons\\/September2020\\/MOeJVGWkU0CvinREvSyV.mp4\",\"original_name\":\"23 (1).mp4\"}]'),(19,'CRM. 2 часть.',NULL,NULL,'[]','[]',10,20,'2020-09-17 11:57:28','2020-09-17 12:06:14','crm-2-chast',NULL,'[{\"download_link\":\"lessons\\/September2020\\/5fIdNrMoibkFymxcNxYr.mp4\",\"original_name\":\"24.mp4\"}]'),(20,'Общая структура резюме','',NULL,'[]','[]',11,21,'2020-09-17 12:06:00','2021-01-22 11:12:57','obshhaya-struktura-rezyume',NULL,'[{\"download_link\":\"lessons\\/September2020\\/13.mp4\",\"original_name\":\"13.mp4\"}]'),(21,'Фильтр вакансии','',NULL,'[{\"download_link\":\"lessons\\/September2020\\/manager_doc11_1.pdf\",\"original_name\":\"manager_doc11_1.pdf\"}]','[]',12,22,'2020-09-17 12:09:00','2021-01-21 15:12:38','filtr-vakansii-2',NULL,'[{\"download_link\":\"lessons\\/September2020\\/IxI0YK0aT3ywAFDka6wV.mp4\",\"original_name\":\"14.mp4\"}]'),(22,'Как написать сопроводительное письмо? Отклики по воронке и созвон с работодателями. Назначение собеседований.','',NULL,'[{\"download_link\":\"lessons\\/September2020\\/manager_doc12_1.pdf\",\"original_name\":\"manager_doc12_1.pdf\"}]','[]',13,23,'2020-09-17 12:13:00','2021-01-21 15:13:15','kak-napisat-soprovoditelnoe-pismo-otkliki-po-voronke-i-sozvon-s-rabotodatelyami-naznacenie-sobesedovanii',NULL,'[{\"download_link\":\"lessons\\/September2020\\/ImG4Ww2B5dezeKRVV56R.mp4\",\"original_name\":\"17.mp4\"}]'),(23,'Подготовка к собеседованию','',NULL,'[{\"download_link\":\"lessons\\/September2020\\/manager_doc13_1.pdf\",\"original_name\":\"manager_doc13_1.pdf\"}]','[]',14,24,'2020-09-17 12:17:00','2021-01-21 15:14:01','podgotovka-k-sobesedovaniyu-2',NULL,'[{\"download_link\":\"lessons\\/September2020\\/6O85xCLhp8JuXNOdtfyj.mp4\",\"original_name\":\"18.mp4\"}]'),(24,'Составление отчета','',NULL,'[{\"download_link\":\"lessons\\/September2020\\/manager_doc14_1.pdf\",\"original_name\":\"manager_doc14_1.pdf\"}]','[]',15,24,'2020-09-17 12:24:00','2021-01-22 11:12:57','sostavlenie-otceta-2',NULL,'[{\"download_link\":\"lessons\\/September2020\\/22.mp4\",\"original_name\":\"22 .mp4\"}]'),(25,'Введение','',NULL,'[{\"download_link\":\"lessons\\/September2020\\/smm_doc1_1.pdf\",\"original_name\":\"smm_doc1_1.pdf\"}]','[]',27,26,'2021-01-12 10:10:00','2021-01-21 16:50:48','vvedenie-5',NULL,'[{\"download_link\":\"lessons\\/September2020\\/smm_1.mp4\",\"original_name\":\"smm_1.mp4\"}]'),(26,'Основные задачи SMM специалиста','',NULL,'[{\"download_link\":\"lessons\\/September2020\\/smm_doc1_2.pdf\",\"original_name\":\"smm_doc1_2.pdf\"}]','[]',27,27,'2021-01-12 10:10:00','2021-01-21 16:52:18','osnovnye-zadaci-smm-specialista-2',NULL,'[{\"download_link\":\"lessons\\/September2020\\/smm_2.mp4\",\"original_name\":\"smm_2.mp4\"}]'),(27,'Обзор социальных сетей и их особенностей','',NULL,'[{\"download_link\":\"lessons\\/September2020\\/smm_doc1_3.pdf\",\"original_name\":\"smm_doc1_3.pdf\"}]','[]',27,28,'2021-01-12 10:10:00','2021-01-21 16:52:49','obzor-socialnyx-setei-i-ix-osobennostei-2',NULL,'[{\"download_link\":\"lessons\\/September2020\\/smm_3.mp4\",\"original_name\":\"smm_3.mp4\"}]'),(28,'С чего начать коммерческий/личный проект? Механизм работы.','',NULL,'[{\"download_link\":\"lessons\\/September2020\\/smm_doc1_4.pdf\",\"original_name\":\"smm_doc1_4.pdf\"}]','[]',27,29,'2021-01-12 10:11:00','2021-01-21 16:54:37','s-cego-nacat-kommerceskiilicnyi-proekt-mexanizm-raboty-2',NULL,'[{\"download_link\":\"lessons\\/September2020\\/smm_4.mp4\",\"original_name\":\"smm_4.mp4\"}]'),(29,'Сегментирование рынка и целевой аудитории','',NULL,'[{\"download_link\":\"lessons\\/September2020\\/smm_doc1_5.pdf\",\"original_name\":\"smm_doc1_5.pdf\"}]','[]',27,30,'2021-01-12 10:11:00','2021-01-21 16:55:12','segmentirovanie-rynka-i-celevoi-auditorii-2',NULL,'[{\"download_link\":\"lessons\\/September2020\\/smm_5.mp4\",\"original_name\":\"smm_5.mp4\"}]'),(30,'Таргетированная реклама','',NULL,'[{\"download_link\":\"lessons\\/September2020\\/smm_doc1_6.pdf\",\"original_name\":\"smm_doc1_6.pdf\"}]','[]',27,31,'2021-01-12 10:11:00','2021-01-21 16:55:49','targetirovannaya-reklama',NULL,'[{\"download_link\":\"lessons\\/September2020\\/smm_6.mp4\",\"original_name\":\"smm_6.mp4\"}]'),(31,'Разработка контент стратегии присутствия','',NULL,'[{\"download_link\":\"lessons\\/September2020\\/smm_doc1_7.pdf\",\"original_name\":\"smm_doc1_7.pdf\"}]','[]',27,32,'2021-01-12 10:12:00','2021-01-21 17:00:07','razrabotka-kontent-strategii-prisutstviya',NULL,'[{\"download_link\":\"lessons\\/September2020\\/smm_7.mp4\",\"original_name\":\"smm_7.mp4\"}]'),(32,'Копирайтинг','',NULL,'[{\"download_link\":\"lessons\\/September2020\\/smm_doc2_1.pdf\",\"original_name\":\"smm_doc2_1.pdf\"}]','[]',28,33,'2021-01-12 10:13:00','2021-01-21 17:00:50','kopiraiting',NULL,'[{\"download_link\":\"lessons\\/September2020\\/smm_8.mp4\",\"original_name\":\"smm_8.mp4\"}]'),(33,'Разработка дизайна с помощью простых программ','',NULL,'[]','[]',28,34,'2021-01-12 10:13:00','2021-01-21 09:42:31','razrabotka-dizaina-s-pomoshhyu-prostyx-programm-2',NULL,'[{\"download_link\":\"lessons\\/September2020\\/smm_9.mp4\",\"original_name\":\"smm_9.mp4\"}]'),(34,'Для кого и как пишем техническое задание','',NULL,'[{\"download_link\":\"lessons\\/September2020\\/smm_doc2_3.pdf\",\"original_name\":\"smm_doc2_3.pdf\"}]','[]',28,35,'2021-01-12 10:13:00','2021-01-21 17:01:18','dlya-kogo-i-kak-pisem-texniceskoe-zadanie',NULL,'[{\"download_link\":\"lessons\\/September2020\\/smm_10.mp4\",\"original_name\":\"smm_10.mp4\"}]'),(35,'Модерация обратной связи. Мониторинг отзывов.','',NULL,'[{\"download_link\":\"lessons\\/September2020\\/smm_doc2_4.pdf\",\"original_name\":\"smm_doc2_4.pdf\"}]','[]',28,36,'2021-01-12 10:14:00','2021-01-21 17:02:13','moderaciya-obratnoi-svyazi-monitoring-otzyvov',NULL,'[{\"download_link\":\"lessons\\/September2020\\/smm_11.mp4\",\"original_name\":\"smm_11.mp4\"}]'),(36,'Работа с лидерами мнений','',NULL,'[{\"download_link\":\"lessons\\/September2020\\/smm_doc2_5.pdf\",\"original_name\":\"smm_doc2_5.pdf\"}]','[]',28,37,'2021-01-12 10:14:00','2021-01-21 17:03:35','rabota-s-liderami-mnenii-2',NULL,'[{\"download_link\":\"lessons\\/September2020\\/smm_12.mp4\",\"original_name\":\"smm_12.mp4\"}]'),(37,'Таргет реклама','',NULL,'[]','[]',28,38,'2021-01-12 10:14:00','2021-01-21 09:49:24','target-reklama-2',NULL,'[{\"download_link\":\"lessons\\/September2020\\/smm_13.mp4\",\"original_name\":\"smm_13.mp4\"}]'),(38,'Разбираем статистику Инстаграм аккаунта','',NULL,'[{\"download_link\":\"lessons\\/September2020\\/smm_doc3_1.pdf\",\"original_name\":\"smm_doc3_1.pdf\"}]','[]',29,39,'2021-01-12 10:15:00','2021-01-21 17:04:58','razbiraem-statistiku-instagram-akkaunta',NULL,'[{\"download_link\":\"lessons\\/September2020\\/smm_14.mp4\",\"original_name\":\"smm_14.mp4\"}]'),(39,'Составление эффективных отчетов для клиентов SMM','',NULL,'[{\"download_link\":\"lessons\\/September2020\\/smm_doc3_2.pdf\",\"original_name\":\"smm_doc3_2.pdf\"}]','[]',29,40,'2021-01-12 10:15:00','2021-01-21 17:04:19','sostavlenie-effektivnyx-otcetov-dlya-klientov-smm',NULL,'[{\"download_link\":\"lessons\\/September2020\\/smm_15.mp4\",\"original_name\":\"smm_15.mp4\"}]'),(40,'Коммуникация с заказчиками. Поиск заказчиков.','',NULL,'[{\"download_link\":\"lessons\\/September2020\\/smm_doc4_1.pdf\",\"original_name\":\"smm_doc4_1.pdf\"}]','[]',30,41,'2021-01-12 10:16:00','2021-01-21 17:07:05','kommunikaciya-s-zakazcikami-poisk-zakazcikov',NULL,'[{\"download_link\":\"lessons\\/September2020\\/smm_16.mp4\",\"original_name\":\"smm_16.mp4\"}]'),(41,'Тайм-менеджмент','',NULL,'[{\"download_link\":\"lessons\\/September2020\\/smm_doc4_2.pdf\",\"original_name\":\"smm_doc4_2.pdf\"}]','[]',30,42,'2021-01-12 10:16:00','2021-01-21 17:07:33','taim-menedzment',NULL,'[{\"download_link\":\"lessons\\/September2020\\/smm_17.mp4\",\"original_name\":\"smm_17.mp4\"}]'),(42,'Как и где искать вдохновение','',NULL,'[{\"download_link\":\"lessons\\/September2020\\/smm_doc4_3.pdf\",\"original_name\":\"smm_doc4_3.pdf\"}]','[]',30,43,'2021-01-12 10:16:00','2021-01-21 17:08:06','kak-i-gde-iskat-vdoxnovenie',NULL,'[{\"download_link\":\"lessons\\/September2020\\/smm_18.mp4\",\"original_name\":\"smm_18.mp4\"}]'),(43,'Чек-лист по работе с SMM','',NULL,'[{\"download_link\":\"lessons\\/September2020\\/smm_doc4_4.pdf\",\"original_name\":\"smm_doc4_4.pdf\"}]','[]',30,44,'2021-01-12 10:16:00','2021-01-21 17:08:39','cek-list-po-rabote-s-smm',NULL,'[{\"download_link\":\"lessons\\/September2020\\/smm_19.mp4\",\"original_name\":\"smm_19.mp4\"}]'),(44,'Как работать с Tik-Tok?','',NULL,'[{\"download_link\":\"lessons\\/September2020\\/smm_doc4_5.pdf\",\"original_name\":\"smm_doc4_5.pdf\"}]','[]',30,45,'2021-01-12 10:16:00','2021-01-21 17:09:03','kak-rabotat-s-tik-tok',NULL,'[{\"download_link\":\"lessons\\/September2020\\/smm_20.mp4\",\"original_name\":\"smm_20.mp4\"}]'),(45,'Защити свой проект','',NULL,'[{\"download_link\":\"lessons\\/September2020\\/smm_doc4_6.pdf\",\"original_name\":\"smm_doc4_6.pdf\"}]','[]',30,45,'2021-01-12 10:17:00','2021-01-21 17:09:28','zashhiti-svoi-proekt',NULL,'[{\"download_link\":\"lessons\\/September2020\\/smm_21.mp4\",\"original_name\":\"smm_21.mp4\"}]'),(46,'Введение','',NULL,'[]','[]',31,47,'2021-01-12 10:24:00','2021-01-22 16:49:05','vvedenie',NULL,'[{\"download_link\":\"lessons\\/September2020\\/project1_1.mp4\",\"original_name\":\"project1_1.mp4\"}]'),(47,'Управление. Основные понятия','',NULL,'[]','[]',31,48,'2021-01-12 10:24:00','2021-01-22 16:49:28','upravlenie-osnovnye-ponyatiya-2',NULL,'[{\"download_link\":\"lessons\\/September2020\\/project1_2.mp4\",\"original_name\":\"project1_2.mp4\"}]'),(48,'Где применяется Управление проектами','',NULL,'[]','[]',31,49,'2021-01-12 10:24:00','2021-01-22 16:49:55','gde-primenyaetsya-upravlenie-proektami-2',NULL,'[{\"download_link\":\"lessons\\/September2020\\/project1_3.mp4\",\"original_name\":\"project1_3.mp4\"}]'),(49,'Профессия «Управление проектами»','',NULL,'[]','[]',31,50,'2021-01-12 10:25:00','2021-01-22 16:50:23','professiya-upravlenie-proektami-2',NULL,'[{\"download_link\":\"lessons\\/September2020\\/project1_4.mp4\",\"original_name\":\"project1_4.mp4\"}]'),(50,'Навыки для работы в управление проектами','',NULL,'[]','[]',31,51,'2021-01-12 10:25:00','2021-01-22 16:50:47','navyki-dlya-raboty-v-upravlenie-proektami-2',NULL,'[{\"download_link\":\"lessons\\/September2020\\/project1_5.mp4\",\"original_name\":\"project1_5.mp4\"}]'),(51,'Концепция проекта','',NULL,'[]','[]',32,52,'2021-01-12 10:25:00','2021-01-22 16:51:15','koncepciya-proekta-2',NULL,'[{\"download_link\":\"lessons\\/September2020\\/project2_1.mp4\",\"original_name\":\"project2_1.mp4\"}]'),(52,'Составляющие концепции','',NULL,'[]','[]',32,53,'2021-01-12 10:26:00','2021-01-22 16:51:38','sostavlyayushhie-koncepcii-2',NULL,'[{\"download_link\":\"lessons\\/September2020\\/project2_2.mp4\",\"original_name\":\"project2_2.mp4\"}]'),(53,'Цели и задачи проекта','',NULL,'[]','[]',32,54,'2021-01-12 10:26:00','2021-01-22 16:52:07','celi-i-zadaci-proekta-2',NULL,'[{\"download_link\":\"lessons\\/September2020\\/project2_3.mp4\",\"original_name\":\"project2_3.mp4\"}]'),(54,'Финансовая модель проекта','',NULL,'[]','[]',32,55,'2021-01-12 10:26:00','2021-01-22 16:52:29','finansovaya-model-proekta-2',NULL,'[{\"download_link\":\"lessons\\/September2020\\/project2_4.mp4\",\"original_name\":\"project2_4.mp4\"}]'),(55,'Расходы в финансовой модели проекта','',NULL,'[]','[]',32,56,'2021-01-12 10:26:00','2021-01-22 16:52:58','rasxody-v-finansovoi-modeli-proekta-2',NULL,'[{\"download_link\":\"lessons\\/September2020\\/project2_5.mp4\",\"original_name\":\"project2_5.mp4\"}]'),(56,'Структура команды','',NULL,'[]','[]',33,57,'2021-01-12 10:27:00','2021-01-22 16:54:10','struktura-komandy-2',NULL,'[{\"download_link\":\"lessons\\/September2020\\/project3_1.mp4\",\"original_name\":\"project3_1.mp4\"}]'),(57,'Система оплат команде ','',NULL,'[]','[]',33,58,'2021-01-12 10:27:00','2021-01-22 16:54:31','sistema-oplat-komande-2',NULL,'[{\"download_link\":\"lessons\\/September2020\\/project3_2.mp4\",\"original_name\":\"project3_2.mp4\"}]'),(58,'Где искать людей в команду','',NULL,'[]','[]',33,59,'2021-01-12 10:27:00','2021-01-22 16:54:51','gde-iskat-lyudei-v-komandu-2',NULL,'[{\"download_link\":\"lessons\\/September2020\\/project3_3.mp4\",\"original_name\":\"project3_3.mp4\"}]'),(59,'Планирование задач','',NULL,'[]','[]',33,60,'2021-01-12 10:27:00','2021-01-22 16:55:15','planirovanie-zadac-2',NULL,'[{\"download_link\":\"lessons\\/September2020\\/project3_4.mp4\",\"original_name\":\"project3_4.mp4\"}]c'),(60,'Методики планирования','',NULL,'[]','[]',33,61,'2021-01-12 10:27:00','2021-01-22 16:55:51','metodiki-planirovaniya-2',NULL,'[{\"download_link\":\"lessons\\/September2020\\/project3_5.mp4\",\"original_name\":\"project3_5.mp4\"}]'),(61,'Распределение задач','',NULL,'[]','[]',33,62,'2021-01-12 10:27:00','2021-01-22 16:57:02','raspredelenie-zadac-2',NULL,'[{\"download_link\":\"lessons\\/September2020\\/project3_6.mp4\",\"original_name\":\"project3_6.mp4\"}]'),(62,'Стиль управления','',NULL,'[]','[]',33,63,'2021-01-12 10:28:00','2021-01-22 16:57:26','stil-upravleniya-2',NULL,'[{\"download_link\":\"lessons\\/September2020\\/project3_7.mp4\",\"original_name\":\"project3_7.mp4\"}]'),(63,'Типы людей в команде','',NULL,'[]','[]',33,64,'2021-01-12 10:28:00','2021-01-22 16:57:51','tipy-lyudei-v-komande-2',NULL,'[{\"download_link\":\"lessons\\/September2020\\/project3_8.mp4\",\"original_name\":\"project3_8.mp4\"}]'),(64,'Обучать или брать специалиста','',NULL,'[]','[]',33,65,'2021-01-12 10:28:00','2021-01-22 16:58:18','obucat-ili-brat-specialista-2',NULL,'[{\"download_link\":\"lessons\\/September2020\\/project3_9.mp4\",\"original_name\":\"project3_9.mp4\"}]'),(65,'Как обрести уверенность?','',NULL,'[]','[]',33,66,'2021-01-12 10:28:00','2021-01-22 16:59:02','kak-obresti-uverennost-2',NULL,'[{\"download_link\":\"lessons\\/September2020\\/project3_10.mp4\",\"original_name\":\"project3_10.mp4\"}]'),(66,'Лидерство','',NULL,'[]','[]',33,67,'2021-01-12 10:29:00','2021-01-22 16:59:25','liderstvo-2',NULL,'[{\"download_link\":\"lessons\\/September2020\\/project3_11.mp4\",\"original_name\":\"project3_11.mp4\"}]'),(67,'Тренировка лидерства и уверенности','',NULL,'[]','[]',33,68,'2021-01-12 10:29:00','2021-01-22 17:00:02','trenirovka-liderstva-i-uverennosti-2',NULL,'[{\"download_link\":\"lessons\\/September2020\\/project3_12.mp4\",\"original_name\":\"project3_12.mp4\"}]'),(68,'Контроль','',NULL,'[]','[]',33,69,'2021-01-12 10:29:00','2021-01-22 17:00:31','kontrol-2',NULL,'[{\"download_link\":\"lessons\\/September2020\\/project3_13.mp4\",\"original_name\":\"project3_13.mp4\"}]'),(69,'Планерки','',NULL,'[]','[]',33,70,'2021-01-12 10:29:00','2021-01-22 17:00:51','planerki-2',NULL,'[{\"download_link\":\"lessons\\/September2020\\/project3_14.mp4\",\"original_name\":\"project3_14.mp4\"}]'),(70,'Тайм-менеджмент','',NULL,'[]','[]',33,71,'2021-01-12 10:29:00','2021-01-22 17:01:22','taim-menedzment-4',NULL,'[{\"download_link\":\"lessons\\/September2020\\/project3_15.mp4\",\"original_name\":\"project3_15.mp4\"}]'),(71,'Платформа для управления проектами','',NULL,'[]','[]',33,72,'2021-01-12 10:29:00','2021-01-22 17:01:51','platforma-dlya-upravleniya-proektami-2',NULL,'[{\"download_link\":\"lessons\\/September2020\\/project3_16.mp4\",\"original_name\":\"project3_16.mp4\"}]'),(72,'Мессенджеры','',NULL,'[]','[]',33,73,'2021-01-12 10:30:00','2021-01-22 17:02:17','messendzery-2',NULL,'[{\"download_link\":\"lessons\\/September2020\\/project3_17.mp4\",\"original_name\":\"project3_17.mp4\"}]'),(73,'Презентация своего проекта','',NULL,'[]','[]',33,73,'2021-01-12 10:30:00','2021-01-22 17:02:40','prezentaciya-svoego-proekta-2',NULL,'[{\"download_link\":\"lessons\\/September2020\\/project3_18.mp4\",\"original_name\":\"project3_18.mp4\"}]'),(74,'Мышление, окружение и замер релультата','',NULL,'[{\"download_link\":\"lessons\\/September2020\\/mobile_doc1_1.pdf\",\"original_name\":\"mobile_doc1_1.pdf\"}]','[]',34,75,'2021-01-12 10:34:00','2021-01-21 14:34:13','myslenie-okruzenie-i-zamer-relultata-2',NULL,'[{\"download_link\":\"lessons\\/September2020\\/mobile1_1.mp4\",\"original_name\":\"mobile1_1.mp4\"}]'),(75,'Постановка целей через SMART','',NULL,'[{\"download_link\":\"lessons\\/September2020\\/mobile_doc1_2.pdf\",\"original_name\":\"mobile_doc1_2.pdf\"}]','[]',34,76,'2021-01-12 10:34:00','2021-01-21 14:33:44','postanovka-celei-cerez-smart-2',NULL,'[{\"download_link\":\"lessons\\/September2020\\/mobile1_2.mp4\",\"original_name\":\"mobile1_2.mp4\"}]'),(76,'Как побороть «страх камеры»?','',NULL,'[{\"download_link\":\"lessons\\/September2020\\/mobile_doc1_3.pdf\",\"original_name\":\"mobile_doc1_3.pdf\"}]','[]',34,77,'2021-01-12 10:34:00','2021-01-21 14:33:07','kak-poborot-strax-kamery-2',NULL,'[{\"download_link\":\"lessons\\/September2020\\/mobile1_3.mp4\",\"original_name\":\"mobile1_3.mp4\"}]'),(77,'Этапы развития и нынешняя роль','',NULL,'[{\"download_link\":\"lessons\\/September2020\\/mobile_doc1_4.pdf\",\"original_name\":\"mobile_doc1_4.pdf\"}]','[]',34,78,'2021-01-12 10:34:00','2021-01-21 14:32:29','etapy-razvitiya-i-nynesnyaya-rol-2',NULL,'[{\"download_link\":\"lessons\\/September2020\\/mobile1_4.mp4\",\"original_name\":\"mobile1_4.mp4\"}]'),(78,'10 шагов к удачному фото','',NULL,'[]','[]',35,79,'2021-01-12 10:35:00','2021-01-21 10:12:12','10-sagov-k-udacnomu-foto',NULL,'[{\"download_link\":\"lessons\\/September2020\\/mobile2_1.mp4\",\"original_name\":\"mobile2_1.mp4\"}]'),(79,'Создай себе уникальный пресет в приложении LIGHTROOM! Теория и практикам','',NULL,'[{\"download_link\":\"lessons\\/September2020\\/mobile_doc2_2.pdf\",\"original_name\":\"mobile_doc2_2.pdf\"}]','[]',35,80,'2021-01-12 10:35:00','2021-01-21 14:36:50','sozdai-sebe-unikalnyi-preset-v-prilozenii-lightroom-teoriya-i-praktikam-2',NULL,'[{\"download_link\":\"lessons\\/September2020\\/mobile2_2.mp4\",\"original_name\":\"mobile2_2.mp4\"}]'),(80,'Обработка фотографий в приложении Snapseed','',NULL,'[{\"download_link\":\"lessons\\/September2020\\/mobile_doc2_3.pdf\",\"original_name\":\"mobile_doc2_3.pdf\"}]','[]',35,81,'2021-01-12 10:35:00','2021-01-21 14:36:15','obrabotka-fotografii-v-prilozenii-snapseed-2',NULL,'[{\"download_link\":\"lessons\\/September2020\\/mobile2_3.mp4\",\"original_name\":\"mobile2_3.mp4\"}]'),(81,'Возможности VSCO','',NULL,'[{\"download_link\":\"lessons\\/September2020\\/mobile_doc2_4.pdf\",\"original_name\":\"mobile_doc2_4.pdf\"}]','[]',35,82,'2021-01-12 10:35:00','2021-01-21 14:35:43','vozmoznosti-vsco-2',NULL,'[{\"download_link\":\"lessons\\/September2020\\/mobile2_4.mp4\",\"original_name\":\"mobile2_4.mp4\"}]'),(82,'Кради как художник. Платформы для идей','',NULL,'[{\"download_link\":\"lessons\\/September2020\\/mobile_doc2_5.pdf\",\"original_name\":\"mobile_doc2_5.pdf\"}]','[]',35,83,'2021-01-12 10:36:00','2021-01-21 14:41:35','kradi-kak-xudoznik-platformy-dlya-idei-2',NULL,'[{\"download_link\":\"lessons\\/September2020\\/mobile2_5.mp4\",\"original_name\":\"mobile2_5.mp4\"}]'),(83,'Ретушь лица и не только','',NULL,'[{\"download_link\":\"lessons\\/September2020\\/mobile_doc2_6.pdf\",\"original_name\":\"mobile_doc2_6.pdf\"}]','[]',35,84,'2021-01-12 10:36:00','2021-01-21 14:40:55','retus-lica-i-ne-tolko-2',NULL,'[{\"download_link\":\"lessons\\/September2020\\/mobile2_6.mp4\",\"original_name\":\"mobile2_6.mp4\"}]'),(84,'Креативить можно всегда! Топ-5 приложений для необычного фото','',NULL,'[{\"download_link\":\"lessons\\/September2020\\/mobile_doc2_7.pdf\",\"original_name\":\"mobile_doc2_7.pdf\"}]','[]',35,85,'2021-01-12 10:36:00','2021-01-21 14:40:13','kreativit-mozno-vsegda-top-5-prilozenii-dlya-neobycnogo-foto-2',NULL,'[{\"download_link\":\"lessons\\/September2020\\/mobile2_7.mp4\",\"original_name\":\"mobile2_7.mp4\"}]'),(85,'Food-сьемка','',NULL,'[]','[]',35,86,'2021-01-12 10:36:00','2021-01-21 10:14:25','food-semka',NULL,'[{\"download_link\":\"lessons\\/September2020\\/mobile2_8.mp4\",\"original_name\":\"mobile2_8.mp4\"}]'),(86,'Тренды мобильных сьемок 2020-2021  и их применение в создании космического контента','',NULL,'[{\"download_link\":\"lessons\\/September2020\\/mobile_doc2_9.pdf\",\"original_name\":\"mobile_doc2_9.pdf\"}]','[]',35,87,'2021-01-12 10:36:00','2021-01-21 14:39:15','trendy-mobilnyx-semok-2020-2021-i-ix-primenenie-v-sozdanii-kosmiceskogo-kontenta-2',NULL,'[{\"download_link\":\"lessons\\/September2020\\/mobile2_9.mp4\",\"original_name\":\"mobile2_9.mp4\"}]'),(87,'Все начинается с тебя','',NULL,'[]','[]',36,88,'2021-01-12 10:37:00','2021-01-21 10:21:52','vse-nacinaetsya-s-tebya-2',NULL,'[{\"download_link\":\"lessons\\/September2020\\/mobile3_1.mp4\",\"original_name\":\"mobile3_1.mp4\"}]'),(88,'Правила мобильной видеографий','',NULL,'[]','[]',36,89,'2021-01-12 10:37:00','2021-01-21 10:22:16','pravila-mobilnoi-videografii-2',NULL,'[{\"download_link\":\"lessons\\/September2020\\/mobile3_2.mp4\",\"original_name\":\"mobile3_2.mp4\"}]'),(89,'Пре-продакшн. Подготовка сценария и раскадровка','',NULL,'[{\"download_link\":\"lessons\\/September2020\\/mobile_doc3_11.pdf\",\"original_name\":\"mobile_doc3_11.pdf\"}]','[]',36,90,'2021-01-12 10:37:00','2021-01-22 14:54:18','pre-prodaksn-podgotovka-scenariya-i-raskadrovka-2',NULL,'[{\"download_link\":\"lessons\\/September2020\\/mobile3_11.mp4\",\"original_name\":\"mobile3_11.mp4\"}]'),(90,'Пост-продакшн. Монтаж видео. Топ-7 приложений для монтажа','',NULL,'[{\"download_link\":\"lessons\\/September2020\\/mobile_doc3_4.pdf\",\"original_name\":\"mobile_doc3_4.pdf\"}]','[]',36,91,'2021-01-12 10:37:00','2021-01-21 15:15:40','post-prodaksn-montaz-video-top-7-prilozenii-dlya-montaza',NULL,'[{\"download_link\":\"lessons\\/September2020\\/mobile3_4.mp4\",\"original_name\":\"mobile3_4.mp4\"}]'),(91,'Покраска с нуля. Цветокоррекция видео','',NULL,'[{\"download_link\":\"lessons\\/September2020\\/mobile_doc3_5.pdf\",\"original_name\":\"mobile_doc3_5.pdf\"}]','[]',36,92,'2021-01-12 10:37:00','2021-01-21 15:16:13','pokraska-s-nulya-cvetokorrekciya-video',NULL,'[{\"download_link\":\"lessons\\/September2020\\/mobile3_5.mp4\",\"original_name\":\"mobile3_5.mp4\"}]'),(92,'Видео анимация. От идеи до реализаций','',NULL,NULL,'[]',36,93,'2021-01-12 10:38:00','2021-01-22 14:43:37','video-animaciya-ot-idei-do-realizacii',NULL,'[{\"download_link\":\"lessons\\/September2020\\/mobile3_3.mp4\",\"original_name\":\"mobile3_3.mp4\"}]'),(93,'Как менять фон и элементы на видео. 3-D анимация','',NULL,'[{\"download_link\":\"lessons\\/September2020\\/mobile_doc3_6.pdf\",\"original_name\":\"mobile_doc3_6.pdf\"}]','[]',36,94,'2021-01-12 10:38:00','2021-01-22 14:47:44','kak-menyat-fon-i-elementy-na-video-3-d-animaciya',NULL,'[{\"download_link\":\"lessons\\/September2020\\/mobile3_6.mp4\",\"original_name\":\"mobile3_6.mp4\"}]'),(94,'Полезные Telegram каналы. Музыка','',NULL,'[{\"download_link\":\"lessons\\/September2020\\/mobile_doc3_7.pdf\",\"original_name\":\"mobile_doc3_7.pdf\"}]','[]',36,95,'2021-01-12 10:38:00','2021-01-22 14:49:40','poleznye-telegram-kanaly-muzyka',NULL,'[{\"download_link\":\"lessons\\/September2020\\/mobile3_7.mp4\",\"original_name\":\"mobile3_7.mp4\"}]'),(95,'Будь в тренде. Мобильный Production 2020-2021','',NULL,'[{\"download_link\":\"lessons\\/September2020\\/mobile_doc3_9.pdf\",\"original_name\":\"mobile_doc3_9.pdf\"}]','[]',36,96,'2021-01-12 10:38:00','2021-01-21 15:17:58','bud-v-trende-mobilnyi-production-2020-2021',NULL,'[{\"download_link\":\"lessons\\/September2020\\/mobile3_9.mp4\",\"original_name\":\"mobile3_9.mp4\"}]'),(96,'Работа с Тик-Ток','',NULL,'[{\"download_link\":\"lessons\\/September2020\\/mobile_doc3_10.pdf\",\"original_name\":\"mobile_doc3_10.pdf\"}]','[]',36,97,'2021-01-12 10:38:00','2021-01-21 15:18:36','rabota-s-tik-tok',NULL,'[{\"download_link\":\"lessons\\/September2020\\/mobile3_10.mp4\",\"original_name\":\"mobile3_10.mp4\"}]'),(97,'Как делаются крутые кадры?','',NULL,NULL,'[]',36,97,'2021-01-12 10:39:00','2021-01-22 14:54:59','kak-delayutsya-krutye-kadry',NULL,'[{\"download_link\":\"lessons\\/September2020\\/mobile3_8.mp4\",\"original_name\":\"mobile3_8.mp4\"}]'),(98,'Знакомство. Цель. О курсе','',NULL,'[]','[]',37,99,'2021-01-12 10:41:11','2021-01-12 10:41:26','znakomstvo-cel-o-kurse',NULL,'[]'),(99,'Что такое дизайн?','',NULL,'[]','[]',37,100,'2021-01-12 10:41:26','2021-01-12 10:41:38','cto-takoe-dizain',NULL,'[]'),(100,'4 ключевых элемента хорошего дизайна','',NULL,'[]','[]',37,101,'2021-01-12 10:41:38','2021-01-12 10:42:05','4-klyucevyx-elementa-xorosego-dizaina',NULL,'[]'),(101,'UI и UX дизайн','',NULL,'[]','[]',37,102,'2021-01-12 10:42:05','2021-01-12 10:42:21','ui-i-ux-dizain',NULL,'[]'),(102,'Hard Skills: 11 профессиональных навыков Web-дизайнера','',NULL,'[]','[]',37,103,'2021-01-12 10:42:21','2021-01-12 10:42:45','hard-skills-11-professionalnyx-navykov-web-dizainera',NULL,'[]'),(103,'Soft skills: 8 межличностных качеств проф.дизайнера','',NULL,'[]','[]',37,104,'2021-01-12 10:42:45','2021-01-12 10:42:55','soft-skills-8-mezlicnostnyx-kacestv-profdizainera',NULL,'[]'),(104,'Формируем собственную подборку референсов','',NULL,'[]','[]',37,105,'2021-01-12 10:42:55','2021-01-12 10:43:08','formiruem-sobstvennuyu-podborku-referensov',NULL,'[]'),(105,'Полезные сервисы по шрифтам. Работа с цветом','',NULL,'[]','[]',37,106,'2021-01-12 10:43:08','2021-01-12 10:43:21','poleznye-servisy-po-sriftam-rabota-s-cvetom',NULL,'[]'),(106,'Установка Figma','',NULL,'[]','[]',38,107,'2021-01-12 10:43:21','2021-01-12 10:43:35','ustanovka-figma',NULL,'[]'),(107,'Программы и приложения ','',NULL,'[]','[]',38,108,'2021-01-12 10:43:35','2021-01-12 10:43:47','programmy-i-prilozeniya',NULL,'[]'),(108,'Создаем UI элементы. Кнопки. Пагинация. Радиобаттон','',NULL,'[]','[]',38,109,'2021-01-12 10:43:47','2021-01-12 10:44:02','sozdaem-ui-elementy-knopki-paginaciya-radiobatton',NULL,'[]'),(109,'Создаем UI элементы. Кнопки. Пагинация. Радиобаттон (часть 2)','',NULL,'[]','[]',38,110,'2021-01-12 10:44:02','2021-01-12 10:44:14','sozdaem-ui-elementy-knopki-paginaciya-radiobatton-cast-2',NULL,'[]'),(110,'Создаем UI элементы. Форма логина. Форма оплаты','',NULL,'[]','[]',38,111,'2021-01-12 10:44:14','2021-01-12 10:44:26','sozdaem-ui-elementy-forma-logina-forma-oplaty',NULL,'[]'),(111,'Создаем UI элементы. Мессенджер. Выпадающий список. Поля поиска','',NULL,'[]','[]',38,112,'2021-01-12 10:44:26','2021-01-12 10:44:53','sozdaem-ui-elementy-messendzer-vypadayushhii-spisok-polya-poiska',NULL,'[]'),(112,'Создаем UX дизайн. Что может UX  дизайнер?','',NULL,'[]','[]',39,113,'2021-01-12 10:44:53','2021-01-12 10:45:04','sozdaem-ux-dizain-cto-mozet-ux-dizainer',NULL,'[]'),(113,'Создаем UX дизайн','',NULL,'[]','[]',39,114,'2021-01-12 10:45:04','2021-01-12 10:45:15','sozdaem-ux-dizain',NULL,'[]'),(114,'Создаем Web-дизайн по прототипу (часть 1)','',NULL,'[]','[]',39,115,'2021-01-12 10:45:15','2021-01-12 10:45:26','sozdaem-web-dizain-po-prototipu-cast-1',NULL,'[]'),(115,'Создаем Web-дизайн по прототипу (часть 2)','',NULL,'[]','[]',39,116,'2021-01-12 10:45:26','2021-01-12 10:45:36','sozdaem-web-dizain-po-prototipu-cast-2',NULL,'[]'),(116,'Создаем Web-дизайн по прототипу (часть 3)','',NULL,'[]','[]',39,117,'2021-01-12 10:45:36','2021-01-12 10:45:48','sozdaem-web-dizain-po-prototipu-cast-3',NULL,'[]'),(117,'Создаем Web-дизайн для мобильной версии','',NULL,'[]','[]',39,118,'2021-01-12 10:45:48','2021-01-12 10:45:57','sozdaem-web-dizain-dlya-mobilnoi-versii',NULL,'[]'),(118,'Создаем анимацию','',NULL,'[]','[]',39,119,'2021-01-12 10:45:57','2021-01-12 10:46:08','sozdaem-animaciyu',NULL,'[]'),(119,'Передача макет-дизайна верстальщику','',NULL,'[]','[]',39,NULL,'2021-01-12 10:46:08','2021-01-12 10:46:08','peredaca-maket-dizaina-verstalshhiku',NULL,'[]'),(120,'Введение','',NULL,'[]','[]',40,121,'2021-01-12 10:50:31','2021-01-12 10:50:43','vvedenie-3',NULL,'[]'),(121,'Что такое контент?','',NULL,'[]','[]',40,122,'2021-01-12 10:50:43','2021-01-12 10:50:54','cto-takoe-kontent',NULL,'[]'),(122,'Виды и типы контента','',NULL,'[]','[]',40,123,'2021-01-12 10:50:54','2021-01-12 10:51:06','vidy-i-tipy-kontenta',NULL,'[]'),(123,'Профессия «Контент менеджер»','',NULL,'[]','[]',40,124,'2021-01-12 10:51:06','2021-01-12 10:51:16','professiya-kontent-menedzer',NULL,'[]'),(124,'Аудитория','',NULL,'[]','[]',40,125,'2021-01-12 10:51:16','2021-01-12 10:51:29','auditoriya',NULL,'[]'),(125,'Аналитика','',NULL,'[]','[]',40,126,'2021-01-12 10:51:29','2021-01-12 10:51:42','analitika',NULL,'[]'),(126,'Нейромаркетинг','',NULL,'[]','[]',41,127,'2021-01-12 10:51:42','2021-01-12 10:51:54','neiromarketing',NULL,'[]'),(127,'Сторителлинг','',NULL,'[]','[]',41,128,'2021-01-12 10:51:53','2021-01-12 10:52:05','storitelling',NULL,'[]'),(128,'Триггеры','',NULL,'[]','[]',41,129,'2021-01-12 10:52:05','2021-01-12 10:52:22','triggery',NULL,'[]'),(129,'Копирайтинг','',NULL,'[]','[]',42,130,'2021-01-12 10:52:22','2021-01-12 10:52:34','kopiraiting-2',NULL,'[]'),(130,'Как перестать бояться писать','',NULL,'[]','[]',42,131,'2021-01-12 10:52:34','2021-01-12 10:52:45','kak-perestat-boyatsya-pisat',NULL,'[]'),(131,'Как заинтересовать человека за 1.5 секунды','',NULL,'[]','[]',42,132,'2021-01-12 10:52:45','2021-01-12 10:52:57','kak-zainteresovat-celoveka-za-15-sekundy',NULL,'[]'),(132,'Tone of voice','',NULL,'[]','[]',42,133,'2021-01-12 10:52:57','2021-01-12 10:53:10','tone-of-voice',NULL,'[]'),(133,'Оффер. Технология сильного предложения','',NULL,'[]','[]',42,134,'2021-01-12 10:53:10','2021-01-12 10:53:20','offer-texnologiya-silnogo-predlozeniya',NULL,'[]'),(134,'Как писать хорошия тексты?','',NULL,'[]','[]',42,135,'2021-01-12 10:53:20','2021-01-12 10:53:32','kak-pisat-xorosiya-teksty',NULL,'[]'),(135,'6 видов структуры текста','',NULL,'[]','[]',42,136,'2021-01-12 10:53:32','2021-01-12 10:53:49','6-vidov-struktury-teksta',NULL,'[]'),(136,'Визуальная коммуникация','',NULL,'[]','[]',43,137,'2021-01-12 10:53:49','2021-01-12 10:54:03','vizualnaya-kommunikaciya',NULL,'[]'),(137,'Что такое графический дизайн','',NULL,'[]','[]',43,138,'2021-01-12 10:54:02','2021-01-12 10:54:19','cto-takoe-graficeskii-dizain',NULL,'[]'),(138,'Мудборд','',NULL,'[]','[]',43,139,'2021-01-12 10:54:19','2021-01-12 10:54:31','mudbord',NULL,'[]'),(139,'Визуальный контент','',NULL,'[]','[]',43,140,'2021-01-12 10:54:31','2021-01-12 10:54:53','vizualnyi-kontent',NULL,'[]'),(140,'Бизнес аккаунт','',NULL,'[]','[]',44,141,'2021-01-12 10:54:53','2021-01-12 10:55:55','biznes-akkaunt',NULL,'[]'),(141,'Блогинг','',NULL,'[]','[]',44,142,'2021-01-12 10:55:55','2021-01-12 10:56:06','bloging',NULL,'[]'),(142,'Личный бренд','',NULL,'[]','[]',44,143,'2021-01-12 10:56:06','2021-01-12 10:56:21','licnyi-brend',NULL,'[]'),(143,'Контент для соц.сетей','',NULL,'[]','[]',44,144,'2021-01-12 10:56:21','2021-01-12 10:56:32','kontent-dlya-socsetei',NULL,'[]'),(144,'Сьемка контента','',NULL,'[]','[]',44,145,'2021-01-12 10:56:32','2021-01-12 10:56:43','semka-kontenta',NULL,'[]'),(145,'Публикация контента','',NULL,'[]','[]',44,146,'2021-01-12 10:56:43','2021-01-12 10:56:59','publikaciya-kontenta',NULL,'[]'),(146,'Платформа для продвижения контента','',NULL,'[]','[]',44,147,'2021-01-12 10:56:59','2021-01-12 10:57:09','platforma-dlya-prodvizeniya-kontenta',NULL,'[]'),(147,'Коллаборации','',NULL,'[]','[]',44,148,'2021-01-12 10:57:09','2021-01-12 10:57:23','kollaboracii',NULL,'[]'),(148,'Инструменты контент-менеджера','',NULL,'[]','[]',44,149,'2021-01-12 10:57:23','2021-01-12 10:57:41','instrumenty-kontent-menedzera',NULL,'[]'),(149,'Контент план','',NULL,'[]','[]',45,150,'2021-01-12 10:57:41','2021-01-12 10:57:54','kontent-plan',NULL,'[]'),(150,'Работа с подрядчиками','',NULL,'[]','[]',45,NULL,'2021-01-12 10:57:54','2021-01-12 10:57:54','rabota-s-podryadcikami',NULL,'[]'),(151,'Введение','',NULL,'[]','[]',46,152,'2021-01-12 11:01:15','2021-01-12 11:01:47','vvedenie-4',NULL,'[]'),(152,'Как устроен твой мозг?','',NULL,'[]','[]',46,153,'2021-01-12 11:01:47','2021-01-12 11:01:59','kak-ustroen-tvoi-mozg',NULL,'[]'),(153,'Гиппокамп','',NULL,'[]','[]',46,154,'2021-01-12 11:01:59','2021-01-12 11:02:10','gippokamp',NULL,'[]'),(154,'Тайм-менеджмент','',NULL,'[]','[]',46,155,'2021-01-12 11:02:10','2021-01-12 11:02:22','taim-menedzment-3',NULL,'[]'),(155,'Формирование привычек','',NULL,'[]','[]',46,156,'2021-01-12 11:02:22','2021-01-12 11:02:32','formirovanie-privycek',NULL,'[]'),(156,'Почему сон-это важно','',NULL,'[]','[]',46,157,'2021-01-12 11:02:32','2021-01-12 11:02:45','pocemu-son-eto-vazno',NULL,'[]'),(157,'Мотивация','',NULL,'[]','[]',46,NULL,'2021-01-12 11:02:45','2021-01-12 11:02:45','motivaciya',NULL,'[]'),(158,'Введение','',NULL,'[{\"download_link\":\"lessons\\/September2020\\/prog_doc1_1.pdf\",\"original_name\":\"prog_doc1_1.pdf\"}]','[]',47,159,'2021-01-12 11:16:00','2021-01-21 15:35:09','vvedenie-7',NULL,'[{\"download_link\":\"lessons\\/September2020\\/prog1_1.mp4\",\"original_name\":\"prog1_1.mp4\"}]'),(159,'Терминология','',NULL,'[]','[{\"download_link\":\"lessons\\/September2020\\/prog_homework1_2.pdf\",\"original_name\":\"prog_homework1_2.pdf\"}]',47,160,'2021-01-12 11:17:00','2021-01-22 11:57:14','terminologiya-2',NULL,'[{\"download_link\":\"lessons\\/September2020\\/prog1_2.mp4\",\"original_name\":\"prog1_2.mp4\"}]'),(160,'Настройка окружения','',NULL,'[]','[]',47,161,'2021-01-12 11:17:00','2021-01-20 23:15:59','nastroika-okruzeniya',NULL,'[{\"download_link\":\"lessons\\/September2020\\/prog1_3.mp4\",\"original_name\":\"prog1_3.mp4\"}]'),(161,'Первая программа «Hello world»','',NULL,'[]','[]',47,162,'2021-01-12 11:17:00','2021-01-20 23:15:51','pervaya-programma-hello-world',NULL,'[{\"download_link\":\"lessons\\/September2020\\/prog1_4.mp4\",\"original_name\":\"prog1_4.mp4\"}]'),(162,'Переменные','',NULL,'[]','[]',48,163,'2021-01-12 11:17:00','2021-01-21 10:26:09','peremennye',NULL,'[{\"download_link\":\"lessons\\/September2020\\/prog2_1.mp4\",\"original_name\":\"prog2_1.mp4\"}]'),(163,'Целые и вещественные числа, логический тип','',NULL,'[]','[]',48,164,'2021-01-12 11:18:00','2021-01-21 10:26:37','celye-i-veshhestvennye-cisla-logiceskii-tip-2',NULL,'[{\"download_link\":\"lessons\\/September2020\\/prog2_2.mp4\",\"original_name\":\"prog2_2.mp4\"}]'),(164,'Арифметические операции','',NULL,'[]','[]',48,165,'2021-01-12 11:18:00','2021-01-21 10:27:02','arifmeticeskie-operacii-2',NULL,'[{\"download_link\":\"lessons\\/September2020\\/prog2_3.mp4\",\"original_name\":\"prog2_3.mp4\"}]'),(165,'Условные операторы','',NULL,'[]','[]',48,166,'2021-01-12 11:18:00','2021-01-21 10:27:32','uslovnye-operatory-2',NULL,'[{\"download_link\":\"lessons\\/September2020\\/prog2_4.mp4\",\"original_name\":\"prog2_4.mp4\"}]'),(166,'Символы','',NULL,'[]','[]',49,167,'2021-01-12 11:19:00','2021-01-21 10:28:45','simvoly-2',NULL,'[{\"download_link\":\"lessons\\/September2020\\/prog3_1.mp4\",\"original_name\":\"prog3_1.mp4\"}]'),(167,'Строки','',NULL,'[]','[]',49,168,'2021-01-12 11:19:00','2021-01-21 10:29:08','stroki-2',NULL,'[{\"download_link\":\"lessons\\/September2020\\/prog3_2.mp4\",\"original_name\":\"prog3_2.mp4\"}]'),(168,'Ввод-Вывод','',NULL,'[]','[]',49,169,'2021-01-12 11:19:00','2021-01-21 10:29:34','vvod-vyvod-2',NULL,'[{\"download_link\":\"lessons\\/September2020\\/prog3_3.mp4\",\"original_name\":\"prog3_3.mp4\"}]'),(169,'Цикл For','',NULL,'[]','[]',50,170,'2021-01-12 11:19:00','2021-01-21 10:30:11','cikl-for-2',NULL,'[{\"download_link\":\"lessons\\/September2020\\/prog4_1.mp4\",\"original_name\":\"prog4_1.mp4\"}]'),(170,'Цикл While','',NULL,'[]','[]',50,171,'2021-01-12 11:20:00','2021-01-21 10:30:35','cikl-while-2',NULL,'[{\"download_link\":\"lessons\\/September2020\\/prog4_2.mp4\",\"original_name\":\"prog4_2.mp4\"}]'),(171,'Вложенные циклы','',NULL,'[]','[]',50,172,'2021-01-12 11:20:00','2021-01-21 10:31:02','vlozennye-cikly-2',NULL,'[{\"download_link\":\"lessons\\/September2020\\/prog4_3.mp4\",\"original_name\":\"prog4_3.mp4\"}]'),(172,'Практические задачи','',NULL,'[]','[]',50,173,'2021-01-12 11:20:00','2021-01-21 10:31:26','prakticeskie-zadaci-2',NULL,'[{\"download_link\":\"lessons\\/September2020\\/prog4_4.mp4\",\"original_name\":\"prog4_4.mp4\"}]'),(173,'Массивы\\списки (List)','',NULL,'[]','[]',51,174,'2021-01-12 11:20:00','2021-01-21 10:32:19','massivyspiski-list-2',NULL,'[{\"download_link\":\"lessons\\/September2020\\/prog5_1.mp4\",\"original_name\":\"prog5_1.mp4\"}]'),(174,'Кортежи (Tuples)','',NULL,'[]','[]',51,175,'2021-01-12 11:21:00','2021-01-21 10:32:42','kortezi-tuples-2',NULL,'[{\"download_link\":\"lessons\\/September2020\\/prog5_2.mp4\",\"original_name\":\"prog5_2.mp4\"}]'),(175,'Словари (Dictionary)','',NULL,'[]','[]',51,176,'2021-01-12 11:21:00','2021-01-21 10:33:06','slovari-dictionary-2',NULL,'[{\"download_link\":\"lessons\\/September2020\\/prog5_3.mp4\",\"original_name\":\"prog5_3.mp4\"}]'),(176,'Множества (Set)','',NULL,'[]','[]',51,177,'2021-01-12 11:21:00','2021-01-21 10:33:27','mnozestva-set-2',NULL,'[{\"download_link\":\"lessons\\/September2020\\/prog5_4.mp4\",\"original_name\":\"prog5_4.mp4\"}]'),(177,'List comprehension','',NULL,'[]','[]',51,178,'2021-01-12 11:21:00','2021-01-21 10:33:53','list-comprehension-2',NULL,'[{\"download_link\":\"lessons\\/September2020\\/prog5_5.mp4\",\"original_name\":\"prog5_5.mp4\"}]'),(178,'Понятие функции','',NULL,'[]','[]',52,179,'2021-01-12 11:21:00','2021-01-21 10:34:29','ponyatie-funkcii-2',NULL,'[{\"download_link\":\"lessons\\/September2020\\/prog6_1.mp4\",\"original_name\":\"prog6_1.mp4\"}]'),(179,'Аргументы, параметры, возврат значения ','',NULL,'[]','[]',52,180,'2021-01-12 11:22:00','2021-01-21 10:34:48','argumenty-parametry-vozvrat-znaceniya-2',NULL,'[{\"download_link\":\"lessons\\/September2020\\/prog6_2.mp4\",\"original_name\":\"prog6_2.mp4\"}]'),(180,'Встроенные функции','',NULL,'[]','[{\"download_link\":\"lessons\\/September2020\\/prog_homework6_3.pdf\",\"original_name\":\"prog_homework6_3.pdf\"}]',52,181,'2021-01-12 11:22:00','2021-01-22 11:58:09','vstroennye-funkcii',NULL,'[{\"download_link\":\"lessons\\/September2020\\/prog6_3.mp4\",\"original_name\":\"prog6_3.mp4\"}]'),(181,'Генераторы','',NULL,'[]','[]',52,182,'2021-01-12 11:22:00','2021-01-21 10:35:30','generatory-2',NULL,'[{\"download_link\":\"lessons\\/September2020\\/prog6_4.mp4\",\"original_name\":\"prog6_4.mp4\"}]'),(182,'Теория об ООП','',NULL,'[]','[]',53,183,'2021-01-12 11:22:00','2021-01-21 10:36:00','teoriya-ob-oop-2',NULL,'[{\"download_link\":\"lessons\\/September2020\\/prog7_1.mp4\",\"original_name\":\"prog7_1.mp4\"}]'),(183,'Классы, конструкотры, экземпляры','',NULL,'[]','[]',53,184,'2021-01-12 11:23:00','2021-01-21 10:36:22','klassy-konstrukotry-ekzemplyary-2',NULL,'[{\"download_link\":\"lessons\\/September2020\\/prog7_2.mp4\",\"original_name\":\"prog7_2.mp4\"}]'),(184,'Методы. Свойства','',NULL,'[]','[]',53,185,'2021-01-12 11:23:00','2021-01-21 10:36:40','metody-svoistva-2',NULL,'[{\"download_link\":\"lessons\\/September2020\\/prog7_3.mp4\",\"original_name\":\"prog7_3.mp4\"}]'),(185,'Наследование','',NULL,'[]','[]',53,186,'2021-01-12 11:23:00','2021-01-21 10:37:03','nasledovanie-2',NULL,'[{\"download_link\":\"lessons\\/September2020\\/prog7_4.mp4\",\"original_name\":\"prog7_4.mp4\"}]'),(186,'Конструкции Try-except-finally. Класс exception','',NULL,'[]','[{\"download_link\":\"lessons\\/September2020\\/prog_homework8_1.pdf\",\"original_name\":\"prog_homework8_1.pdf\"}]',54,187,'2021-01-12 11:24:00','2021-01-22 11:59:00','konstrukcii-try-except-finally-klass-exception',NULL,'[{\"download_link\":\"lessons\\/September2020\\/prog8_1.mp4\",\"original_name\":\"prog8_1.mp4\"}]'),(187,'Считывание из файла ','',NULL,'[]','[]',54,188,'2021-01-12 11:24:00','2021-01-21 10:38:07','scityvanie-iz-faila-2',NULL,'[{\"download_link\":\"lessons\\/September2020\\/prog8_2.mp4\",\"original_name\":\"prog8_2.mp4\"}]'),(188,'Запись в файл','',NULL,'[]','[]',54,188,'2021-01-12 11:25:00','2021-01-22 11:59:00','zapis-v-fail-2',NULL,'[{\"download_link\":\"lessons\\/September2020\\/prog8_3.mp4\",\"original_name\":\"prog8_3.mp4\"}]'),(189,'Введение','',NULL,'[]','[]',55,190,'2021-01-12 11:28:46','2021-01-12 11:28:58','vvedenie-6',NULL,'[]'),(190,'Основы маркетинга','',NULL,'[]','[]',55,191,'2021-01-12 11:28:00','2021-01-22 16:04:17','osnovy-marketinga-2',NULL,'[{\"download_link\":\"lessons\\/September2020\\/bussiness1_2.mp4\",\"original_name\":\"bussiness1_2.mp4\"}]'),(191,'Маркетинговое исследование','',NULL,'[{\"download_link\":\"lessons\\/September2020\\/business_doc1_3.pdf\",\"original_name\":\"business_doc1_3.pdf\"}]','[]',55,192,'2021-01-12 11:29:00','2021-01-22 16:05:49','marketingovoe-issledovanie',NULL,'[{\"download_link\":\"lessons\\/September2020\\/bussiness1_3.mp4\",\"original_name\":\"bussiness1_3.mp4\"}]'),(192,'Как быстро определить ЦА и составить аватар клиента','',NULL,'[{\"download_link\":\"lessons\\/September2020\\/business_doc1_4.pdf\",\"original_name\":\"business_doc1_4.pdf\"}]','[]',55,193,'2021-01-12 11:29:00','2021-01-22 16:06:25','kak-bystro-opredelit-ca-i-sostavit-avatar-klienta',NULL,'[{\"download_link\":\"lessons\\/September2020\\/bussiness1_4.mp4\",\"original_name\":\"bussiness1_4.mp4\"}]'),(193,'Анализируй и влвствуй','',NULL,'[{\"download_link\":\"lessons\\/September2020\\/business_doc1_5.pdf\",\"original_name\":\"business_doc1_5.pdf\"}]','[]',55,194,'2021-01-12 11:29:00','2021-01-22 16:06:50','analizirui-i-vlvstvui',NULL,'[{\"download_link\":\"lessons\\/September2020\\/bussiness1_5.mp4\",\"original_name\":\"bussiness1_5.mp4\"}]'),(194,'Упаковка бизнеса','',NULL,'[{\"download_link\":\"lessons\\/September2020\\/business_doc1_6.pdf\",\"original_name\":\"business_doc1_6.pdf\"}]','[]',55,195,'2021-01-12 11:29:00','2021-01-22 16:03:31','upakovka-biznesa-2',NULL,'[{\"download_link\":\"lessons\\/September2020\\/bussiness1_6.mp4\",\"original_name\":\"bussiness1_6.mp4\"}]'),(195,'Из чего состоит упаковка бизнеса?','',NULL,'[{\"download_link\":\"lessons\\/September2020\\/business_doc2_1.pdf\",\"original_name\":\"business_doc2_1.pdf\"}]','[]',56,196,'2021-01-12 11:29:00','2021-01-22 16:07:46','iz-cego-sostoit-upakovka-biznesa',NULL,'[{\"download_link\":\"lessons\\/September2020\\/bussiness2_1.mp4\",\"original_name\":\"bussiness2_1.mp4\"}]'),(196,'Смысловая карта','',NULL,'[]','[]',56,197,'2021-01-12 11:30:00','2021-01-22 16:08:17','smyslovaya-karta-2',NULL,'[{\"download_link\":\"lessons\\/September2020\\/bussiness2_2.mp4\",\"original_name\":\"bussiness2_2.mp4\"}]'),(197,'Создаем сильный личный бренд','',NULL,'[{\"download_link\":\"lessons\\/September2020\\/business_doc2_3.pdf\",\"original_name\":\"business_doc2_3.pdf\"}]','[]',56,198,'2021-01-12 11:30:00','2021-01-22 16:08:49','sozdaem-silnyi-licnyi-brend',NULL,'[{\"download_link\":\"lessons\\/September2020\\/bussiness2_3.mp4\",\"original_name\":\"bussiness2_3.mp4\"}]'),(198,'4 слоя упаковки','',NULL,'[{\"download_link\":\"lessons\\/September2020\\/business_doc2_6.pdf\",\"original_name\":\"business_doc2_6.pdf\"}]','[]',56,199,'2021-01-12 11:30:00','2021-01-22 16:09:28','4-sloya-upakovki',NULL,'[{\"download_link\":\"lessons\\/September2020\\/bussiness2_4.mp4\",\"original_name\":\"bussiness2_4.mp4\"}]'),(199,'Профессия-упаковщик','',NULL,'[{\"download_link\":\"lessons\\/September2020\\/business_doc2_5.pdf\",\"original_name\":\"business_doc2_5.pdf\"}]','[]',56,200,'2021-01-12 11:30:00','2021-01-22 16:09:54','professiya-upakovshhik',NULL,'[{\"download_link\":\"lessons\\/September2020\\/bussiness2_5.mp4\",\"original_name\":\"bussiness2_5.mp4\"}]'),(200,'Источники трафика','',NULL,'[{\"download_link\":\"lessons\\/September2020\\/business_doc2_6.pdf\",\"original_name\":\"business_doc2_6.pdf\"}]','[]',56,201,'2021-01-12 11:31:00','2021-01-22 16:10:36','istocniki-trafika',NULL,'[{\"download_link\":\"lessons\\/September2020\\/bussiness2_6.mp4\",\"original_name\":\"bussiness2_6.mp4\"}]'),(201,'Tone of  Voice','',NULL,'[{\"download_link\":\"lessons\\/September2020\\/business_doc3_1.pdf\",\"original_name\":\"business_doc3_1.pdf\"}]','[]',57,202,'2021-01-12 11:31:00','2021-01-22 16:11:14','tone-of-voice-2',NULL,'[{\"download_link\":\"lessons\\/September2020\\/bussiness3_1.mp4\",\"original_name\":\"bussiness3_1.mp4\"}]'),(202,'Аудитория. Цель и задачи текста','',NULL,'[{\"download_link\":\"lessons\\/September2020\\/business_doc3_2.pdf\",\"original_name\":\"business_doc3_2.pdf\"}]','[]',57,203,'2021-01-12 11:31:00','2021-01-22 16:11:40','auditoriya-cel-i-zadaci-teksta',NULL,'[{\"download_link\":\"lessons\\/September2020\\/bussiness3_2.mp4\",\"original_name\":\"bussiness3_2.mp4\"}]'),(203,'Заголовки','',NULL,'[{\"download_link\":\"lessons\\/September2020\\/business_doc3_3.pdf\",\"original_name\":\"business_doc3_3.pdf\"}]','[]',57,204,'2021-01-12 11:31:00','2021-01-22 16:13:29','zagolovki-2',NULL,'[{\"download_link\":\"lessons\\/September2020\\/bussiness3_3.mp4\",\"original_name\":\"bussiness3_3.mp4\"}]'),(204,'Модель AIDA','',NULL,'[{\"download_link\":\"lessons\\/September2020\\/business_doc3_4.pdf\",\"original_name\":\"business_doc3_4.pdf\"}]','[]',57,205,'2021-01-12 11:32:00','2021-01-22 16:17:22','model-aida',NULL,'[{\"download_link\":\"lessons\\/September2020\\/bussiness3_4.mp4\",\"original_name\":\"bussiness3_4.mp4\"}]'),(205,'Оффер на лендинге','',NULL,'[{\"download_link\":\"lessons\\/September2020\\/business_doc3_5.pdf\",\"original_name\":\"business_doc3_5.pdf\"}]','[]',57,206,'2021-01-12 11:32:00','2021-01-22 16:18:12','offer-na-lendinge',NULL,'[{\"download_link\":\"lessons\\/September2020\\/bussiness3_5.mp4\",\"original_name\":\"bussiness3_5.mp4\"}]'),(206,'Триггеры','',NULL,'[{\"download_link\":\"lessons\\/September2020\\/business_doc3_6.pdf\",\"original_name\":\"business_doc3_6.pdf\"}]','[]',57,207,'2021-01-12 11:32:00','2021-01-22 16:18:37','triggery-2',NULL,'[{\"download_link\":\"lessons\\/September2020\\/bussiness3_6.mp4\",\"original_name\":\"bussiness3_6.mp4\"}]'),(207,'Фрирайтинг','',NULL,'[{\"download_link\":\"lessons\\/September2020\\/business_doc3_7.pdf\",\"original_name\":\"business_doc3_7.pdf\"}]','[]',57,208,'2021-01-12 11:32:00','2021-01-22 16:19:02','friraiting',NULL,'[{\"download_link\":\"lessons\\/September2020\\/bussiness3_7.mp4\",\"original_name\":\"bussiness3_7.mp4\"}]'),(208,'Основы Web-дизайна','',NULL,'[]','[]',58,209,'2021-01-12 11:33:00','2021-01-22 16:19:44','osnovy-web-dizaina-2',NULL,'[{\"download_link\":\"lessons\\/September2020\\/bussiness4_1.mp4\",\"original_name\":\"bussiness4_1.mp4\"}]'),(209,'Структурирование сайтов','',NULL,'[]','[]',58,210,'2021-01-12 11:33:00','2021-01-22 16:20:12','strukturirovanie-saitov-2',NULL,'[{\"download_link\":\"lessons\\/September2020\\/bussiness4_2.mp4\",\"original_name\":\"bussiness4_2.mp4\"}]'),(210,'Прототипирование','',NULL,'[]','[]',58,211,'2021-01-12 11:33:00','2021-01-22 16:20:51','prototipirovanie-2',NULL,'[{\"download_link\":\"lessons\\/September2020\\/bussiness4_3.mp4\",\"original_name\":\"bussiness4_3.mp4\"}]'),(211,'Пользовательский интерфейс','',NULL,'[]','[]',58,212,'2021-01-12 11:33:00','2021-01-22 16:21:26','polzovatelskii-interfeis-2',NULL,'[{\"download_link\":\"lessons\\/September2020\\/bussiness4_4.mp4\",\"original_name\":\"bussiness4_4.mp4\"}]'),(212,'UX\\UI','',NULL,'[]','[]',58,213,'2021-01-12 11:33:00','2021-01-22 16:21:50','uxui-2',NULL,'[{\"download_link\":\"lessons\\/September2020\\/bussiness4_5.mp4\",\"original_name\":\"bussiness4_5.mp4\"}]'),(213,'Работа с дизайнером верстальщиком и заказчиком','',NULL,'[]','[]',58,214,'2021-01-12 11:34:00','2021-01-22 16:22:40','rabota-s-dizainerom-verstalshhikom-i-zakazcikom-2',NULL,'[{\"download_link\":\"lessons\\/September2020\\/bussiness4_6.mp4\",\"original_name\":\"bussiness4_6.mp4\"}]'),(214,'Верстка','',NULL,'[]','[]',58,215,'2021-01-12 11:34:00','2021-01-22 16:23:06','verstka-2',NULL,'[{\"download_link\":\"lessons\\/September2020\\/bussiness4_7.mp4\",\"original_name\":\"bussiness4_7.mp4\"}]'),(215,'Создание сайта на тильде','',NULL,'[]','[]',58,216,'2021-01-12 11:34:00','2021-01-22 16:23:32','sozdanie-saita-na-tilde-2',NULL,'[{\"download_link\":\"lessons\\/September2020\\/bussiness4_8.mp4\",\"original_name\":\"bussiness4_8.mp4\"}]'),(216,'Основы дизайна','',NULL,'[]','[]',59,217,'2021-01-12 11:34:00','2021-01-22 16:24:00','osnovy-dizaina-3',NULL,'[{\"download_link\":\"lessons\\/September2020\\/bussiness5_1.mp4\",\"original_name\":\"bussiness5_1.mp4\"}]'),(217,'Теория цвета','',NULL,'[]','[]',59,218,'2021-01-12 11:34:00','2021-01-22 16:24:23','teoriya-cveta-2',NULL,'[{\"download_link\":\"lessons\\/September2020\\/bussiness5_2.mp4\",\"original_name\":\"bussiness5_2.mp4\"}]'),(218,'Шрифты','',NULL,'[]','[]',59,219,'2021-01-12 11:37:00','2021-01-22 16:24:49','srifty-2',NULL,'[{\"download_link\":\"lessons\\/September2020\\/bussiness5_3.mp4\",\"original_name\":\"bussiness5_3.mp4\"}]'),(219,'Формирование насмотренности','',NULL,'[]','[]',59,220,'2021-01-12 11:37:00','2021-01-22 16:25:16','formirovanie-nasmotrennosti-2',NULL,'[{\"download_link\":\"lessons\\/September2020\\/bussiness5_4.mp4\",\"original_name\":\"bussiness5_4.mp4\"}]'),(220,'Как создать общую айдентику компании?','',NULL,'[]','[]',59,221,'2021-01-12 11:37:39','2021-01-12 11:37:52','kak-sozdat-obshhuyu-aidentiku-kompanii',NULL,'[]'),(221,'Создание фирменного стиля','',NULL,'[]','[]',59,222,'2021-01-12 11:37:52','2021-01-12 11:38:02','sozdanie-firmennogo-stilya',NULL,'[]'),(222,'Практика','',NULL,'[]','[]',59,223,'2021-01-12 11:38:02','2021-01-12 11:38:16','praktika',NULL,'[]'),(223,'Основные понятия и цель брендинга','',NULL,'[]','[]',60,224,'2021-01-12 11:38:16','2021-01-12 11:38:28','osnovnye-ponyatiya-i-cel-brendinga',NULL,'[]'),(224,'Алгоритм проектирования бренда','',NULL,'[]','[]',60,225,'2021-01-12 11:38:28','2021-01-12 11:38:40','algoritm-proektirovaniya-brenda',NULL,'[]'),(225,'Питч бренда ','',NULL,'[]','[]',60,226,'2021-01-12 11:38:40','2021-01-12 11:38:51','pitc-brenda',NULL,'[]'),(226,'Позиционирование и цель бренда','',NULL,'[]','[]',60,227,'2021-01-12 11:38:51','2021-01-12 11:39:02','pozicionirovanie-i-cel-brenda',NULL,'[]'),(227,'Индивидуальность и тональность бренда','',NULL,'[]','[]',60,228,'2021-01-12 11:39:02','2021-01-12 11:39:15','individualnost-i-tonalnost-brenda',NULL,'[]'),(228,'Свод анализ','',NULL,'[]','[]',60,229,'2021-01-12 11:39:15','2021-01-12 11:39:25','svod-analiz',NULL,'[]'),(229,'Архетипы брендов','',NULL,'[]','[]',60,230,'2021-01-12 11:39:25','2021-01-12 11:39:41','arxetipy-brendov',NULL,'[]'),(230,'Анализ эффективности и источников трафика','',NULL,'[{\"download_link\":\"lessons\\/September2020\\/business_doc7_1.pdf\",\"original_name\":\"business_doc7_1.pdf\"}]','[]',61,231,'2021-01-12 11:39:00','2021-01-21 16:08:48','analiz-effektivnosti-i-istocnikov-trafika-2',NULL,'[]'),(231,'Анализ сайта и поведения пользователей','',NULL,'[{\"download_link\":\"lessons\\/September2020\\/business_doc7_2.pdf\",\"original_name\":\"business_doc7_2.pdf\"}]','[]',61,232,'2021-01-12 11:39:00','2021-01-21 16:09:23','analiz-saita-i-povedeniya-polzovatelei-2',NULL,'[]'),(232,'Customer journey map','',NULL,'[{\"download_link\":\"lessons\\/September2020\\/business_doc7_3.pdf\",\"original_name\":\"business_doc7_3.pdf\"}]','[]',61,233,'2021-01-12 11:40:00','2021-01-21 16:09:41','customer-journey-map-2',NULL,'[]'),(233,'UX-аналитика','',NULL,'[{\"download_link\":\"lessons\\/September2020\\/business_doc7_4.pdf\",\"original_name\":\"business_doc7_4.pdf\"}]','[]',61,233,'2021-01-12 11:40:00','2021-01-22 16:25:16','ux-analitika',NULL,'[]'),(234,'Вводный урок','',NULL,'[]','[]',62,235,'2021-01-12 11:43:00','2021-01-22 18:58:41','vvodnyi-urok-2',NULL,'[{\"download_link\":\"lessons\\/September2020\\/marketing1_1.mp4\",\"original_name\":\"marketing1_1.mp4\"}]'),(235,'Что такое маркетинг?','',NULL,'[]','[]',62,236,'2021-01-12 11:43:00','2021-01-22 18:59:34','cto-takoe-marketing-2',NULL,'[{\"download_link\":\"lessons\\/September2020\\/marketing1_2.mp4\",\"original_name\":\"marketing1_2.mp4\"}]'),(236,'Цели и задачи маркетинга','',NULL,'[]','[]',62,237,'2021-01-12 11:43:00','2021-01-22 19:00:10','celi-i-zadaci-marketinga-2',NULL,'[{\"download_link\":\"lessons\\/September2020\\/marketing1_3.mp4\",\"original_name\":\"marketing1_3.mp4\"}]'),(237,'Профессия «Маркетолог»','',NULL,'[]','[]',62,238,'2021-01-12 11:44:00','2021-01-22 19:01:18','professiya-marketolog-2',NULL,'[{\"download_link\":\"lessons\\/September2020\\/marketing1_4.mp4\",\"original_name\":\"marketing1_4.mp4\"}]'),(238,'Профессия «Маркетолог» (часть 2)','',NULL,'[]','[]',62,239,'2021-01-12 11:44:00','2021-01-22 19:01:47','professiya-marketolog-cast-2',NULL,'[{\"download_link\":\"lessons\\/September2020\\/marketing1_5.mp4\",\"original_name\":\"marketing1_5.mp4\"}]'),(239,'Концепция «Маркетинг на результат» или «Performance-marketing»','',NULL,'[]','[]',62,240,'2021-01-12 11:44:00','2021-01-22 19:02:16','koncepciya-marketing-na-rezultat-ili-performance-marketing-2',NULL,'[{\"download_link\":\"lessons\\/September2020\\/marketing1_6.mp4\",\"original_name\":\"marketing1_6.mp4\"}]'),(240,'Основные термины в маркетинге','',NULL,'[]','[]',62,241,'2021-01-12 11:45:00','2021-01-22 19:07:51','osnovnye-terminy-v-marketinge',NULL,'[{\"download_link\":\"lessons\\/September2020\\/marketing1_6.mp4\",\"original_name\":\"marketing1_7.mp4\"}]'),(241,'Алгоритм маркетинга','',NULL,'[]','[]',62,242,'2021-01-12 11:45:17','2021-01-12 11:45:29','algoritm-marketinga',NULL,'[]'),(242,'Что должен уметь маркетолог?','',NULL,'[]','[]',62,243,'2021-01-12 11:45:29','2021-01-12 11:45:41','cto-dolzen-umet-marketolog',NULL,'[]'),(243,'Визуальное мышление','',NULL,'[]','[]',63,244,'2021-01-12 11:45:00','2021-01-22 19:09:50','vizualnoe-myslenie-2',NULL,'[{\"download_link\":\"lessons\\/September2020\\/marketing2_1.mp4\",\"original_name\":\"marketing2_1.mp4\"}]'),(244,'Основы дизайна','',NULL,'[]','[]',63,245,'2021-01-12 11:45:00','2021-01-22 19:09:34','osnovy-dizaina',NULL,'[{\"download_link\":\"lessons\\/September2020\\/marketing2_2.mp4\",\"original_name\":\"marketing2_2.mp4\"}]'),(245,'Типографика','',NULL,'[]','[]',63,246,'2021-01-12 11:46:00','2021-01-22 19:14:25','tipografika-2',NULL,'[{\"download_link\":\"lessons\\/September2020\\/marketing2_3.mp4\",\"original_name\":\"marketing2_3.mp4\"}]'),(246,'Работа с дизайнером','',NULL,'[]','[]',63,247,'2021-01-12 11:46:00','2021-01-22 19:14:49','rabota-s-dizainerom-2',NULL,'[{\"download_link\":\"lessons\\/September2020\\/marketing2_4.mp4\",\"original_name\":\"marketing2_4.mp4\"}]'),(247,'Креативность','',NULL,'[]','[]',63,248,'2021-01-12 11:46:00','2021-01-22 19:15:09','kreativnost-2',NULL,'[{\"download_link\":\"lessons\\/September2020\\/marketing2_5.mp4\",\"original_name\":\"marketing2_5.mp4\"}]'),(248,'Развитие креативности','',NULL,'[]','[]',63,249,'2021-01-12 11:46:00','2021-01-22 19:15:54','razvitie-kreativnosti-2',NULL,'[{\"download_link\":\"lessons\\/September2020\\/marketing2_6.mp4\",\"original_name\":\"marketing2_6.mp4\"}]'),(249,'Психология клиента','',NULL,'[]','[]',63,250,'2021-01-12 11:46:00','2021-01-22 19:17:45','psixologiya-klienta-2',NULL,'[{\"download_link\":\"lessons\\/September2020\\/marketing2_7.mp4\",\"original_name\":\"marketing2_7.mp4\"}]'),(250,'Аватар клиента','',NULL,'[]','[]',63,251,'2021-01-12 11:47:00','2021-01-22 19:18:16','avatar-klienta-2',NULL,'[{\"download_link\":\"lessons\\/September2020\\/marketing2_8.mp4\",\"original_name\":\"marketing2_8.mp4\"}]'),(251,'Аналитика','',NULL,'[]','[]',64,252,'2021-01-12 11:47:22','2021-01-12 11:47:39','analitika-2',NULL,'[]'),(252,'Операционная аналитика','',NULL,'[]','[]',64,253,'2021-01-12 11:47:39','2021-01-12 11:47:49','operacionnaya-analitika',NULL,'[]'),(253,'Трафик','',NULL,'[]','[]',64,254,'2021-01-12 11:47:49','2021-01-12 11:48:00','trafik',NULL,'[]'),(254,'Обработка','',NULL,'[]','[]',64,255,'2021-01-12 11:48:00','2021-01-12 11:48:10','obrabotka',NULL,'[]'),(255,'Монетизация','',NULL,'[]','[]',64,256,'2021-01-12 11:48:09','2021-01-12 11:48:44','monetizaciya',NULL,'[]'),(256,'Контент-маркетинг','',NULL,'[]','[]',64,257,'2021-01-12 11:48:44','2021-01-12 11:48:55','kontent-marketing',NULL,'[]'),(257,'Типы контента','',NULL,'[]','[]',64,258,'2021-01-12 11:48:55','2021-01-12 11:49:11','tipy-kontenta',NULL,'[]'),(258,'Разработка рубрикатора для соц.сетей','',NULL,'[]','[]',64,259,'2021-01-12 11:49:11','2021-01-12 11:49:27','razrabotka-rubrikatora-dlya-socsetei',NULL,'[]'),(259,'Аналитика в соц.сетях','',NULL,'[]','[]',64,260,'2021-01-12 11:49:27','2021-01-12 11:49:37','analitika-v-socsetyax',NULL,'[]'),(260,'Виды видеоконтента в СММ','',NULL,'[]','[]',64,261,'2021-01-12 11:49:37','2021-01-12 11:49:55','vidy-videokontenta-v-smm',NULL,'[]'),(261,'Приветствие Таукехан','',NULL,'[]','[]',64,262,'2021-01-12 11:49:55','2021-01-12 11:50:07','privetstvie-taukexan',NULL,'[]'),(262,'Таргетинг в фейсбуке и Инстаграма','',NULL,'[]','[]',64,263,'2021-01-12 11:50:07','2021-01-12 11:50:18','targeting-v-feisbuke-i-instagrama',NULL,'[]'),(263,'Процесс ведения таргетинга','',NULL,'[]','[]',64,264,'2021-01-12 11:50:18','2021-01-12 11:50:30','process-vedeniya-targetinga',NULL,'[]'),(264,'Как настраивать группу обьявления','',NULL,'[]','[]',64,265,'2021-01-12 11:50:30','2021-01-12 11:50:43','kak-nastraivat-gruppu-obyavleniya',NULL,'[]'),(265,'Как создавать рекламу?','',NULL,'[]','[]',64,266,'2021-01-12 11:50:43','2021-01-12 11:50:54','kak-sozdavat-reklamu',NULL,'[]'),(266,'Аналитика','',NULL,'[]','[]',65,267,'2021-01-12 11:50:54','2021-01-12 11:51:09','analitika-3',NULL,'[]'),(267,'Встроенная формула в Инстаграме','',NULL,'[]','[]',65,268,'2021-01-12 11:51:09','2021-01-12 11:51:25','vstroennaya-formula-v-instagrame',NULL,'[]'),(268,'Виды рекламы','',NULL,'[]','[]',65,269,'2021-01-12 11:51:25','2021-01-12 11:51:36','vidy-reklamy',NULL,'[]'),(269,'Практика. Рекламная компания в Гугл','',NULL,'[]','[]',65,270,'2021-01-12 11:51:36','2021-01-12 11:51:51','praktika-reklamnaya-kompaniya-v-gugl',NULL,'[]'),(270,'Создание рекламного контента для соц.сетей','',NULL,'[]','[{\"download_link\":\"lessons\\/September2020\\/prog_homework1_1.pdf\",\"original_name\":\"prog_homework1_1.pdf\"}]',65,271,'2021-01-12 11:51:00','2021-01-22 11:56:41','sozdanie-reklamnogo-kontenta-dlya-socsetei-2',NULL,'[]'),(271,'Что такое CRM?','',NULL,'[]','[]',65,272,'2021-01-12 11:52:02','2021-01-12 11:52:16','cto-takoe-crm',NULL,'[]'),(272,'Зачем нужна CRM система и какие есть преимущества?','',NULL,'[]','[]',65,273,'2021-01-12 11:52:16','2021-01-12 11:52:27','zacem-nuzna-crm-sistema-i-kakie-est-preimushhestva',NULL,'[]'),(273,'Какие есть CRM системы?','',NULL,'[]','[]',65,274,'2021-01-12 11:52:27','2021-01-12 11:52:38','kakie-est-crm-sistemy',NULL,'[]'),(274,'Базовые настройки CRM-системы','',NULL,'[]','[]',65,275,'2021-01-12 11:52:38','2021-01-12 11:52:51','bazovye-nastroiki-crm-sistemy',NULL,'[]'),(275,'Создание рассылок','',NULL,'[]','[]',65,276,'2021-01-12 11:52:51','2021-01-12 11:53:04','sozdanie-rassylok',NULL,'[]'),(276,'Что такое e-mail рассылка?','',NULL,'[]','[]',65,277,'2021-01-12 11:53:04','2021-01-12 11:53:18','cto-takoe-e-mail-rassylka',NULL,'[]'),(277,'Какие есть сервисы для e-mail рассылки?','',NULL,'[]','[]',65,278,'2021-01-12 11:53:18','2021-01-12 11:53:30','kakie-est-servisy-dlya-e-mail-rassylki',NULL,'[]'),(278,'Базовые настройки e-mail рассылки','',NULL,'[]','[]',65,279,'2021-01-12 11:53:30','2021-01-12 11:53:41','bazovye-nastroiki-e-mail-rassylki',NULL,'[]'),(279,'Маркетинговый план','',NULL,'[]','[]',65,279,'2021-01-12 11:53:41','2021-01-22 19:18:16','marketingovyi-plan',NULL,'[]');
/*!40000 ALTER TABLE `lessons` ENABLE KEYS */;
UNLOCK TABLES;

--
-- Table structure for table `menu_items`
--

DROP TABLE IF EXISTS `menu_items`;
/*!40101 SET @saved_cs_client     = @@character_set_client */;
/*!50503 SET character_set_client = utf8mb4 */;
CREATE TABLE `menu_items` (
  `id` int unsigned NOT NULL AUTO_INCREMENT,
  `menu_id` int unsigned DEFAULT NULL,
  `title` varchar(255) CHARACTER SET utf8mb4 COLLATE utf8mb4_unicode_ci NOT NULL,
  `url` varchar(255) CHARACTER SET utf8mb4 COLLATE utf8mb4_unicode_ci NOT NULL,
  `target` varchar(255) CHARACTER SET utf8mb4 COLLATE utf8mb4_unicode_ci NOT NULL DEFAULT '_self',
  `icon_class` varchar(255) CHARACTER SET utf8mb4 COLLATE utf8mb4_unicode_ci DEFAULT NULL,
  `color` varchar(255) CHARACTER SET utf8mb4 COLLATE utf8mb4_unicode_ci DEFAULT NULL,
  `parent_id` int DEFAULT NULL,
  `order` int NOT NULL,
  `created_at` timestamp NULL DEFAULT NULL,
  `updated_at` timestamp NULL DEFAULT NULL,
  `route` varchar(255) CHARACTER SET utf8mb4 COLLATE utf8mb4_unicode_ci DEFAULT NULL,
  `parameters` text CHARACTER SET utf8mb4 COLLATE utf8mb4_unicode_ci,
  PRIMARY KEY (`id`),
  KEY `menu_items_menu_id_foreign` (`menu_id`),
  CONSTRAINT `menu_items_menu_id_foreign` FOREIGN KEY (`menu_id`) REFERENCES `menus` (`id`) ON DELETE CASCADE
) ENGINE=InnoDB AUTO_INCREMENT=27 DEFAULT CHARSET=utf8mb4 COLLATE=utf8mb4_unicode_ci;
/*!40101 SET character_set_client = @saved_cs_client */;

--
-- Dumping data for table `menu_items`
--

LOCK TABLES `menu_items` WRITE;
/*!40000 ALTER TABLE `menu_items` DISABLE KEYS */;
INSERT INTO `menu_items` VALUES (1,1,'Dashboard','','_self','voyager-boat',NULL,NULL,7,'2020-08-20 00:11:45','2020-11-26 13:09:52','voyager.dashboard',NULL),(2,1,'Media','','_self','voyager-images',NULL,NULL,9,'2020-08-20 00:11:45','2020-11-26 13:09:50','voyager.media.index',NULL),(3,1,'Пользователи','','_self','voyager-person','#000000',NULL,4,'2020-08-20 00:11:45','2020-09-09 02:44:51','voyager.users.index','null'),(4,1,'Roles','','_self','voyager-lock',NULL,NULL,8,'2020-08-20 00:11:45','2020-11-26 13:09:50','voyager.roles.index',NULL),(5,1,'Tools','','_self','voyager-tools',NULL,NULL,10,'2020-08-20 00:11:46','2020-11-26 13:09:50',NULL,NULL),(6,1,'Menu Builder','','_self','voyager-list',NULL,5,1,'2020-08-20 00:11:46','2020-08-24 02:37:06','voyager.menus.index',NULL),(7,1,'Database','','_self','voyager-data',NULL,5,2,'2020-08-20 00:11:46','2020-08-24 02:37:06','voyager.database.index',NULL),(8,1,'Compass','','_self','voyager-compass',NULL,5,3,'2020-08-20 00:11:46','2020-08-24 02:37:06','voyager.compass.index',NULL),(9,1,'BREAD','','_self','voyager-bread',NULL,5,4,'2020-08-20 00:11:46','2020-08-24 02:37:06','voyager.bread.index',NULL),(10,1,'Settings','','_self','voyager-settings',NULL,NULL,11,'2020-08-20 00:11:47','2020-11-26 13:09:50','voyager.settings.index',NULL),(11,1,'Hooks','','_self','voyager-hook',NULL,5,5,'2020-08-20 00:11:56','2020-08-24 02:37:06','voyager.hooks',NULL),(14,1,'Колледжы','','_self','voyager-trophy',NULL,NULL,6,'2020-08-20 03:10:07','2020-11-26 13:09:52','voyager.colleges.index',NULL),(17,1,'Категории курсов','','_self','voyager-list',NULL,NULL,1,'2020-08-23 02:27:58','2020-09-09 02:44:45','voyager.categories.index',NULL),(19,1,'Задании','','_self','voyager-pen',NULL,NULL,3,'2020-08-23 03:32:56','2020-09-09 02:44:51','voyager.tasks.index',NULL),(21,1,'Уроки','','_self','voyager-file-text','#000000',NULL,2,'2020-09-09 00:54:47','2020-09-09 02:45:30','voyager.lessons.index','null'),(22,1,'Спикеры','','_self','voyager-people','#000000',NULL,5,'2020-11-26 13:08:54','2020-11-26 13:09:46','voyager.speakers.index','null'),(23,1,'Вебинары','','_self','voyager-star-two',NULL,NULL,12,'2020-12-14 04:04:05','2020-12-14 04:04:05','voyager.webinars.index',NULL),(24,1,'Как проходит обучение','','_self','voyager-book',NULL,NULL,13,'2020-12-14 04:47:15','2020-12-14 04:47:15','voyager.tuitions.index',NULL),(25,1,'Как будет проходить обучение?','','_self','voyager-documentation',NULL,NULL,14,'2020-12-14 04:55:26','2020-12-14 04:55:26','voyager.instructions.index',NULL),(26,1,'Компании-партнеры','','_self','voyager-world',NULL,NULL,15,'2020-12-14 13:03:19','2020-12-14 13:03:19','voyager.partners.index',NULL);
/*!40000 ALTER TABLE `menu_items` ENABLE KEYS */;
UNLOCK TABLES;

--
-- Table structure for table `menus`
--

DROP TABLE IF EXISTS `menus`;
/*!40101 SET @saved_cs_client     = @@character_set_client */;
/*!50503 SET character_set_client = utf8mb4 */;
CREATE TABLE `menus` (
  `id` int unsigned NOT NULL AUTO_INCREMENT,
  `name` varchar(255) CHARACTER SET utf8mb4 COLLATE utf8mb4_unicode_ci NOT NULL,
  `created_at` timestamp NULL DEFAULT NULL,
  `updated_at` timestamp NULL DEFAULT NULL,
  PRIMARY KEY (`id`),
  UNIQUE KEY `menus_name_unique` (`name`)
) ENGINE=InnoDB AUTO_INCREMENT=2 DEFAULT CHARSET=utf8mb4 COLLATE=utf8mb4_unicode_ci;
/*!40101 SET character_set_client = @saved_cs_client */;

--
-- Dumping data for table `menus`
--

LOCK TABLES `menus` WRITE;
/*!40000 ALTER TABLE `menus` DISABLE KEYS */;
INSERT INTO `menus` VALUES (1,'admin','2020-08-20 00:11:45','2020-08-20 00:11:45');
/*!40000 ALTER TABLE `menus` ENABLE KEYS */;
UNLOCK TABLES;

--
-- Table structure for table `message_media`
--

DROP TABLE IF EXISTS `message_media`;
/*!40101 SET @saved_cs_client     = @@character_set_client */;
/*!50503 SET character_set_client = utf8mb4 */;
CREATE TABLE `message_media` (
  `id` bigint unsigned NOT NULL AUTO_INCREMENT,
  `message_id` int NOT NULL,
  `payload` text CHARACTER SET utf8mb4 COLLATE utf8mb4_unicode_ci NOT NULL,
  `is_forwarded` tinyint NOT NULL DEFAULT '0',
  `created_at` timestamp NULL DEFAULT NULL,
  `updated_at` timestamp NULL DEFAULT NULL,
  `media` text CHARACTER SET utf8mb4 COLLATE utf8mb4_unicode_ci,
  PRIMARY KEY (`id`)
) ENGINE=InnoDB AUTO_INCREMENT=49 DEFAULT CHARSET=utf8mb4 COLLATE=utf8mb4_unicode_ci;
/*!40101 SET character_set_client = @saved_cs_client */;

--
-- Dumping data for table `message_media`
--

LOCK TABLES `message_media` WRITE;
/*!40000 ALTER TABLE `message_media` DISABLE KEYS */;
INSERT INTO `message_media` VALUES (1,22,'[{\"path\":\"https:\\/\\/academy-white.sgp1.digitaloceanspaces.com\\/public\\/uploads\\/0Oc9xHsZ4e6K8b8wEvChbyMoluzrOzH9pjYt3uk3.png\",\"type\":\"image\",\"name\":\"0Oc9xHsZ4e6K8b8wEvChbyMoluzrOzH9pjYt3uk3.png\",\"extension\":\".png\",\"size\":36207}]',0,'2020-09-11 05:29:35','2020-09-11 05:29:35',NULL),(2,23,'[{\"path\":\"https:\\/\\/academy-white.sgp1.digitaloceanspaces.com\\/public\\/uploads\\/rnXVzFn02CJPj6F2sCd6BohZn8sKTobnu9r97wT8.png\",\"type\":\"image\",\"name\":\"rnXVzFn02CJPj6F2sCd6BohZn8sKTobnu9r97wT8.png\",\"extension\":\".png\",\"size\":32216}]',0,'2020-09-11 05:36:56','2020-09-11 05:36:56',NULL),(3,24,'[{\"path\":\"https:\\/\\/academy-white.sgp1.digitaloceanspaces.com\\/public\\/uploads\\/18puHRS1c4cqxx4EMd4rKsymmkYX1wyu6uv1j6BO.png\",\"type\":\"image\",\"name\":\"18puHRS1c4cqxx4EMd4rKsymmkYX1wyu6uv1j6BO.png\",\"extension\":\".png\",\"size\":10969}]',0,'2020-09-11 05:49:43','2020-09-11 05:49:43',NULL),(4,30,'[{\"path\":\"https:\\/\\/academy-white.sgp1.digitaloceanspaces.com\\/public\\/uploads\\/4zW3G6jV2vAy8YyjI63ZnJvM8AFdmdeDHmOgyuD8.png\",\"type\":\"image\",\"name\":\"4zW3G6jV2vAy8YyjI63ZnJvM8AFdmdeDHmOgyuD8.png\",\"extension\":\".png\",\"size\":32216}]',0,'2020-09-11 06:27:56','2020-09-11 06:27:56',NULL),(5,33,'[{\"path\":\"https:\\/\\/academy-white.sgp1.digitaloceanspaces.com\\/public\\/uploads\\/IT2MIWUsU9nU3qhtJfx0AnNhxyIWTC3AIBU5NTHd.png\",\"type\":\"image\",\"name\":\"IT2MIWUsU9nU3qhtJfx0AnNhxyIWTC3AIBU5NTHd.png\",\"extension\":\".png\",\"size\":7295}]',0,'2020-09-11 06:34:37','2020-09-11 06:34:37',NULL),(6,34,'[{\"path\":\"https:\\/\\/academy-white.sgp1.digitaloceanspaces.com\\/public\\/uploads\\/tbvcL0dRYd0BySUxkuONvnmigtH7X0HOlhZh0uTF.svg\",\"type\":\"image\",\"name\":\"tbvcL0dRYd0BySUxkuONvnmigtH7X0HOlhZh0uTF.svg\",\"extension\":\".svg\",\"size\":27542}]',0,'2020-09-11 06:36:14','2020-09-11 06:36:14',NULL),(7,35,'[{\"path\":\"https:\\/\\/academy-white.sgp1.digitaloceanspaces.com\\/public\\/uploads\\/y068cTcnsKBE7yWaAFVKLoW3q0PsEghZjo3cxQB8.png\",\"type\":\"image\",\"name\":\"y068cTcnsKBE7yWaAFVKLoW3q0PsEghZjo3cxQB8.png\",\"extension\":\".png\",\"size\":32216}]',0,'2020-09-11 06:37:22','2020-09-11 06:37:22',NULL),(8,36,'[{\"path\":\"https:\\/\\/academy-white.sgp1.digitaloceanspaces.com\\/public\\/uploads\\/eLgRaDRbcRemq14iij2rtPYtAZP1c38T53E6zQ6S.docx\",\"type\":\"application\",\"name\":\"eLgRaDRbcRemq14iij2rtPYtAZP1c38T53E6zQ6S.docx\",\"extension\":\".docx\",\"size\":43205}]',0,'2020-09-11 06:38:11','2020-09-11 06:38:11',NULL),(9,39,'[{\"path\":\"https:\\/\\/academy-white.sgp1.digitaloceanspaces.com\\/public\\/uploads\\/Y5joOigYMjRxirh3xdWJ3PkCFlXznCcRqhNGKv6x.png\",\"type\":\"image\",\"name\":\"Y5joOigYMjRxirh3xdWJ3PkCFlXznCcRqhNGKv6x.png\",\"extension\":\".png\",\"size\":32216}]',0,'2020-09-11 06:40:07','2020-09-11 06:40:07',NULL),(10,42,'[{\"path\":\"https:\\/\\/academy-white.sgp1.digitaloceanspaces.com\\/public\\/uploads\\/C148E5Dth5a6b44rsqBeftTq3iEdlRgHpVJHppc0.png\",\"type\":\"image\",\"name\":\"C148E5Dth5a6b44rsqBeftTq3iEdlRgHpVJHppc0.png\",\"extension\":\".png\",\"size\":32216}]',0,'2020-09-11 06:44:17','2020-09-11 06:44:17',NULL),(11,53,'[{\"path\":\"https:\\/\\/academy-white.sgp1.digitaloceanspaces.com\\/public\\/uploads\\/sYAdINlQogXNpaIUsF5wsgEwKN0nXJ19QOU1SvAU.png\",\"type\":\"image\",\"name\":\"sYAdINlQogXNpaIUsF5wsgEwKN0nXJ19QOU1SvAU.png\",\"extension\":\".png\",\"size\":2677}]',0,'2020-09-20 13:12:02','2020-09-20 13:12:02',NULL),(12,54,'[{\"path\":\"https:\\/\\/academy-white.sgp1.digitaloceanspaces.com\\/public\\/uploads\\/VGtDRDq2cv4fPkEIeKldAMnkYuX4oTEPUl3k39Mx.png\",\"type\":\"image\",\"name\":\"VGtDRDq2cv4fPkEIeKldAMnkYuX4oTEPUl3k39Mx.png\",\"extension\":\".png\",\"size\":2677}]',0,'2020-09-20 13:16:01','2020-09-20 13:16:01',NULL),(13,55,'[{\"path\":\"https:\\/\\/academy-white.sgp1.digitaloceanspaces.com\\/public\\/uploads\\/RPfBZlUBR8AOWCLHco0vEoumDz4trHCEKmTFCkeB.arc\",\"type\":\"application\",\"name\":\"RPfBZlUBR8AOWCLHco0vEoumDz4trHCEKmTFCkeB.arc\",\"extension\":\".arc\",\"size\":4220}]',0,'2020-09-20 13:16:38','2020-09-20 13:16:38',NULL),(14,56,'[{\"path\":\"https:\\/\\/academy-white.sgp1.digitaloceanspaces.com\\/public\\/uploads\\/fj1ZCJHbOlthr1ZQH6wKQMSHQDZcEC6WpZLYisCT.png\",\"type\":\"image\",\"name\":\"fj1ZCJHbOlthr1ZQH6wKQMSHQDZcEC6WpZLYisCT.png\",\"extension\":\".png\",\"size\":10034}]',0,'2020-09-20 13:24:47','2020-09-20 13:24:47',NULL),(15,60,'[{\"path\":\"https:\\/\\/academy-white.sgp1.digitaloceanspaces.com\\/public\\/uploads\\/OPRw9STG71BiYSf3TbxZqk40xSfZNrsoaSksCRQ9.jpeg\",\"type\":\"image\",\"name\":\"OPRw9STG71BiYSf3TbxZqk40xSfZNrsoaSksCRQ9.jpeg\",\"extension\":\".jpeg\",\"size\":94713}]',0,'2020-09-27 23:45:21','2020-09-27 23:45:21',NULL),(16,72,'[{\"path\":\"https:\\/\\/academy-white.sgp1.digitaloceanspaces.com\\/public\\/uploads\\/m3B03uI3sEGqwV86swYMRC2sHU9AdVxsMjAZtLzB.jpeg\",\"type\":\"image\",\"name\":\"m3B03uI3sEGqwV86swYMRC2sHU9AdVxsMjAZtLzB.jpeg\",\"extension\":\".jpeg\",\"size\":6394}]',0,'2020-10-12 13:26:24','2020-10-12 13:26:24',NULL),(17,76,'[{\"path\":\"https:\\/\\/academy-white.sgp1.digitaloceanspaces.com\\/public\\/uploads\\/jdccQNGtMpaQr1tk4SeCJvYgriRfI5zOZZt2aZ5z.jpeg\",\"type\":\"image\",\"name\":\"jdccQNGtMpaQr1tk4SeCJvYgriRfI5zOZZt2aZ5z.jpeg\",\"extension\":\".jpeg\",\"size\":6394},{\"path\":\"https:\\/\\/academy-white.sgp1.digitaloceanspaces.com\\/public\\/uploads\\/18DfEbPKTMfkhBftVmaqmduPUncTMcZhCQ3DZDFE.jpeg\",\"type\":\"image\",\"name\":\"18DfEbPKTMfkhBftVmaqmduPUncTMcZhCQ3DZDFE.jpeg\",\"extension\":\".jpeg\",\"size\":6394}]',0,'2020-10-12 14:22:15','2020-10-12 14:22:15',NULL),(18,78,'[{\"path\":\"https:\\/\\/academy-white.sgp1.digitaloceanspaces.com\\/public\\/uploads\\/8DGUTKpRIPQelk4bbddFxfeCDyPNWYFcHxvgmurr.svg\",\"type\":\"image\",\"name\":\"8DGUTKpRIPQelk4bbddFxfeCDyPNWYFcHxvgmurr.svg\",\"extension\":\".svg\",\"size\":1663}]',0,'2020-10-12 23:41:59','2020-10-12 23:41:59',NULL),(19,96,'[{\"path\":\"https:\\/\\/academy-white.sgp1.digitaloceanspaces.com\\/public\\/uploads\\/TcqNo1tjIZnblA5Bg9TLu7G1Q3sykVrFJwTajA40.jpeg\",\"type\":\"image\",\"name\":\"TcqNo1tjIZnblA5Bg9TLu7G1Q3sykVrFJwTajA40.jpeg\",\"extension\":\".jpeg\",\"size\":7305},{\"path\":\"https:\\/\\/academy-white.sgp1.digitaloceanspaces.com\\/public\\/uploads\\/ymfH9EV3EOXr0qXJpf3CgPt24AqfUD1GBiep4Zqj.jpeg\",\"type\":\"image\",\"name\":\"ymfH9EV3EOXr0qXJpf3CgPt24AqfUD1GBiep4Zqj.jpeg\",\"extension\":\".jpeg\",\"size\":17968},{\"path\":\"https:\\/\\/academy-white.sgp1.digitaloceanspaces.com\\/public\\/uploads\\/IuIl7VKEruylmi5Wrvet3kkwtllnyh9Rry05kwzu.jpeg\",\"type\":\"image\",\"name\":\"IuIl7VKEruylmi5Wrvet3kkwtllnyh9Rry05kwzu.jpeg\",\"extension\":\".jpeg\",\"size\":36189}]',0,'2020-10-22 04:45:03','2020-10-22 04:45:03',NULL),(20,98,'[{\"path\":\"https:\\/\\/academy-white.sgp1.digitaloceanspaces.com\\/public\\/uploads\\/JMxa4j2hieUNKxhW7cFi2EpcCRGdPDMnJTWS3P3d.jpeg\",\"type\":\"image\",\"name\":\"JMxa4j2hieUNKxhW7cFi2EpcCRGdPDMnJTWS3P3d.jpeg\",\"extension\":\".jpeg\",\"size\":7305}]',0,'2020-10-22 04:46:55','2020-10-22 04:46:55',NULL),(21,99,'[{\"path\":\"https:\\/\\/academy-white.sgp1.digitaloceanspaces.com\\/public\\/uploads\\/D3Knkp8yEiBvKQxOX2OLBtKv8VXmLLVXUXQfU73K.jpeg\",\"type\":\"image\",\"name\":\"D3Knkp8yEiBvKQxOX2OLBtKv8VXmLLVXUXQfU73K.jpeg\",\"extension\":\".jpeg\",\"size\":7305}]',0,'2020-10-22 05:00:03','2020-10-22 05:00:03',NULL),(22,100,'[{\"path\":\"https:\\/\\/academy-white.sgp1.digitaloceanspaces.com\\/public\\/uploads\\/q33BMS5rIoItFKbWvt1dFkNvvY2uW7d6Ll4Cf5pI.xlsx\",\"type\":\"application\",\"name\":\"q33BMS5rIoItFKbWvt1dFkNvvY2uW7d6Ll4Cf5pI.xlsx\",\"extension\":\".xlsx\",\"size\":8914}]',0,'2020-10-22 05:38:12','2020-10-22 05:38:12',NULL),(23,101,'[{\"path\":\"https:\\/\\/academy-white.sgp1.digitaloceanspaces.com\\/public\\/uploads\\/k5u0dtjZ2pNTuYoPsyVZ0X1OG2OkhwXT5ykhKlUd.jpeg\",\"type\":\"image\",\"name\":\"k5u0dtjZ2pNTuYoPsyVZ0X1OG2OkhwXT5ykhKlUd.jpeg\",\"extension\":\".jpeg\",\"size\":17968}]',0,'2020-10-22 06:11:09','2020-10-22 06:11:09',NULL),(24,102,'[{\"path\":\"https:\\/\\/academy-white.sgp1.digitaloceanspaces.com\\/public\\/uploads\\/8j7r9AmH6YouGcSJIim4tF0pF4DtpbjZMq3YS9u2.jpeg\",\"type\":\"image\",\"name\":\"8j7r9AmH6YouGcSJIim4tF0pF4DtpbjZMq3YS9u2.jpeg\",\"extension\":\".jpeg\",\"size\":17968},{\"path\":\"https:\\/\\/academy-white.sgp1.digitaloceanspaces.com\\/public\\/uploads\\/IsPw3MDg4ypPC4rY6K6jUbcCgSbTCNsU80iRtsYp.jpeg\",\"type\":\"image\",\"name\":\"IsPw3MDg4ypPC4rY6K6jUbcCgSbTCNsU80iRtsYp.jpeg\",\"extension\":\".jpeg\",\"size\":36189}]',0,'2020-10-22 06:37:42','2020-10-22 06:37:42',NULL),(25,103,'[{\"path\":\"https:\\/\\/academy-white.sgp1.digitaloceanspaces.com\\/public\\/uploads\\/hHnOmu9qPkjDQA8BuP0yGvhzHduImvimtRT4KQLB.jpeg\",\"type\":\"image\",\"name\":\"hHnOmu9qPkjDQA8BuP0yGvhzHduImvimtRT4KQLB.jpeg\",\"extension\":\".jpeg\",\"size\":7305},{\"path\":\"https:\\/\\/academy-white.sgp1.digitaloceanspaces.com\\/public\\/uploads\\/5HAoHRRUPPgjDJ9V2iKq6e0qDkqmd3fuAe7sJ6Mv.jpeg\",\"type\":\"image\",\"name\":\"5HAoHRRUPPgjDJ9V2iKq6e0qDkqmd3fuAe7sJ6Mv.jpeg\",\"extension\":\".jpeg\",\"size\":36189}]',0,'2020-10-22 07:05:31','2020-10-22 07:05:31',NULL),(26,104,'[{\"path\":\"https:\\/\\/academy-white.sgp1.digitaloceanspaces.com\\/public\\/uploads\\/fUA2SUNWMiOSpWW5w3ZmsRvk89G1zx58N38Ww78l.png\",\"type\":\"image\",\"name\":\"fUA2SUNWMiOSpWW5w3ZmsRvk89G1zx58N38Ww78l.png\",\"extension\":\".png\",\"size\":56616}]',0,'2020-10-22 07:06:19','2020-10-22 07:06:19',NULL),(27,105,'[{\"path\":\"https:\\/\\/academy-white.sgp1.digitaloceanspaces.com\\/public\\/uploads\\/rChixFGvDtuJA4tdZE185v4KzudW2BNW9QRGmKaB.xlsx\",\"type\":\"application\",\"name\":\"rChixFGvDtuJA4tdZE185v4KzudW2BNW9QRGmKaB.xlsx\",\"extension\":\".xlsx\",\"size\":8914},{\"path\":\"https:\\/\\/academy-white.sgp1.digitaloceanspaces.com\\/public\\/uploads\\/sskNy8mi51AxdjYhgDh6PgjcbQBrm51qRkfiSu4R.jpeg\",\"type\":\"image\",\"name\":\"sskNy8mi51AxdjYhgDh6PgjcbQBrm51qRkfiSu4R.jpeg\",\"extension\":\".jpeg\",\"size\":17968}]',0,'2020-10-22 07:27:03','2020-10-22 07:27:03',NULL),(28,111,'[{\"path\":\"https:\\/\\/academy-white.sgp1.digitaloceanspaces.com\\/public\\/uploads\\/m8ZyBPloAQjqjCdKr4ZERvNUl8725hV2mkriF4jw.docx\",\"type\":\"application\",\"name\":\"m8ZyBPloAQjqjCdKr4ZERvNUl8725hV2mkriF4jw.docx\",\"extension\":\".docx\",\"size\":397079}]',0,'2020-11-17 11:04:39','2020-11-17 11:04:39',NULL),(29,112,'[{\"path\":\"<\",\"type\":\"s\",\"name\":\"c\",\"extension\":\"r\",\"size\":\"i\"}]',0,'2020-11-20 07:05:14','2020-11-20 07:05:14',NULL),(30,113,'[{\"path\":\"<\",\"type\":\"s\",\"name\":\"c\",\"extension\":\"r\",\"size\":\"i\"}]',0,'2020-11-20 07:06:17','2020-11-20 07:06:17',NULL),(31,114,'[{\"path\":\"https:\\/\\/academy-white.sgp1.digitaloceanspaces.com\\/public\\/uploads\\/gLAGxN7KaOr1RwCONDtCwiZXhiHmjCZvK6iee96q.jpeg\",\"type\":\"image\",\"name\":\"gLAGxN7KaOr1RwCONDtCwiZXhiHmjCZvK6iee96q.jpeg\",\"extension\":\".jpeg\",\"size\":433093}]',0,'2020-11-24 13:00:45','2020-11-24 13:00:45',NULL),(32,115,'[{\"path\":\"https:\\/\\/academy-white.sgp1.digitaloceanspaces.com\\/public\\/uploads\\/KIIoVbX7VqHIz0HmNcAcBj3EZumX8FJMH0IL7r13application\\/octet-stream\",\"type\":\"application\\/vnd.android.package-archive\",\"name\":\"KIIoVbX7VqHIz0HmNcAcBj3EZumX8FJMH0IL7r13application\\/octet-stream\",\"extension\":\"application\\/octet-stream\",\"size\":4926986}]',0,'2020-11-24 16:00:50','2020-11-24 16:00:50',NULL),(33,116,'[{\"path\":\"https:\\/\\/academy-white.sgp1.digitaloceanspaces.com\\/public\\/uploads\\/mOpjIaYbukYJxYOOkRzwW3KzKNjUyme8efpii9vh.docx\",\"type\":\"application\\/vnd.openxmlformats-officedocument.wordprocessingml.document\",\"name\":\"mOpjIaYbukYJxYOOkRzwW3KzKNjUyme8efpii9vh.docx\",\"extension\":\".docx\",\"size\":14563}]',0,'2020-11-24 16:01:14','2020-11-24 16:01:14',NULL),(34,117,'[{\"path\":\"https:\\/\\/academy-white.sgp1.digitaloceanspaces.com\\/public\\/uploads\\/CdG90FGSnrxmuTuQpvbmeg7fFS6NA8PAiKSw0vHw.pdf\",\"type\":\"application\\/pdf\",\"name\":\"CdG90FGSnrxmuTuQpvbmeg7fFS6NA8PAiKSw0vHw.pdf\",\"extension\":\".pdf\",\"size\":1875471}]',0,'2020-11-24 16:01:57','2020-11-24 16:01:57',NULL),(35,118,'[{\"path\":\"https:\\/\\/academy-white.sgp1.digitaloceanspaces.com\\/public\\/uploads\\/q1OyLAafL3q0F38vWu90EB7MPsWBg2CbbYBr9jSbapplication\\/octet-stream\",\"type\":\"application\",\"name\":\"q1OyLAafL3q0F38vWu90EB7MPsWBg2CbbYBr9jSbapplication\\/octet-stream\",\"extension\":\"application\\/octet-stream\",\"size\":14563}]',0,'2020-11-24 16:02:45','2020-11-24 16:02:45',NULL),(36,119,'[{\"path\":\"https:\\/\\/academy-white.sgp1.digitaloceanspaces.com\\/public\\/uploads\\/EOWsgBHsBgyAxBBw8wEgQPXXZFrQPQSGVIyM3vwxapplication\\/octet-stream\",\"type\":\"application\",\"name\":\"EOWsgBHsBgyAxBBw8wEgQPXXZFrQPQSGVIyM3vwxapplication\\/octet-stream\",\"extension\":\"application\\/octet-stream\",\"size\":4926986}]',0,'2020-11-24 16:03:15','2020-11-24 16:03:15',NULL),(37,120,'[{\"path\":\"https:\\/\\/academy-white.sgp1.digitaloceanspaces.com\\/public\\/uploads\\/m6oDNgJMT1T06pwMiTHmAIazyVAPvxklfJhaZoAqapplication\\/octet-stream\",\"type\":\"text\\/xml\",\"name\":\"m6oDNgJMT1T06pwMiTHmAIazyVAPvxklfJhaZoAqapplication\\/octet-stream\",\"extension\":\"application\\/octet-stream\",\"size\":3867}]',0,'2020-11-24 16:12:48','2020-11-24 16:12:48',NULL),(38,121,'[{\"path\":\"https:\\/\\/academy-white.sgp1.digitaloceanspaces.com\\/public\\/uploads\\/sGi0kBTYovAraOoYHrt1R3r1UJjhWNdAxVMIA5yR-1606212950.docx\",\"type\":\"application\\/vnd.openxmlformats-officedocument.wordprocessingml.document\",\"name\":\"sGi0kBTYovAraOoYHrt1R3r1UJjhWNdAxVMIA5yR-1606212950.docx\",\"extension\":\".docx\",\"size\":14563}]',0,'2020-11-24 16:15:51','2020-11-24 16:15:51',NULL),(39,122,'[{\"path\":\"https:\\/\\/academy-white.sgp1.digitaloceanspaces.com\\/public\\/uploads\\/fdLO1a0u0adb36sYA81ZZirWCxStJG26aqmd4rfe-1606213214.arc\",\"type\":\"application\\/octet-stream\",\"name\":\"fdLO1a0u0adb36sYA81ZZirWCxStJG26aqmd4rfe-1606213214.arc\",\"extension\":\".arc\",\"size\":362967}]',0,'2020-11-24 16:20:15','2020-11-24 16:20:15',NULL),(40,123,'[{\"path\":\"https:\\/\\/academy-white.sgp1.digitaloceanspaces.com\\/public\\/uploads\\/ocY1WNLjKMGo9qrSqAIG7bxfwggszvivGaMpmZZF-1606213408application\\/octet-stream\",\"type\":\"text\\/xml\",\"name\":\"ocY1WNLjKMGo9qrSqAIG7bxfwggszvivGaMpmZZF-1606213408application\\/octet-stream\",\"extension\":\"application\\/octet-stream\",\"size\":3867}]',0,'2020-11-24 16:23:29','2020-11-24 16:23:29',NULL),(41,124,'[{\"path\":\"https:\\/\\/academy-white.sgp1.digitaloceanspaces.com\\/public\\/uploads\\/gQ63zWrLghivoflTpZF5tJv6677LipwfNAUzQcZH-1606213434.pdf\",\"type\":\"application\\/pdf\",\"name\":\"gQ63zWrLghivoflTpZF5tJv6677LipwfNAUzQcZH-1606213434.pdf\",\"extension\":\".pdf\",\"size\":1875471}]',0,'2020-11-24 16:23:55','2020-11-24 16:23:55',NULL),(42,125,'[{\"path\":\"https:\\/\\/academy-white.sgp1.digitaloceanspaces.com\\/public\\/uploads\\/KZUhAZiRYHrEdGXTWI5mIrqEdsCwnyKB05Y9yaOV-1606213566.arc\",\"type\":\"application\\/octet-stream\",\"name\":\"KZUhAZiRYHrEdGXTWI5mIrqEdsCwnyKB05Y9yaOV-1606213566.arc\",\"extension\":\".arc\",\"size\":326975}]',0,'2020-11-24 16:26:07','2020-11-24 16:26:07',NULL),(43,128,'[{\"path\":\"https:\\/\\/academy-white.sgp1.digitaloceanspaces.com\\/public\\/uploads\\/NqW9sdACGDVH7aIsAskkgCvXm1bhydpi05HDNq5R-1606214128.docx\",\"type\":\"application\\/vnd.openxmlformats-officedocument.wordprocessingml.document\",\"name\":\"NqW9sdACGDVH7aIsAskkgCvXm1bhydpi05HDNq5R-1606214128.docx\",\"extension\":\".docx\",\"size\":14563}]',0,'2020-11-24 16:35:29','2020-11-24 16:35:29',NULL),(44,129,'[{\"path\":\"https:\\/\\/academy-white.sgp1.digitaloceanspaces.com\\/public\\/uploads\\/90miyrv9myJ1hG3rgMmfJE0kXCfGgacDLVAilj0M.pdf\",\"type\":\"application\",\"name\":\"90miyrv9myJ1hG3rgMmfJE0kXCfGgacDLVAilj0M.pdf\",\"extension\":\".pdf\",\"size\":85032}]',0,'2020-11-24 16:36:37','2020-11-24 16:36:37',NULL),(45,130,'[{\"path\":\"https:\\/\\/academy-white.sgp1.digitaloceanspaces.com\\/public\\/uploads\\/xKYMamHyQ6JqpRPuJ4ldyYZheXnp1B255PwSekVK.pdf\",\"type\":\"application\",\"name\":\"xKYMamHyQ6JqpRPuJ4ldyYZheXnp1B255PwSekVK.pdf\",\"extension\":\".pdf\",\"size\":1875471}]',0,'2020-11-24 16:38:58','2020-11-24 16:38:58',NULL),(46,131,'[{\"path\":\"https:\\/\\/academy-white.sgp1.digitaloceanspaces.com\\/public\\/uploads\\/8JvuH0mWK7reV3nlFVVHjUe0RKpinrO0ALbF0Y4i.pdf\",\"type\":\"application\",\"name\":\"8JvuH0mWK7reV3nlFVVHjUe0RKpinrO0ALbF0Y4i.pdf\",\"extension\":\".pdf\",\"size\":5486469}]',0,'2020-11-24 16:39:34','2020-11-24 16:39:34',NULL),(47,139,'[{\"path\":\"https:\\/\\/academy-white.sgp1.digitaloceanspaces.com\\/public\\/uploads\\/hZu5m9L0rjVyy8NY811iBjgaQfnDPqsc8tcUgPSU.png\",\"type\":\"image\",\"name\":\"hZu5m9L0rjVyy8NY811iBjgaQfnDPqsc8tcUgPSU.png\",\"extension\":\".png\",\"size\":735}]',0,'2021-01-14 17:59:45','2021-01-14 17:59:45',NULL),(48,140,'[{\"path\":\"https:\\/\\/academy-white.sgp1.digitaloceanspaces.com\\/public\\/uploads\\/S5Q7xNjQS4af2S8vm43KTPPV7Pe9z34fNlja1wj9.png\",\"type\":\"image\",\"name\":\"S5Q7xNjQS4af2S8vm43KTPPV7Pe9z34fNlja1wj9.png\",\"extension\":\".png\",\"size\":210}]',0,'2021-01-14 21:40:04','2021-01-14 21:40:04',NULL);
/*!40000 ALTER TABLE `message_media` ENABLE KEYS */;
UNLOCK TABLES;

--
-- Table structure for table `messages`
--

DROP TABLE IF EXISTS `messages`;
/*!40101 SET @saved_cs_client     = @@character_set_client */;
/*!50503 SET character_set_client = utf8mb4 */;
CREATE TABLE `messages` (
  `id` int unsigned NOT NULL AUTO_INCREMENT,
  `user_id` int DEFAULT NULL,
  `task_id` int DEFAULT NULL,
  `message` text CHARACTER SET utf8mb4 COLLATE utf8mb4_unicode_ci,
  `attachment` varchar(255) CHARACTER SET utf8mb4 COLLATE utf8mb4_unicode_ci DEFAULT NULL,
  `created_at` timestamp NULL DEFAULT NULL,
  `updated_at` timestamp NULL DEFAULT NULL,
  `status` varchar(255) CHARACTER SET utf8mb4 COLLATE utf8mb4_unicode_ci DEFAULT NULL,
  `reply_to` int DEFAULT NULL,
  PRIMARY KEY (`id`)
) ENGINE=InnoDB AUTO_INCREMENT=136 DEFAULT CHARSET=utf8mb4 COLLATE=utf8mb4_unicode_ci;
/*!40101 SET character_set_client = @saved_cs_client */;

--
-- Dumping data for table `messages`
--

LOCK TABLES `messages` WRITE;
/*!40000 ALTER TABLE `messages` DISABLE KEYS */;
INSERT INTO `messages` VALUES (1,80,6,'frfer',NULL,'2020-09-11 03:32:43','2020-09-11 03:34:53','old',NULL),(2,44,6,'kukuy','20200911093410..pdf.pdf','2020-09-11 03:34:14','2020-09-11 03:34:14',NULL,1),(3,80,6,'tgrtgr','20200911093450..laravel_need.txt','2020-09-11 03:34:53','2020-09-11 03:36:23','old',NULL),(4,44,6,'lilu','20200911093521..pdf.pdf','2020-09-11 03:35:25','2020-09-11 03:35:25',NULL,3),(5,80,6,'fefwefvwe','','2020-09-11 03:36:23','2020-09-11 14:46:15','old',NULL),(6,44,6,'fwerfwef','20200911095740..pdf.pdf','2020-09-11 03:57:54','2020-09-11 03:57:54',NULL,5),(7,80,3,'fewfw','20200911134443..Akerke.png','2020-09-11 07:44:44','2020-09-11 14:44:30','wait',NULL),(8,73,1,'ewfwf','','2020-09-11 07:48:22','2020-09-11 07:52:15','done',NULL),(9,44,3,'feewrf','','2020-09-11 14:44:30','2020-09-11 14:44:30',NULL,7),(10,80,6,'few','','2020-09-11 14:46:15','2020-09-11 14:46:15','new',NULL),(11,83,1,'вапвап','','2020-09-17 12:56:16','2020-09-18 02:55:42','wait',NULL),(12,84,1,'gg','','2020-09-17 07:24:37','2020-09-17 07:30:57','done',NULL),(13,44,1,'ok','','2020-09-17 07:30:57','2020-09-17 07:30:57','done',12),(14,84,2,'The new version of this is a good game but I think the new one was the first one','20200911134443..Akerke.png','2020-09-18 02:33:12','2020-09-18 03:55:43','old',NULL),(15,44,1,'fewfwfeq','','2020-09-18 02:55:42','2020-09-21 10:20:36',NULL,11),(16,44,2,'dew','','2020-09-18 03:55:01','2020-09-18 03:55:01',NULL,14),(17,84,2,'The new version of this','','2020-09-18 03:55:43','2020-09-18 03:56:00','done',NULL),(18,84,3,'jkjk','','2020-09-18 04:21:25','2020-09-21 10:05:01','old',NULL),(19,104,1,'crefer','','2020-09-20 22:49:42','2020-09-20 22:50:33','done',NULL),(20,44,1,'dwed','','2020-09-20 22:50:33','2020-09-20 22:50:33','done',19),(21,104,2,'cewecw','','2020-09-20 22:50:53','2020-09-20 22:53:25','done',NULL),(22,44,2,'The first','','2020-09-20 22:53:25','2020-09-20 22:53:25','done',21),(23,105,1,'dewfw','20200921083612..20200830164806..laravel_need.txt','2020-09-20 23:29:01','2020-09-21 10:00:48','wait',NULL),(24,44,3,'ger','20200921154310..20200921052900..users (3).sql','2020-09-21 09:43:13','2020-09-21 09:43:13',NULL,18),(25,44,1,'few','','2020-09-21 10:00:48','2020-09-21 10:20:53',NULL,23),(26,84,3,'uuuuuu','','2020-09-21 10:05:01','2020-09-23 04:22:39','old',NULL),(27,44,3,'22222','','2020-09-21 10:21:01','2020-09-21 10:21:19',NULL,26),(31,44,3,'ол','','2020-09-23 04:31:06','2020-09-23 04:31:06','done',30),(32,108,1,'ewfwef','','2020-09-28 03:16:59','2020-09-28 03:28:26','done',NULL),(33,44,1,'dewdew','','2020-09-28 03:28:26','2020-09-28 03:28:26','done',32),(34,108,2,'fwefwe','','2020-09-28 03:40:37','2020-09-28 03:40:51','done',NULL),(35,108,3,'ewfw','','2020-09-28 03:55:21','2020-09-28 03:55:28','done',NULL),(36,108,4,'ferreg','','2020-09-28 03:56:30','2020-09-28 03:56:37','done',NULL),(37,109,1,'fewfw','','2020-09-28 04:19:27','2020-09-28 04:19:33','done',NULL),(38,84,4,'igui','','2020-09-30 12:28:30','2020-09-30 12:29:19','done',NULL),(39,84,5,'hjkh','','2020-09-30 12:29:32','2020-09-30 12:29:39','done',NULL),(40,84,6,'hjkhh','','2020-09-30 12:29:57','2020-09-30 12:30:06','done',NULL),(41,44,6,'hjkhk','','2020-09-30 12:30:06','2020-09-30 12:30:06','done',40),(42,84,7,'nkjhk','','2020-09-30 12:31:20','2020-09-30 12:31:27','done',NULL),(43,110,1,'fefwe','','2020-09-30 12:46:07','2020-09-30 12:46:14','done',NULL),(44,84,8,'jhjkhkj','','2020-09-30 12:47:23','2020-09-30 12:47:30','done',NULL),(45,84,9,'ewfwe','','2020-09-30 12:47:40','2020-09-30 12:47:46','done',NULL),(46,84,10,'fwefw','','2020-09-30 12:47:57','2020-09-30 12:48:03','done',NULL),(47,84,11,'fwefw','','2020-09-30 12:48:13','2020-09-30 12:48:21','done',NULL),(48,84,12,'fewfw','','2020-09-30 12:48:31','2020-09-30 12:48:37','done',NULL),(49,84,13,'fewfew','','2020-09-30 12:48:47','2020-09-30 12:48:52','done',NULL),(50,84,14,'fewfw','','2020-09-30 12:49:02','2020-09-30 12:49:08','done',NULL),(51,84,15,'fewfw','','2020-09-30 12:49:22','2020-09-30 12:49:28','done',NULL),(52,84,16,'few','','2020-09-30 12:49:42','2020-09-30 12:49:48','done',NULL),(53,84,18,'dfwef','','2020-09-30 12:55:00','2020-09-30 12:55:06','done',NULL),(54,84,17,'dfvwe','','2020-09-30 12:55:50','2020-09-30 12:55:56','done',NULL),(55,84,19,'wefw','','2020-09-30 12:56:07','2020-09-30 12:56:16','done',NULL),(56,84,21,'few','','2020-09-30 12:56:25','2020-09-30 12:56:30','done',NULL),(57,84,22,'wfwe','','2020-09-30 12:56:46','2020-09-30 12:56:52','done',NULL),(58,84,23,'wefw','','2020-09-30 12:57:04','2020-09-30 12:57:13','done',NULL),(59,84,24,'от ученика','','2020-10-11 05:37:03','2020-10-11 05:52:38','old',NULL),(60,44,24,'куратор ответ','','2020-10-11 05:41:35','2020-10-11 05:41:35',NULL,59),(61,84,24,'from Ariana','','2020-10-11 05:52:38','2020-10-11 23:07:23','old',NULL),(62,44,24,'The  Selena Gomez','','2020-10-11 07:01:44','2020-10-11 07:31:24',NULL,61),(63,84,24,'The new version of this is a good game but I think the','','2020-10-11 23:07:23','2020-10-11 23:52:17','done',NULL),(64,138,1,'wsqwd','','2020-10-14 01:47:59','2020-10-21 12:40:56','done',NULL),(65,157,1,NULL,'','2020-10-21 08:42:04','2020-10-21 08:54:36','old',NULL),(66,44,1,'wdwd','','2020-10-21 08:54:10','2020-10-21 08:54:10',NULL,65),(67,157,1,'sad','','2020-10-21 08:54:36','2020-10-21 12:19:17','old',NULL),(68,44,1,'yuyu','','2020-10-21 12:12:09','2020-10-21 12:12:09',NULL,67),(69,157,1,'21212','','2020-10-21 12:19:17','2020-10-21 12:41:55','done',NULL),(70,157,2,'dewf','','2020-10-21 12:45:53','2020-10-21 13:04:28','done',NULL),(71,44,2,'tetrterete','','2020-10-21 13:04:15','2020-10-21 13:04:15',NULL,70),(72,44,2,'rewrwe','','2020-10-21 13:04:28','2020-10-21 13:04:28','done',70),(73,157,3,'dwqd','','2020-10-21 13:08:19','2020-10-21 13:27:00','old',NULL),(74,44,3,'wewew','','2020-10-21 13:08:48','2020-10-21 13:08:48',NULL,73),(75,157,3,'6666','','2020-10-21 13:27:00','2020-10-21 13:40:48','done',NULL),(76,157,4,'jfijerf','','2020-10-21 22:31:41','2020-10-22 00:06:44','done',NULL),(77,44,4,'ededede','','2020-10-21 23:39:32','2020-10-22 00:06:44',NULL,76),(78,157,5,'ded','','2020-10-22 00:09:02','2020-10-22 00:20:41','done',NULL),(79,44,5,'hey my babe','','2020-10-22 00:09:52','2020-10-22 00:20:41',NULL,78),(80,157,6,'cece','','2020-10-22 00:24:01','2020-10-22 00:24:47','done',NULL),(81,44,6,'baby baby','','2020-10-22 00:24:15','2020-10-22 00:24:47',NULL,80),(82,157,7,'t5t5t','','2020-10-22 00:25:50','2020-10-22 00:50:57','done',NULL),(83,44,7,'frfrDEDE','','2020-10-22 00:28:19','2020-10-22 00:50:57',NULL,82),(84,157,8,'frfr','','2020-10-22 00:51:36','2020-10-22 00:52:37','done',NULL),(85,44,8,'uiui','','2020-10-22 00:52:23','2020-10-22 00:52:37',NULL,84),(86,111,1,'глолплпппг','','2020-11-16 07:49:06','2020-11-16 07:50:30','done',NULL),(87,44,1,NULL,'','2020-11-16 07:50:21','2020-11-16 07:50:30',NULL,86),(88,111,2,'lhhbkjjk;jkjj','','2020-11-16 09:54:58','2021-01-12 13:42:17','done',NULL),(89,161,1,'Тексерілді','','2021-01-12 13:40:20','2021-01-12 13:41:42','done',NULL),(90,44,1,NULL,'','2021-01-12 13:41:10','2021-01-12 13:41:42',NULL,89),(92,161,2,'Тексерілді','','2021-01-12 13:43:29','2021-01-12 13:43:56','done',NULL),(93,44,2,'Жарайсың','','2021-01-12 13:43:56','2021-01-12 13:43:56','done',92),(94,161,3,'Тексерілді','','2021-01-12 13:44:22','2021-01-12 13:45:17','done',NULL),(95,44,3,'Жарайсың','','2021-01-12 13:45:16','2021-01-12 13:45:16','done',94),(96,161,4,'Тексерілді','','2021-01-12 13:47:25','2021-01-12 13:47:38','done',NULL),(97,44,4,'Жарайсың','','2021-01-12 13:47:38','2021-01-12 13:47:38','done',96),(98,161,5,'Тексерілді','','2021-01-12 13:48:54','2021-01-12 13:49:08','done',NULL),(99,44,5,'Жарайсың','','2021-01-12 13:49:08','2021-01-12 13:49:08','done',98),(100,161,6,'Тексерілді','','2021-01-12 13:49:25','2021-01-12 13:49:59','done',NULL),(101,44,6,'Жарайсың','','2021-01-12 13:49:59','2021-01-12 13:49:59','done',100),(102,161,7,'Тексерілді','','2021-01-12 13:50:29','2021-01-12 13:50:39','done',NULL),(103,44,7,'Жарайсың','','2021-01-12 13:50:39','2021-01-12 13:50:39','done',102),(104,161,8,'Тексерілді','','2021-01-12 13:51:03','2021-01-12 13:51:19','done',NULL),(105,44,8,'Жарайсың','','2021-01-12 13:51:19','2021-01-12 13:51:19','done',104),(106,161,9,'Тексерілді','','2021-01-12 13:51:54','2021-01-12 13:52:00','done',NULL),(107,44,9,'Жарайсың','','2021-01-12 13:52:00','2021-01-12 13:52:00','done',106),(108,161,10,'Тексерілді','','2021-01-12 13:52:20','2021-01-12 13:52:29','done',NULL),(109,44,10,'Жарайсың','','2021-01-12 13:52:29','2021-01-12 13:52:29','done',108),(110,161,11,'Тексерілді','','2021-01-12 13:52:47','2021-01-12 13:52:58','done',NULL),(111,44,11,'Жарайсың','','2021-01-12 13:52:58','2021-01-12 13:52:58','done',110),(112,161,12,'Тексерілді','','2021-01-12 13:53:18','2021-01-12 13:53:27','done',NULL),(113,44,12,'Жарайсың','','2021-01-12 13:53:27','2021-01-12 13:53:27','done',112),(114,161,13,'Тексерілді','','2021-01-12 13:53:45','2021-01-12 13:53:53','done',NULL),(115,44,13,'Жарайсың','','2021-01-12 13:53:53','2021-01-12 13:53:53','done',114),(116,161,14,'Тексерілді','','2021-01-12 13:54:11','2021-01-12 13:54:38','done',NULL),(117,44,14,'Жарайсың','','2021-01-12 13:54:38','2021-01-12 13:54:38','done',116),(118,161,15,'Тексерілді','','2021-01-12 13:55:07','2021-01-12 13:55:16','done',NULL),(119,44,15,'Жарайсың','','2021-01-12 13:55:16','2021-01-12 13:55:16','done',118),(120,161,16,'Тексерілді','','2021-01-12 13:55:30','2021-01-12 13:55:39','done',NULL),(121,44,16,'Жарайсың','','2021-01-12 13:55:39','2021-01-12 13:55:39','done',120),(122,161,18,'Тексерілді','','2021-01-12 13:55:55','2021-01-12 13:56:13','done',NULL),(123,44,18,'Жарайсың','','2021-01-12 13:56:13','2021-01-12 13:56:13','done',122),(124,161,17,'Тексерілді','','2021-01-12 13:56:31','2021-01-12 13:56:48','done',NULL),(125,44,17,'Жарайсың','','2021-01-12 13:56:48','2021-01-12 13:56:48','done',124),(126,161,19,'Тексерілді','','2021-01-12 13:57:07','2021-01-12 13:57:27','done',NULL),(127,44,19,'Жарайсың','','2021-01-12 13:57:27','2021-01-12 13:57:27','done',126),(128,161,21,'Тексерілді','','2021-01-12 13:57:40','2021-01-12 13:57:59','done',NULL),(129,44,21,'Жарайсың','','2021-01-12 13:57:59','2021-01-12 13:57:59','done',128),(130,161,22,'Тексерілді','','2021-01-12 13:58:12','2021-01-12 13:58:20','done',NULL),(131,44,22,'Жарайсың','','2021-01-12 13:58:20','2021-01-12 13:58:20','done',130),(132,161,23,'Тексерілді','','2021-01-12 13:58:33','2021-01-12 13:58:54','done',NULL),(133,44,23,'Жарайсың','','2021-01-12 13:58:54','2021-01-12 13:58:54','done',132),(134,161,24,'Тексерілді','','2021-01-12 13:59:14','2021-01-12 13:59:34','done',NULL),(135,44,24,'Жарайсың','','2021-01-12 13:59:34','2021-01-12 13:59:34','done',134);
/*!40000 ALTER TABLE `messages` ENABLE KEYS */;
UNLOCK TABLES;

--
-- Table structure for table `migrations`
--

DROP TABLE IF EXISTS `migrations`;
/*!40101 SET @saved_cs_client     = @@character_set_client */;
/*!50503 SET character_set_client = utf8mb4 */;
CREATE TABLE `migrations` (
  `id` int unsigned NOT NULL AUTO_INCREMENT,
  `migration` varchar(255) CHARACTER SET utf8mb4 COLLATE utf8mb4_unicode_ci NOT NULL,
  `batch` int NOT NULL,
  PRIMARY KEY (`id`)
) ENGINE=InnoDB AUTO_INCREMENT=31 DEFAULT CHARSET=utf8mb4 COLLATE=utf8mb4_unicode_ci;
/*!40101 SET character_set_client = @saved_cs_client */;

--
-- Dumping data for table `migrations`
--

LOCK TABLES `migrations` WRITE;
/*!40000 ALTER TABLE `migrations` DISABLE KEYS */;
INSERT INTO `migrations` VALUES (1,'2014_10_12_000000_create_users_table',1),(2,'2014_10_12_100000_create_password_resets_table',1),(3,'2016_01_01_000000_add_voyager_user_fields',1),(4,'2016_01_01_000000_create_data_types_table',1),(5,'2016_05_19_173453_create_menu_table',1),(6,'2016_10_21_190000_create_roles_table',1),(7,'2016_10_21_190000_create_settings_table',1),(8,'2016_11_30_135954_create_permission_table',1),(9,'2016_11_30_141208_create_permission_role_table',1),(10,'2016_12_26_201236_data_types__add__server_side',1),(11,'2017_01_13_000000_add_route_to_menu_items_table',1),(12,'2017_01_14_005015_create_translations_table',1),(13,'2017_01_15_000000_make_table_name_nullable_in_permissions_table',1),(14,'2017_03_06_000000_add_controller_to_data_types_table',1),(15,'2017_04_21_000000_add_order_to_data_rows_table',1),(16,'2017_07_05_210000_add_policyname_to_data_types_table',1),(17,'2017_08_05_000000_add_group_to_settings_table',1),(18,'2017_11_26_013050_add_user_role_relationship',1),(19,'2017_11_26_015000_create_user_roles_table',1),(20,'2018_03_11_000000_add_user_settings',1),(21,'2018_03_14_000000_add_details_to_data_types_table',1),(22,'2018_03_16_000000_make_settings_value_nullable',1),(23,'2019_08_19_000000_create_failed_jobs_table',1),(24,'2016_06_01_000001_create_oauth_auth_codes_table',2),(25,'2016_06_01_000002_create_oauth_access_tokens_table',2),(26,'2016_06_01_000003_create_oauth_refresh_tokens_table',2),(27,'2016_06_01_000004_create_oauth_clients_table',2),(28,'2016_06_01_000005_create_oauth_personal_access_clients_table',2),(29,'2020_08_26_035634_create_chat_tables',3),(30,'2020_09_11_112544_create_message_media_table',4);
/*!40000 ALTER TABLE `migrations` ENABLE KEYS */;
UNLOCK TABLES;

--
-- Table structure for table `notices`
--

DROP TABLE IF EXISTS `notices`;
/*!40101 SET @saved_cs_client     = @@character_set_client */;
/*!50503 SET character_set_client = utf8mb4 */;
CREATE TABLE `notices` (
  `id` int unsigned NOT NULL AUTO_INCREMENT,
  `receiver_id` int DEFAULT NULL,
  `sender_id` int DEFAULT NULL,
  `preview` text CHARACTER SET utf8mb4 COLLATE utf8mb4_unicode_ci,
  `is_read` int DEFAULT '0',
  `created_at` timestamp NULL DEFAULT NULL,
  `updated_at` timestamp NULL DEFAULT NULL,
  `type` varchar(255) CHARACTER SET utf8mb4 COLLATE utf8mb4_unicode_ci DEFAULT NULL,
  `message_id` int DEFAULT NULL,
  `category_id` int DEFAULT NULL,
  PRIMARY KEY (`id`)
) ENGINE=InnoDB AUTO_INCREMENT=185 DEFAULT CHARSET=utf8mb4 COLLATE=utf8mb4_unicode_ci;
/*!40101 SET character_set_client = @saved_cs_client */;

--
-- Dumping data for table `notices`
--

LOCK TABLES `notices` WRITE;
/*!40000 ALTER TABLE `notices` DISABLE KEYS */;
INSERT INTO `notices` VALUES (1,44,83,'оставил(-а) Вам комментарий по домашнему заданию “Приветствие. Правила.”',1,'2020-09-17 12:56:16','2020-11-16 10:58:14',NULL,11,NULL),(2,44,84,'оставил(-а) Вам комментарий по домашнему заданию “Приветствие. Правила.”',1,'2020-09-17 07:24:37','2020-11-16 10:58:14',NULL,12,NULL),(3,84,44,'оставил(-а) Вам комментарий по домашнему заданию “Приветствие. Правила.”',1,'2020-09-17 07:30:57','2020-10-12 00:55:39',NULL,13,NULL),(4,84,44,'одобрил(-а) Ваше домашнее задание',1,'2020-09-17 07:30:57','2020-10-12 00:55:39',NULL,NULL,NULL),(5,44,84,'оставил(-а) Вам комментарий по домашнему заданию “Термины. CRM.”',1,'2020-09-18 02:33:12','2020-11-16 10:58:14',NULL,14,NULL),(6,83,44,'оставил(-а) Вам комментарий по домашнему заданию “Приветствие. Правила.”',0,'2020-09-18 02:55:42','2020-09-18 02:55:42',NULL,15,NULL),(7,84,44,'оставил(-а) Вам комментарий по домашнему заданию “Термины. CRM.”',1,'2020-09-18 03:55:01','2020-10-12 00:55:39',NULL,16,NULL),(8,44,84,'оставил(-а) Вам комментарий по домашнему заданию “Термины. CRM.”',1,'2020-09-18 03:55:43','2020-11-16 10:58:14',NULL,17,NULL),(9,84,44,'одобрил(-а) Ваше домашнее задание',1,'2020-09-18 03:56:00','2020-10-12 00:55:39',NULL,NULL,NULL),(10,44,84,'оставил(-а) Вам комментарий по домашнему заданию “Что такое продажи?”',1,'2020-09-18 04:21:25','2020-11-16 10:58:14',NULL,18,NULL),(11,44,104,'оставил(-а) Вам комментарий по домашнему заданию “Приветствие. Правила.”',1,'2020-09-20 22:49:42','2020-11-16 10:58:14',NULL,19,NULL),(12,104,44,'оставил(-а) Вам комментарий по домашнему заданию “Приветствие. Правила.”',1,'2020-09-20 22:50:33','2020-09-20 22:54:08',NULL,20,NULL),(13,104,44,'одобрил(-а) Ваше домашнее задание',1,'2020-09-20 22:50:33','2020-09-20 22:54:08',NULL,NULL,NULL),(14,44,104,'оставил(-а) Вам комментарий по домашнему заданию “Термины. CRM.”',1,'2020-09-20 22:50:53','2020-11-16 10:58:14',NULL,21,NULL),(15,104,44,'оставил(-а) Вам комментарий по домашнему заданию “Термины. CRM.”',1,'2020-09-20 22:53:25','2020-09-20 22:54:08',NULL,22,NULL),(16,104,44,'одобрил(-а) Ваше домашнее задание',1,'2020-09-20 22:53:25','2020-09-20 22:54:08',NULL,NULL,NULL),(17,44,105,'оставил(-а) Вам комментарий по домашнему заданию “Приветствие. Правила.”',1,'2020-09-20 23:29:01','2020-11-16 10:58:14',NULL,23,NULL),(18,84,44,'оставил(-а) Вам комментарий по домашнему заданию “Что такое продажи?”',1,'2020-09-21 09:43:13','2020-10-12 00:55:39',NULL,24,NULL),(19,105,44,'оставил(-а) Вам комментарий по домашнему заданию “Приветствие. Правила.”',0,'2020-09-21 10:00:48','2020-09-21 10:00:48',NULL,25,NULL),(20,44,84,'оставил(-а) Вам комментарий по домашнему заданию “Что такое продажи?”',1,'2020-09-21 10:05:01','2020-11-16 10:58:14',NULL,26,NULL),(21,84,44,'оставил(-а) Вам комментарий по домашнему заданию “Что такое продажи?”',1,'2020-09-21 10:21:01','2020-10-12 00:55:39',NULL,27,NULL),(22,44,84,'оставил(-а) Вам комментарий по домашнему заданию “Что такое продажи?”',1,'2020-09-23 04:22:39','2020-11-16 10:58:14',NULL,28,NULL),(23,84,44,'оставил(-а) Вам комментарий по домашнему заданию “Что такое продажи?”',1,'2020-09-23 04:28:55','2020-10-12 00:55:39',NULL,29,NULL),(24,44,84,'оставил(-а) Вам комментарий по домашнему заданию “Что такое продажи?”',1,'2020-09-23 04:30:14','2020-11-16 10:58:14',NULL,30,NULL),(25,84,44,'оставил(-а) Вам комментарий по домашнему заданию “Что такое продажи?”',1,'2020-09-23 04:31:06','2020-10-12 00:55:39',NULL,31,NULL),(26,84,44,'одобрил(-а) Ваше домашнее задание',1,'2020-09-23 04:31:06','2020-10-12 00:55:39',NULL,NULL,NULL),(27,85,108,'оставил(-а) Вам комментарий по домашнему заданию “Приветствие. Правила.”',0,'2020-09-28 03:16:59','2020-09-28 03:16:59',NULL,32,NULL),(28,108,44,'оставил(-а) Вам комментарий по домашнему заданию “Приветствие. Правила.”',1,'2020-09-28 03:28:26','2020-09-28 03:56:56',NULL,33,NULL),(29,108,44,'одобрил(-а) Ваше домашнее задание',1,'2020-09-28 03:28:26','2020-09-28 03:56:56',NULL,NULL,NULL),(30,44,108,'оставил(-а) Вам комментарий по домашнему заданию “Термины. CRM.”',1,'2020-09-28 03:40:37','2020-11-16 10:58:14',NULL,34,NULL),(31,108,44,'одобрил(-а) Ваше домашнее задание',1,'2020-09-28 03:40:51','2020-09-28 03:56:56',NULL,NULL,NULL),(32,44,108,'оставил(-а) Вам комментарий по домашнему заданию “Что такое продажи?”',1,'2020-09-28 03:55:21','2020-11-16 10:58:14',NULL,35,NULL),(33,108,44,'одобрил(-а) Ваше домашнее задание',1,'2020-09-28 03:55:28','2020-09-28 03:56:56',NULL,NULL,NULL),(34,44,108,'оставил(-а) Вам комментарий по домашнему заданию “Активные продажи. Телефонные, холодные, горячие продажи. Виды продаж.”',1,'2020-09-28 03:56:30','2020-11-16 10:58:14',NULL,36,NULL),(35,108,44,'одобрил(-а) Ваше домашнее задание',1,'2020-09-28 03:56:37','2020-09-28 03:56:56',NULL,NULL,NULL),(36,44,109,'оставил(-а) Вам комментарий по домашнему заданию “Приветствие. Правила.”',1,'2020-09-28 04:19:27','2020-11-16 10:58:14',NULL,37,NULL),(37,109,44,'одобрил(-а) Ваше домашнее задание',0,'2020-09-28 04:19:33','2020-09-28 04:19:33',NULL,NULL,NULL),(38,44,84,'оставил(-а) Вам комментарий по домашнему заданию “Активные продажи. Телефонные, холодные, горячие продажи. Виды продаж.”',1,'2020-09-30 12:28:30','2020-11-16 10:58:14',NULL,38,NULL),(39,84,44,'одобрил(-а) Ваше домашнее задание',1,'2020-09-30 12:29:19','2020-10-12 00:55:39',NULL,NULL,NULL),(40,44,84,'оставил(-а) Вам комментарий по домашнему заданию “Как ставить цель?”',1,'2020-09-30 12:29:32','2020-11-16 10:58:14',NULL,39,NULL),(41,84,44,'одобрил(-а) Ваше домашнее задание',1,'2020-09-30 12:29:39','2020-10-12 00:55:39',NULL,NULL,NULL),(42,44,84,'оставил(-а) Вам комментарий по домашнему заданию “Как декомпозировать? Визуальные цели.”',1,'2020-09-30 12:29:57','2020-11-16 10:58:14',NULL,40,NULL),(43,84,44,'оставил(-а) Вам комментарий по домашнему заданию “Как декомпозировать? Визуальные цели.”',1,'2020-09-30 12:30:06','2020-10-12 00:55:39',NULL,41,NULL),(44,84,44,'одобрил(-а) Ваше домашнее задание',1,'2020-09-30 12:30:06','2020-10-12 00:55:39',NULL,NULL,NULL),(45,44,84,'оставил(-а) Вам комментарий по домашнему заданию “Изучение и упаковка компании”',1,'2020-09-30 12:31:20','2020-11-16 10:58:14',NULL,42,NULL),(46,84,44,'одобрил(-а) Ваше домашнее задание',1,'2020-09-30 12:31:27','2020-10-12 00:55:39',NULL,NULL,NULL),(47,44,110,'оставил(-а) Вам комментарий по домашнему заданию “Приветствие. Правила.”',1,'2020-09-30 12:46:07','2020-11-16 10:58:14',NULL,43,NULL),(48,110,44,'одобрил(-а) Ваше домашнее задание',0,'2020-09-30 12:46:14','2020-09-30 12:46:14',NULL,NULL,NULL),(49,44,84,'оставил(-а) Вам комментарий по домашнему заданию “Изучение продукта. Изучение кейсов, клиентов. Выявление преимущества продукта.”',1,'2020-09-30 12:47:23','2020-11-16 10:58:14',NULL,44,NULL),(50,84,44,'одобрил(-а) Ваше домашнее задание',1,'2020-09-30 12:47:30','2020-10-12 00:55:39',NULL,NULL,NULL),(51,44,84,'оставил(-а) Вам комментарий по домашнему заданию “Типы клиентов. Боли, страхи, мотивация.”',1,'2020-09-30 12:47:40','2020-11-16 10:58:14',NULL,45,NULL),(52,84,44,'одобрил(-а) Ваше домашнее задание',1,'2020-09-30 12:47:46','2020-10-12 00:55:39',NULL,NULL,NULL),(53,44,84,'оставил(-а) Вам комментарий по домашнему заданию “Основные этапы продаж. Приветствие. Квалификация.”',1,'2020-09-30 12:47:57','2020-11-16 10:58:14',NULL,46,NULL),(54,84,44,'одобрил(-а) Ваше домашнее задание',1,'2020-09-30 12:48:03','2020-10-12 00:55:39',NULL,NULL,NULL),(55,44,84,'оставил(-а) Вам комментарий по домашнему заданию “Выявление потребностей”',1,'2020-09-30 12:48:13','2020-11-16 10:58:14',NULL,47,NULL),(56,84,44,'одобрил(-а) Ваше домашнее задание',1,'2020-09-30 12:48:21','2020-10-12 00:55:39',NULL,NULL,NULL),(57,44,84,'оставил(-а) Вам комментарий по домашнему заданию “Создание скрипта”',1,'2020-09-30 12:48:31','2020-11-16 10:58:14',NULL,48,NULL),(58,84,44,'одобрил(-а) Ваше домашнее задание',1,'2020-09-30 12:48:37','2020-10-12 00:55:39',NULL,NULL,NULL),(59,44,84,'оставил(-а) Вам комментарий по домашнему заданию “Качественый рычаг”',1,'2020-09-30 12:48:47','2020-11-16 10:58:14',NULL,49,NULL),(60,84,44,'одобрил(-а) Ваше домашнее задание',1,'2020-09-30 12:48:52','2020-10-12 00:55:39',NULL,NULL,NULL),(61,44,84,'оставил(-а) Вам комментарий по домашнему заданию “Количественный рычаг”',1,'2020-09-30 12:49:02','2020-11-16 10:58:14',NULL,50,NULL),(62,84,44,'одобрил(-а) Ваше домашнее задание',1,'2020-09-30 12:49:08','2020-10-12 00:55:39',NULL,NULL,NULL),(63,44,84,'оставил(-а) Вам комментарий по домашнему заданию “Техника «Сопрано»”',1,'2020-09-30 12:49:22','2020-11-16 10:58:14',NULL,51,NULL),(64,84,44,'одобрил(-а) Ваше домашнее задание',1,'2020-09-30 12:49:28','2020-10-12 00:55:39',NULL,NULL,NULL),(65,44,84,'оставил(-а) Вам комментарий по домашнему заданию “ХПВ. Бумеранг.”',1,'2020-09-30 12:49:42','2020-11-16 10:58:14',NULL,52,NULL),(66,84,44,'одобрил(-а) Ваше домашнее задание',1,'2020-09-30 12:49:48','2020-10-12 00:55:39',NULL,NULL,NULL),(67,44,84,'оставил(-а) Вам комментарий по домашнему заданию “CRM. 1 часть.”',1,'2020-09-30 12:55:00','2020-11-16 10:58:14',NULL,53,NULL),(68,84,44,'одобрил(-а) Ваше домашнее задание',1,'2020-09-30 12:55:06','2020-10-12 00:55:39',NULL,NULL,NULL),(69,44,84,'оставил(-а) Вам комментарий по домашнему заданию “CRM. 2 часть.”',1,'2020-09-30 12:55:50','2020-11-16 10:58:14',NULL,54,NULL),(70,84,44,'одобрил(-а) Ваше домашнее задание',1,'2020-09-30 12:55:56','2020-10-12 00:55:39',NULL,NULL,NULL),(71,44,84,'оставил(-а) Вам комментарий по домашнему заданию “Общая структура резюме”',1,'2020-09-30 12:56:07','2020-11-16 10:58:14',NULL,55,NULL),(72,84,44,'одобрил(-а) Ваше домашнее задание',1,'2020-09-30 12:56:16','2020-10-12 00:55:39',NULL,NULL,NULL),(73,44,84,'оставил(-а) Вам комментарий по домашнему заданию “Фильтр вакансии”',1,'2020-09-30 12:56:25','2020-11-16 10:58:14',NULL,56,NULL),(74,84,44,'одобрил(-а) Ваше домашнее задание',1,'2020-09-30 12:56:30','2020-10-12 00:55:39',NULL,NULL,NULL),(75,44,84,'оставил(-а) Вам комментарий по домашнему заданию “Как написать сопроводительное письмо? Отклики по воронке и созвон с работодателями. Назначение собеседований.”',1,'2020-09-30 12:56:46','2020-11-16 10:58:14',NULL,57,NULL),(76,84,44,'одобрил(-а) Ваше домашнее задание',1,'2020-09-30 12:56:52','2020-10-12 00:55:39',NULL,NULL,NULL),(77,44,84,'оставил(-а) Вам комментарий по домашнему заданию “Подготовка к собеседованию”',1,'2020-09-30 12:57:04','2020-11-16 10:58:14',NULL,58,NULL),(78,84,44,'одобрил(-а) Ваше домашнее задание',1,'2020-09-30 12:57:13','2020-10-12 00:55:39',NULL,NULL,NULL),(79,44,84,'оставил(-а) Вам комментарий по домашнему заданию “Составление отчета”',1,'2020-10-11 05:37:03','2020-11-16 10:58:14',NULL,59,NULL),(80,84,44,'оставил(-а) Вам комментарий по домашнему заданию “Составление отчета”',1,'2020-10-11 05:41:35','2020-10-12 00:55:39',NULL,60,NULL),(81,44,84,'оставил(-а) Вам комментарий по домашнему заданию “Составление отчета”',1,'2020-10-11 05:52:38','2020-11-16 10:58:14',NULL,61,NULL),(82,84,44,'оставил(-а) Вам комментарий по домашнему заданию “Составление отчета”',1,'2020-10-11 07:01:44','2020-10-12 00:55:39',NULL,62,NULL),(83,44,84,'оставил(-а) Вам комментарий по домашнему заданию “Составление отчета”',1,'2020-10-11 23:07:23','2020-11-16 10:58:14',NULL,63,NULL),(84,84,44,'одобрил(-а) Ваше домашнее задание',1,'2020-10-11 23:52:17','2020-10-12 00:55:39',NULL,NULL,NULL),(85,84,44,'Академия профессии поздравляет Вас с успешным окончанием курса “Менеджер по продажам”',1,'2020-10-11 23:52:17','2020-10-12 00:55:39','finished',NULL,25),(86,44,138,'оставил(-а) Вам комментарий по домашнему заданию “Приветствие. Правила.”',1,'2020-10-14 01:47:59','2020-11-16 10:58:14',NULL,64,NULL),(87,44,157,'оставил(-а) Вам комментарий по домашнему заданию “Приветствие. Правила.”',1,'2020-10-21 08:42:04','2020-11-16 10:58:14',NULL,65,NULL),(88,157,44,'оставил(-а) Вам комментарий по домашнему заданию “Приветствие. Правила.”',1,'2020-10-21 08:54:10','2020-10-22 00:52:52',NULL,66,NULL),(89,44,157,'оставил(-а) Вам комментарий по домашнему заданию “Приветствие. Правила.”',1,'2020-10-21 08:54:36','2020-11-16 10:58:14',NULL,67,NULL),(90,157,44,'оставил(-а) Вам комментарий по домашнему заданию “Приветствие. Правила.”',1,'2020-10-21 12:12:09','2020-10-22 00:52:52',NULL,68,NULL),(91,44,157,'оставил(-а) Вам комментарий по домашнему заданию “Приветствие. Правила.”',1,'2020-10-21 12:19:17','2020-11-16 10:58:14',NULL,69,NULL),(92,138,44,'одобрил(-а) Ваше домашнее задание',0,'2020-10-21 12:40:56','2020-10-21 12:40:56',NULL,NULL,NULL),(93,157,44,'одобрил(-а) Ваше домашнее задание',1,'2020-10-21 12:41:55','2020-10-22 00:52:52',NULL,NULL,NULL),(94,44,157,'оставил(-а) Вам комментарий по домашнему заданию “Термины. CRM.”',1,'2020-10-21 12:45:53','2020-11-16 10:58:14',NULL,70,NULL),(95,157,44,'оставил(-а) Вам комментарий по домашнему заданию “Термины. CRM.”',1,'2020-10-21 13:04:15','2020-10-22 00:52:52',NULL,71,NULL),(96,157,44,'оставил(-а) Вам комментарий по домашнему заданию “Термины. CRM.”',1,'2020-10-21 13:04:28','2020-10-22 00:52:52',NULL,72,NULL),(97,157,44,'одобрил(-а) Ваше домашнее задание',1,'2020-10-21 13:04:28','2020-10-22 00:52:52',NULL,NULL,NULL),(98,44,157,'оставил(-а) Вам комментарий по домашнему заданию “Что такое продажи?”',1,'2020-10-21 13:08:19','2020-11-16 10:58:14',NULL,73,NULL),(99,157,44,'оставил(-а) Вам комментарий по домашнему заданию “Что такое продажи?”',1,'2020-10-21 13:08:48','2020-10-22 00:52:52',NULL,74,NULL),(100,44,157,'оставил(-а) Вам комментарий по домашнему заданию “Что такое продажи?”',1,'2020-10-21 13:27:00','2020-11-16 10:58:14',NULL,75,NULL),(101,157,44,'одобрил(-а) Ваше домашнее задание',1,'2020-10-21 13:40:48','2020-10-22 00:52:52',NULL,NULL,NULL),(102,44,157,'оставил(-а) Вам комментарий по домашнему заданию “Активные продажи. Телефонные, холодные, горячие продажи. Виды продаж.”',1,'2020-10-21 22:31:41','2020-11-16 10:58:14',NULL,76,NULL),(103,157,44,'оставил(-а) Вам комментарий по домашнему заданию “Активные продажи. Телефонные, холодные, горячие продажи. Виды продаж.”',1,'2020-10-21 23:39:32','2020-10-22 00:52:52',NULL,77,NULL),(104,44,157,'оставил(-а) Вам комментарий по домашнему заданию “Как ставить цель?”',1,'2020-10-22 00:09:02','2020-11-16 10:58:14',NULL,78,NULL),(105,157,44,'одобрил(-а) Ваше домашнее задание',1,'2020-10-22 00:09:52','2020-10-22 00:52:52',NULL,79,NULL),(106,44,157,'оставил(-а) Вам комментарий по домашнему заданию “Как декомпозировать? Визуальные цели.”',1,'2020-10-22 00:24:01','2020-11-16 10:58:14',NULL,80,NULL),(107,157,44,'одобрил(-а) Ваше домашнее задание',1,'2020-10-22 00:24:15','2020-10-22 00:52:52',NULL,81,NULL),(108,44,157,'оставил(-а) Вам комментарий по домашнему заданию “Изучение и упаковка компании”',1,'2020-10-22 00:25:50','2020-11-16 10:58:14',NULL,82,NULL),(109,157,44,'одобрил(-а) Ваше домашнее задание',1,'2020-10-22 00:28:19','2020-10-22 00:52:52',NULL,83,NULL),(110,44,157,'оставил(-а) Вам комментарий по домашнему заданию “Изучение продукта. Изучение кейсов, клиентов. Выявление преимущества продукта.”',1,'2020-10-22 00:51:36','2020-11-16 10:58:14',NULL,84,NULL),(111,157,44,'одобрил(-а) Ваше домашнее задание',1,'2020-10-22 00:52:23','2020-10-22 00:52:52',NULL,85,NULL),(112,44,111,'оставил(-а) Вам комментарий по домашнему заданию “Приветствие. Правила.”',1,'2020-11-16 07:49:06','2020-11-16 10:58:14',NULL,86,NULL),(113,111,44,'одобрил(-а) Ваше домашнее задание',1,'2020-11-16 07:50:21','2020-11-16 09:25:22',NULL,87,NULL),(114,44,111,'оставил(-а) Вам комментарий по домашнему заданию “Термины. CRM.”',1,'2020-11-16 09:54:58','2020-11-16 10:58:14',NULL,88,NULL),(115,44,161,'оставил(-а) Вам комментарий по домашнему заданию “Приветствие. Правила.”',0,'2021-01-12 13:40:20','2021-01-12 13:40:20',NULL,89,NULL),(116,161,44,'одобрил(-а) Ваше домашнее задание',1,'2021-01-12 13:41:10','2021-01-12 14:05:48',NULL,90,NULL),(118,111,44,'одобрил(-а) Ваше домашнее задание',0,'2021-01-12 13:42:17','2021-01-12 13:42:17',NULL,NULL,NULL),(119,44,161,'оставил(-а) Вам комментарий по домашнему заданию “Термины. CRM.”',0,'2021-01-12 13:43:29','2021-01-12 13:43:29',NULL,92,NULL),(120,161,44,'оставил(-а) Вам комментарий по домашнему заданию “Термины. CRM.”',1,'2021-01-12 13:43:56','2021-01-12 14:05:48',NULL,93,NULL),(121,161,44,'одобрил(-а) Ваше домашнее задание',1,'2021-01-12 13:43:56','2021-01-12 14:05:48',NULL,NULL,NULL),(122,44,161,'оставил(-а) Вам комментарий по домашнему заданию “Что такое продажи?”',0,'2021-01-12 13:44:22','2021-01-12 13:44:22',NULL,94,NULL),(123,161,44,'оставил(-а) Вам комментарий по домашнему заданию “Что такое продажи?”',1,'2021-01-12 13:45:17','2021-01-12 14:05:48',NULL,95,NULL),(124,161,44,'одобрил(-а) Ваше домашнее задание',1,'2021-01-12 13:45:17','2021-01-12 14:05:48',NULL,NULL,NULL),(125,44,161,'оставил(-а) Вам комментарий по домашнему заданию “Активные продажи. Телефонные, холодные, горячие продажи. Виды продаж.”',0,'2021-01-12 13:47:25','2021-01-12 13:47:25',NULL,96,NULL),(126,161,44,'оставил(-а) Вам комментарий по домашнему заданию “Активные продажи. Телефонные, холодные, горячие продажи. Виды продаж.”',1,'2021-01-12 13:47:38','2021-01-12 14:05:48',NULL,97,NULL),(127,161,44,'одобрил(-а) Ваше домашнее задание',1,'2021-01-12 13:47:38','2021-01-12 14:05:48',NULL,NULL,NULL),(128,44,161,'оставил(-а) Вам комментарий по домашнему заданию “Как ставить цель?”',0,'2021-01-12 13:48:54','2021-01-12 13:48:54',NULL,98,NULL),(129,161,44,'оставил(-а) Вам комментарий по домашнему заданию “Как ставить цель?”',1,'2021-01-12 13:49:08','2021-01-12 14:05:48',NULL,99,NULL),(130,161,44,'одобрил(-а) Ваше домашнее задание',1,'2021-01-12 13:49:08','2021-01-12 14:05:48',NULL,NULL,NULL),(131,44,161,'оставил(-а) Вам комментарий по домашнему заданию “Как декомпозировать? Визуальные цели.”',0,'2021-01-12 13:49:25','2021-01-12 13:49:25',NULL,100,NULL),(132,161,44,'оставил(-а) Вам комментарий по домашнему заданию “Как декомпозировать? Визуальные цели.”',1,'2021-01-12 13:49:59','2021-01-12 14:05:48',NULL,101,NULL),(133,161,44,'одобрил(-а) Ваше домашнее задание',1,'2021-01-12 13:49:59','2021-01-12 14:05:48',NULL,NULL,NULL),(134,44,161,'оставил(-а) Вам комментарий по домашнему заданию “Изучение и упаковка компании”',0,'2021-01-12 13:50:29','2021-01-12 13:50:29',NULL,102,NULL),(135,161,44,'оставил(-а) Вам комментарий по домашнему заданию “Изучение и упаковка компании”',1,'2021-01-12 13:50:39','2021-01-12 14:05:48',NULL,103,NULL),(136,161,44,'одобрил(-а) Ваше домашнее задание',1,'2021-01-12 13:50:39','2021-01-12 14:05:48',NULL,NULL,NULL),(137,44,161,'оставил(-а) Вам комментарий по домашнему заданию “Изучение продукта. Изучение кейсов, клиентов. Выявление преимущества продукта.”',0,'2021-01-12 13:51:03','2021-01-12 13:51:03',NULL,104,NULL),(138,161,44,'оставил(-а) Вам комментарий по домашнему заданию “Изучение продукта. Изучение кейсов, клиентов. Выявление преимущества продукта.”',1,'2021-01-12 13:51:19','2021-01-12 14:05:48',NULL,105,NULL),(139,161,44,'одобрил(-а) Ваше домашнее задание',1,'2021-01-12 13:51:19','2021-01-12 14:05:48',NULL,NULL,NULL),(140,44,161,'оставил(-а) Вам комментарий по домашнему заданию “Типы клиентов. Боли, страхи, мотивация.”',0,'2021-01-12 13:51:54','2021-01-12 13:51:54',NULL,106,NULL),(141,161,44,'оставил(-а) Вам комментарий по домашнему заданию “Типы клиентов. Боли, страхи, мотивация.”',1,'2021-01-12 13:52:00','2021-01-12 14:05:48',NULL,107,NULL),(142,161,44,'одобрил(-а) Ваше домашнее задание',1,'2021-01-12 13:52:00','2021-01-12 14:05:48',NULL,NULL,NULL),(143,44,161,'оставил(-а) Вам комментарий по домашнему заданию “Основные этапы продаж. Приветствие. Квалификация.”',0,'2021-01-12 13:52:20','2021-01-12 13:52:20',NULL,108,NULL),(144,161,44,'оставил(-а) Вам комментарий по домашнему заданию “Основные этапы продаж. Приветствие. Квалификация.”',1,'2021-01-12 13:52:29','2021-01-12 14:05:48',NULL,109,NULL),(145,161,44,'одобрил(-а) Ваше домашнее задание',1,'2021-01-12 13:52:29','2021-01-12 14:05:48',NULL,NULL,NULL),(146,44,161,'оставил(-а) Вам комментарий по домашнему заданию “Выявление потребностей”',0,'2021-01-12 13:52:47','2021-01-12 13:52:47',NULL,110,NULL),(147,161,44,'оставил(-а) Вам комментарий по домашнему заданию “Выявление потребностей”',1,'2021-01-12 13:52:58','2021-01-12 14:05:48',NULL,111,NULL),(148,161,44,'одобрил(-а) Ваше домашнее задание',1,'2021-01-12 13:52:58','2021-01-12 14:05:48',NULL,NULL,NULL),(149,44,161,'оставил(-а) Вам комментарий по домашнему заданию “Создание скрипта”',0,'2021-01-12 13:53:18','2021-01-12 13:53:18',NULL,112,NULL),(150,161,44,'оставил(-а) Вам комментарий по домашнему заданию “Создание скрипта”',1,'2021-01-12 13:53:27','2021-01-12 14:05:48',NULL,113,NULL),(151,161,44,'одобрил(-а) Ваше домашнее задание',1,'2021-01-12 13:53:27','2021-01-12 14:05:48',NULL,NULL,NULL),(152,44,161,'оставил(-а) Вам комментарий по домашнему заданию “Качественый рычаг”',0,'2021-01-12 13:53:45','2021-01-12 13:53:45',NULL,114,NULL),(153,161,44,'оставил(-а) Вам комментарий по домашнему заданию “Качественый рычаг”',1,'2021-01-12 13:53:53','2021-01-12 14:05:48',NULL,115,NULL),(154,161,44,'одобрил(-а) Ваше домашнее задание',1,'2021-01-12 13:53:53','2021-01-12 14:05:48',NULL,NULL,NULL),(155,44,161,'оставил(-а) Вам комментарий по домашнему заданию “Количественный рычаг”',0,'2021-01-12 13:54:11','2021-01-12 13:54:11',NULL,116,NULL),(156,161,44,'оставил(-а) Вам комментарий по домашнему заданию “Количественный рычаг”',1,'2021-01-12 13:54:38','2021-01-12 14:05:48',NULL,117,NULL),(157,161,44,'одобрил(-а) Ваше домашнее задание',1,'2021-01-12 13:54:38','2021-01-12 14:05:48',NULL,NULL,NULL),(158,44,161,'оставил(-а) Вам комментарий по домашнему заданию “Техника «Сопрано»”',0,'2021-01-12 13:55:07','2021-01-12 13:55:07',NULL,118,NULL),(159,161,44,'оставил(-а) Вам комментарий по домашнему заданию “Техника «Сопрано»”',1,'2021-01-12 13:55:16','2021-01-12 14:05:48',NULL,119,NULL),(160,161,44,'одобрил(-а) Ваше домашнее задание',1,'2021-01-12 13:55:16','2021-01-12 14:05:48',NULL,NULL,NULL),(161,44,161,'оставил(-а) Вам комментарий по домашнему заданию “ХПВ. Бумеранг.”',0,'2021-01-12 13:55:30','2021-01-12 13:55:30',NULL,120,NULL),(162,161,44,'оставил(-а) Вам комментарий по домашнему заданию “ХПВ. Бумеранг.”',1,'2021-01-12 13:55:39','2021-01-12 14:05:48',NULL,121,NULL),(163,161,44,'одобрил(-а) Ваше домашнее задание',1,'2021-01-12 13:55:39','2021-01-12 14:05:48',NULL,NULL,NULL),(164,44,161,'оставил(-а) Вам комментарий по домашнему заданию “CRM. 1 часть.”',0,'2021-01-12 13:55:55','2021-01-12 13:55:55',NULL,122,NULL),(165,161,44,'оставил(-а) Вам комментарий по домашнему заданию “CRM. 1 часть.”',1,'2021-01-12 13:56:13','2021-01-12 14:05:48',NULL,123,NULL),(166,161,44,'одобрил(-а) Ваше домашнее задание',1,'2021-01-12 13:56:13','2021-01-12 14:05:48',NULL,NULL,NULL),(167,44,161,'оставил(-а) Вам комментарий по домашнему заданию “CRM. 2 часть.”',0,'2021-01-12 13:56:31','2021-01-12 13:56:31',NULL,124,NULL),(168,161,44,'оставил(-а) Вам комментарий по домашнему заданию “CRM. 2 часть.”',1,'2021-01-12 13:56:48','2021-01-12 14:05:48',NULL,125,NULL),(169,161,44,'одобрил(-а) Ваше домашнее задание',1,'2021-01-12 13:56:48','2021-01-12 14:05:48',NULL,NULL,NULL),(170,44,161,'оставил(-а) Вам комментарий по домашнему заданию “Общая структура резюме”',0,'2021-01-12 13:57:07','2021-01-12 13:57:07',NULL,126,NULL),(171,161,44,'оставил(-а) Вам комментарий по домашнему заданию “Общая структура резюме”',1,'2021-01-12 13:57:27','2021-01-12 14:05:48',NULL,127,NULL),(172,161,44,'одобрил(-а) Ваше домашнее задание',1,'2021-01-12 13:57:27','2021-01-12 14:05:48',NULL,NULL,NULL),(173,44,161,'оставил(-а) Вам комментарий по домашнему заданию “Фильтр вакансии”',0,'2021-01-12 13:57:40','2021-01-12 13:57:40',NULL,128,NULL),(174,161,44,'оставил(-а) Вам комментарий по домашнему заданию “Фильтр вакансии”',1,'2021-01-12 13:57:59','2021-01-12 14:05:48',NULL,129,NULL),(175,161,44,'одобрил(-а) Ваше домашнее задание',1,'2021-01-12 13:57:59','2021-01-12 14:05:48',NULL,NULL,NULL),(176,44,161,'оставил(-а) Вам комментарий по домашнему заданию “Как написать сопроводительное письмо? Отклики по воронке и созвон с работодателями. Назначение собеседований.”',0,'2021-01-12 13:58:12','2021-01-12 13:58:12',NULL,130,NULL),(177,161,44,'оставил(-а) Вам комментарий по домашнему заданию “Как написать сопроводительное письмо? Отклики по воронке и созвон с работодателями. Назначение собеседований.”',1,'2021-01-12 13:58:20','2021-01-12 14:05:48',NULL,131,NULL),(178,161,44,'одобрил(-а) Ваше домашнее задание',1,'2021-01-12 13:58:20','2021-01-12 14:05:48',NULL,NULL,NULL),(179,44,161,'оставил(-а) Вам комментарий по домашнему заданию “Подготовка к собеседованию”',0,'2021-01-12 13:58:33','2021-01-12 13:58:33',NULL,132,NULL),(180,161,44,'оставил(-а) Вам комментарий по домашнему заданию “Подготовка к собеседованию”',1,'2021-01-12 13:58:54','2021-01-12 14:05:48',NULL,133,NULL),(181,161,44,'одобрил(-а) Ваше домашнее задание',1,'2021-01-12 13:58:54','2021-01-12 14:05:48',NULL,NULL,NULL),(182,44,161,'оставил(-а) Вам комментарий по домашнему заданию “Составление отчета”',0,'2021-01-12 13:59:14','2021-01-12 13:59:14',NULL,134,NULL),(183,161,44,'оставил(-а) Вам комментарий по домашнему заданию “Составление отчета”',1,'2021-01-12 13:59:34','2021-01-12 14:05:48',NULL,135,NULL),(184,161,44,'одобрил(-а) Ваше домашнее задание',1,'2021-01-12 13:59:34','2021-01-12 14:05:48',NULL,NULL,NULL);
/*!40000 ALTER TABLE `notices` ENABLE KEYS */;
UNLOCK TABLES;

--
-- Table structure for table `oauth_access_tokens`
--

DROP TABLE IF EXISTS `oauth_access_tokens`;
/*!40101 SET @saved_cs_client     = @@character_set_client */;
/*!50503 SET character_set_client = utf8mb4 */;
CREATE TABLE `oauth_access_tokens` (
  `id` varchar(100) CHARACTER SET utf8mb4 COLLATE utf8mb4_unicode_ci NOT NULL,
  `user_id` bigint unsigned DEFAULT NULL,
  `client_id` bigint unsigned NOT NULL,
  `name` varchar(255) CHARACTER SET utf8mb4 COLLATE utf8mb4_unicode_ci DEFAULT NULL,
  `scopes` text CHARACTER SET utf8mb4 COLLATE utf8mb4_unicode_ci,
  `revoked` tinyint(1) NOT NULL,
  `created_at` timestamp NULL DEFAULT NULL,
  `updated_at` timestamp NULL DEFAULT NULL,
  `expires_at` datetime DEFAULT NULL,
  PRIMARY KEY (`id`),
  KEY `oauth_access_tokens_user_id_index` (`user_id`)
) ENGINE=InnoDB DEFAULT CHARSET=utf8mb4 COLLATE=utf8mb4_unicode_ci;
/*!40101 SET character_set_client = @saved_cs_client */;

--
-- Dumping data for table `oauth_access_tokens`
--

LOCK TABLES `oauth_access_tokens` WRITE;
/*!40000 ALTER TABLE `oauth_access_tokens` DISABLE KEYS */;
INSERT INTO `oauth_access_tokens` VALUES ('003530b53314057c157c6b29555da6f6beb91eea0e9d3942ad49c1df441083161fba0c3490c40ff8',44,1,'Personal Access Token','[]',0,'2020-09-20 22:50:24','2020-09-20 22:50:24','2021-09-21 04:50:24'),('0052d75b1f2b0697735264bbd1fe13f4b8f68df5294cc5fa1b44bd24322d6d130d926a02eb0cbe3d',12,1,'Personal Access Token','[]',0,'2020-08-25 21:48:44','2020-08-25 21:48:44','2021-08-26 03:48:44'),('008034fa82765a53aa46c91958fb108aa4d2fff19245d74a6fc7522a30575d6e9e6edecf83a45bb8',111,1,'Personal Access Token','[]',0,'2020-11-16 09:54:24','2020-11-16 09:54:24','2021-11-16 09:54:24'),('00d24c72b3a2bda124c016051c18b89ac058c33db14fdd53623a10320e69220fab42ed9b6a5c7828',44,1,'Personal Access Token','[]',0,'2020-08-27 05:03:46','2020-08-27 05:03:46','2021-08-27 11:03:46'),('00ecc658225a84968ea9fd5523089f1cb563b37829b3ab39e12f319a76a5a45e8f15a30e93957b8e',44,1,'Personal Access Token','[]',0,'2020-11-23 14:43:46','2020-11-23 14:43:46','2021-11-23 14:43:46'),('00f6417b4a3c0377113561c4491e92e220d99654ff97d5bf906a954b3acc3430c04e4d3161ec33f2',44,1,'Personal Access Token','[]',0,'2020-09-01 06:35:24','2020-09-01 06:35:24','2021-09-01 12:35:24'),('01687511a932217f90a81f84d5280fd60446919e37386f9ec642549a914976db1402014f332a54bf',44,1,'Personal Access Token','[]',0,'2020-09-28 03:28:15','2020-09-28 03:28:15','2021-09-28 09:28:15'),('01f2b64a42f76c6564772bb5f89b9034f1492906358c2002de86404c6fd3b632750975932485ff82',44,1,'Personal Access Token','[]',0,'2020-09-28 01:02:19','2020-09-28 01:02:19','2021-09-28 07:02:19'),('01f51b5e2ed4df514e1c119984d75d3a295e16412a6ee1b4a6b6dc4ed8f17327e0b50b680b1d1825',84,1,'Personal Access Token','[]',0,'2020-09-24 22:45:12','2020-09-24 22:45:12','2021-09-25 04:45:12'),('024da88547e3f4a6b16b8613ceb0540fa04414c84f8dcab2f0c3f819c63c4a42e345a0879f7371bc',44,1,'Personal Access Token','[]',0,'2020-09-11 14:42:18','2020-09-11 14:42:18','2021-09-11 14:42:18'),('02bc740fca1309ce1744cf19c352a4b90f77db072c00b21f87afd1e924e933bc792b8c6ad8e2318d',84,1,'Personal Access Token','[]',0,'2020-09-20 05:06:14','2020-09-20 05:06:14','2021-09-20 11:06:14'),('05a11f7593e6a5c43ea5bf25a06cd7abdd5a1604337ebaf3b74e6a9a00a4b7de8ed6c8e7c0dbd4fd',82,1,'Personal Access Token','[]',0,'2020-09-16 12:47:20','2020-09-16 12:47:20','2021-09-16 12:47:20'),('05b61733385425ddce7fbf845b1ffeaf2815c0bf475bc98b7e07fd45b31e40f9622620434d2cb5d0',84,1,'Personal Access Token','[]',0,'2021-01-22 00:52:12','2021-01-22 00:52:12','2022-01-22 00:52:12'),('05bf8ed3dd4e22db476c8305a85de41981b5ea75f51e59d5763e7828e31298e9cda8536220118a13',44,1,'Personal Access Token','[]',0,'2020-10-21 08:54:02','2020-10-21 08:54:02','2021-10-21 14:54:02'),('060323dbab8e33add7a7c789bddcfcb11007d0b6110d74f9f25e2b359f581375b7775a11878b04a3',44,1,'Personal Access Token','[]',0,'2021-01-12 14:55:19','2021-01-12 14:55:19','2022-01-12 14:55:19'),('060bbe689adf43a93b5152704729733ca076fb1862fe2173950d0ea583c8e16459ee62d1c7fe0015',183,1,'Personal Access Token','[]',0,'2021-01-21 00:29:09','2021-01-21 00:29:09','2022-01-21 00:29:09'),('064e432e135b83085e38063b96cc44b00b61eb9ab833ab38474a53a9850afb1f96808c40a8f621d7',44,1,'Personal Access Token','[]',0,'2021-01-12 14:06:55','2021-01-12 14:06:55','2022-01-12 14:06:55'),('06694de32684439b2b3c756868ac9c23df2e876b1a2af7350131aef07be2c60b630dd7388ce77673',160,1,'Personal Access Token','[]',0,'2021-01-12 16:14:53','2021-01-12 16:14:53','2022-01-12 16:14:53'),('0733cfda69b922c37b278dd7807569123075520f6cd555ae7e36780bfe53c5b7a3bce972552f80a5',44,1,'Personal Access Token','[]',0,'2020-08-27 05:10:02','2020-08-27 05:10:02','2021-08-27 11:10:02'),('07aa70464e6b3d9850845e40c79aa5399a81a2144d7ba9b3d72d88f1d9963fd0379d247052d7d927',44,1,'Personal Access Token','[]',0,'2020-11-16 09:26:23','2020-11-16 09:26:23','2021-11-16 09:26:23'),('082618fd2d1beda323daee2de9fd1e6a7db10184ab2348a35333d1655a4488bc6831cf6a3d0eb9e3',111,1,'Personal Access Token','[]',0,'2020-10-13 12:16:02','2020-10-13 12:16:02','2021-10-13 18:16:02'),('082db8292daf2beb1d7e68ce2b74f35f149b22d9244b7b68237beb05b84eee3713d8ece98e2e8873',111,1,'Personal Access Token','[]',0,'2020-11-23 14:45:05','2020-11-23 14:45:05','2021-11-23 14:45:05'),('095683656dbac3d6e9d80bc625fb6aeb1ca09c5f6a9ae5807288578632e80e91a2e3758a5b25a46d',44,1,'Personal Access Token','[]',0,'2020-09-08 02:24:08','2020-09-08 02:24:08','2021-09-08 08:24:08'),('095eac410f6fb6c9e2316e088a4e0a182b9287b79f8fa6970573307abf9a24ca4a822bc328d04c07',43,1,'Personal Access Token','[]',0,'2020-09-02 05:47:49','2020-09-02 05:47:49','2021-09-02 11:47:49'),('0a280e671dc49db622a450a75b547eb5b90a51dc2234cf8543ab30c8fb32721fde861718388cf935',84,1,'Personal Access Token','[]',0,'2020-09-28 01:10:42','2020-09-28 01:10:42','2021-09-28 07:10:42'),('0a29d235d0abef0f0b20188f3b08f519daaa1d3c21126ce1a9f4e645b5024b56b8c054895e5345db',44,1,'Personal Access Token','[]',0,'2020-10-13 00:08:14','2020-10-13 00:08:14','2021-10-13 06:08:14'),('0b6578e647c22b41ad485826efc812ec9fb54e126e0ca95910d2b73414a343d5d5f474c0d16a037d',84,1,'Personal Access Token','[]',0,'2020-09-30 12:47:10','2020-09-30 12:47:10','2021-09-30 18:47:10'),('0c2b3df9819ec9a1e1e2e30c352fbbcbad73816d26342c658583aa758f3b50901828e50b70e93d5b',111,1,'Personal Access Token','[]',0,'2020-11-16 06:32:23','2020-11-16 06:32:23','2021-11-16 06:32:23'),('0c73af58e64e55a29c9a49548031650b6acb0ac500fce5e1a2c3f29fc547f9198c614f04f55acd92',84,1,'Personal Access Token','[]',0,'2021-01-22 10:59:33','2021-01-22 10:59:33','2022-01-22 10:59:33'),('0d3b7945e0a1f185d432d1431c53cda9c73f1a43a4df2bbb3dfe3a173ea5ae84e806322d5d9136f2',84,1,'Personal Access Token','[]',0,'2020-10-11 22:35:29','2020-10-11 22:35:29','2021-10-12 04:35:29'),('0d805a6ef6b06f190855c950c765d376f958797bfbfa5f9b6f7a4ef3f6b4ccd585f164d1a26a1845',84,1,'Personal Access Token','[]',0,'2021-01-12 12:30:54','2021-01-12 12:30:54','2022-01-12 12:30:54'),('0db90927330677e6f62bba65deedacdf4a563d356de9a4ed712f61888ba879bf6bc02c597a371785',84,1,'Personal Access Token','[]',0,'2021-01-22 11:13:14','2021-01-22 11:13:14','2022-01-22 11:13:14'),('0dd21e08cb2ec3db8f5b749b0cf1a73520f00a2ad144aedaa12baca4c2cd8ee7df8315bb9691fb5d',84,1,'Personal Access Token','[]',0,'2020-10-11 22:44:40','2020-10-11 22:44:40','2021-10-12 04:44:40'),('0dedc2fcab73db45045aa1835bdbe73b206f980e08d8f7577e4af07033ab15134a57caf8ef4c3d8c',43,1,'Personal Access Token','[]',0,'2020-08-31 18:50:30','2020-08-31 18:50:30','2021-09-01 00:50:30'),('0e389170901e21bf3b1150c43fb0a2a18d669c0ff0b1565636b7466a366154c6a5873f02d8c7cedd',84,1,'Personal Access Token','[]',0,'2020-09-28 00:52:51','2020-09-28 00:52:51','2021-09-28 06:52:51'),('0f7adf8d56fbedfcad94ad207d190b393be175446ca040e27bc071be53847a07a590c302b1922f01',111,1,'Personal Access Token','[]',0,'2021-01-12 12:30:10','2021-01-12 12:30:10','2022-01-12 12:30:10'),('106fe2cda428e10774aeb555046d4499d633282c8e8d197c6d7f048b12a19189377b62041b2be116',84,1,'Personal Access Token','[]',0,'2021-01-20 12:13:58','2021-01-20 12:13:58','2022-01-20 12:13:58'),('10ff230933d17845662beecf3d6f0656fd7eb43a751f076f169e1dfbc06cc9d1123353fff3645967',45,1,'Personal Access Token','[]',0,'2020-10-12 22:53:06','2020-10-12 22:53:06','2021-10-13 04:53:06'),('1203558daaa99b774bf2f2ac4c505c9143b5e8d3cc951b6df7f0b84ea0cb9a5024ebb52705d4b0bb',44,1,'Personal Access Token','[]',0,'2020-09-17 04:58:36','2020-09-17 04:58:36','2021-09-17 04:58:36'),('12af080564a77c8b3d2c4ca7a7185618b442c01fd9e3e4dc8715f502c00444653af49e97d91ab254',66,1,'Personal Access Token','[]',0,'2020-09-02 10:06:22','2020-09-02 10:06:22','2021-09-02 16:06:22'),('1301ee1aa644a3720b65d02e5b8cee6b4b422d820e1cbd69d72f214371778946bd5605bab9835b90',84,1,'Personal Access Token','[]',0,'2020-11-16 09:44:41','2020-11-16 09:44:41','2021-11-16 09:44:41'),('1304c8afa0d5987a813082edafb28a6fe03784fd30583adeee8b5b3642537542caad8fe4f295d264',44,1,'Personal Access Token','[]',0,'2020-09-27 02:53:33','2020-09-27 02:53:33','2021-09-27 08:53:33'),('13aea73a7123891e503aa5d335d182a5eac6ffbe438feb4bb44e81552a11c6b76ec88e56f7878e0a',84,1,'Personal Access Token','[]',0,'2020-09-20 09:55:56','2020-09-20 09:55:56','2021-09-20 15:55:56'),('13dcc1b611fc010b5e0b6ec23aae7495dd03185dabbe4f32a1136af09baba51af52215176f65bfd2',44,1,'Personal Access Token','[]',0,'2020-08-27 05:09:53','2020-08-27 05:09:53','2021-08-27 11:09:53'),('149de9816ce4ad5db03a300ad78f7eacc547527fe0d2eba29b6be895371477d7d86c3f98d5601682',43,1,'Personal Access Token','[]',0,'2020-08-26 06:08:39','2020-08-26 06:08:39','2021-08-26 12:08:39'),('14d16db08fbdb29da1a36dd4cb3daa928f769282ee56e1f053cacc5ee2057a73350f7e5d11e34658',44,1,'Personal Access Token','[]',0,'2020-10-22 01:33:02','2020-10-22 01:33:02','2021-10-22 07:33:02'),('165ae526cd4aa2375bc09c0e72053f2e492e9d28c586c05d1a500b11b491716d2d8c2352b744c313',84,1,'Personal Access Token','[]',0,'2020-09-23 00:39:44','2020-09-23 00:39:44','2021-09-23 06:39:44'),('16707881de2338741c0434539feb3d99be94b100f0b0055121fb29f775397bc12e45b8757d00e806',84,1,'Personal Access Token','[]',0,'2020-12-21 19:27:32','2020-12-21 19:27:32','2021-12-21 19:27:32'),('16df9fdb3b05fe1a902d3aa5a7ca942de66a58b513ccdacb56807aedc9a9b519f0250c27bdae3f72',43,1,'Personal Access Token','[]',0,'2020-09-01 04:41:54','2020-09-01 04:41:54','2021-09-01 10:41:54'),('17493da76198409e7728fb8c4f4a15c0d99ca16a3ce0ff80d2571fa74204b9460f7f2df920833c1b',44,1,'Personal Access Token','[]',0,'2020-09-28 00:23:46','2020-09-28 00:23:46','2021-09-28 06:23:46'),('1796bc0291c6f0d74c400f544806ae4c453107637a3ef04637fb0cad8c1d772bff98ba61246de341',73,1,'Personal Access Token','[]',0,'2020-09-11 07:48:01','2020-09-11 07:48:01','2021-09-11 13:48:01'),('179b7950f6bdceb178ce84927de5fb9881537195ae74290ea72598149ba06dd5c446bd9b26454d2c',84,1,'Personal Access Token','[]',0,'2021-01-22 10:39:26','2021-01-22 10:39:26','2022-01-22 10:39:26'),('17e597ff85d4d73b2dab7a6721cdab14d3ac509990ce8f76de99da162df290edd1488a9cef8ec42a',84,1,'Personal Access Token','[]',0,'2021-01-22 17:42:59','2021-01-22 17:42:59','2022-01-22 17:42:59'),('18f3e13a77ad351ea3a1bb81881c53222da39701a6c30f9589497c9cc558f5a3136824e491eeba27',43,1,'Personal Access Token','[]',0,'2020-09-02 05:51:14','2020-09-02 05:51:14','2021-09-02 11:51:14'),('190057c1f3ed6bf9998e65019cddd5f9164e71dbc92d9ef3aaec1487b87b7ded42fae0c7df2b1bbb',84,1,'Personal Access Token','[]',0,'2020-09-21 09:16:38','2020-09-21 09:16:38','2021-09-21 15:16:38'),('198f929c13162284b5743b40b194bba886ca55af16c27b093f1744f89756d3ce5e5ac31f0ed1733b',43,1,'Personal Access Token','[]',0,'2020-08-29 04:19:05','2020-08-29 04:19:05','2021-08-29 10:19:05'),('199b76872fac85256473a877b7a86036fd00df21a2d3f7445380c868133d36ade8dcf819b6a7309f',44,1,'Personal Access Token','[]',0,'2020-09-23 00:40:59','2020-09-23 00:40:59','2021-09-23 06:40:59'),('19ff2277b4b1c203cacc3bd721c9ccbbeafc31848240e0689703b4cc2b14909a203ecc80c011148e',82,1,'Personal Access Token','[]',0,'2020-09-16 12:56:52','2020-09-16 12:56:52','2021-09-16 12:56:52'),('1a6171e47218572b2501c56077b7526f7aee3be59614eb058ba906a67fd23944073bd402863ebebb',44,1,'Personal Access Token','[]',0,'2020-08-27 05:10:03','2020-08-27 05:10:03','2021-08-27 11:10:03'),('1b0b6e06f672bf5ff128a8ef9c48d73c5822e9e0794263aa518843df7e2c8aa80e4e34851b15248e',73,1,'Personal Access Token','[]',0,'2020-09-09 02:20:02','2020-09-09 02:20:02','2021-09-09 08:20:02'),('1b164eb0b692d5f608372597d3a394c01b0fcf3ade5c5ac292bdfd33a390acc79f79da4cb4c3b8a5',175,1,'Personal Access Token','[]',0,'2021-01-21 00:10:11','2021-01-21 00:10:11','2022-01-21 00:10:11'),('1b89cfc036a6b4f0a2602b049f2352a4fab42205c5e2ea37eea2346e311514ee399621f854e5d813',66,1,'Personal Access Token','[]',0,'2020-09-03 12:23:31','2020-09-03 12:23:31','2021-09-03 18:23:31'),('1b8d741560bf9ecd3d6fbf289ab276f2daad5df61cb9315a4e220572cb01b7e491bc8c7f65cf9e90',44,1,'Personal Access Token','[]',0,'2020-08-30 15:09:39','2020-08-30 15:09:39','2021-08-30 21:09:39'),('1bc5d7b070bb834f2684811e8e40f46dba979cc6dc1080c1e32fcdf5aa5dea462ddd11d0ce373195',43,1,'Personal Access Token','[]',0,'2020-08-31 18:50:28','2020-08-31 18:50:28','2021-09-01 00:50:28'),('1c28f891a2a1432a56b4c8e212199246290b5f5aed546052f3a2f87fa2cbf0400cdcaaf8feef5bb6',43,1,'Personal Access Token','[]',0,'2020-08-29 04:19:03','2020-08-29 04:19:03','2021-08-29 10:19:03'),('1c2ce572dfcb257e174781dabc59721dbcb296b349915271f14ee3a800871a585217cfd296d4b423',84,1,'Personal Access Token','[]',0,'2020-10-12 22:34:13','2020-10-12 22:34:13','2021-10-13 04:34:13'),('1c6ecc4f7eff223126691a914c2ca8fdb7737946d11882bdf5e89e0c813605e303f1187972049208',78,1,'Personal Access Token','[]',0,'2020-09-11 01:46:24','2020-09-11 01:46:24','2021-09-11 07:46:24'),('1d0e536950a74208693c54a74dda1ecbbc40e66f1a40bb7a102c9f1b0ebf9d48a6ac1eb1e9ce21b9',73,1,'Personal Access Token','[]',0,'2020-09-07 21:48:37','2020-09-07 21:48:37','2021-09-08 03:48:37'),('1de3b2b3dea47b858df734aeae387854e3140d201b115b97451b2ba6080252e9c585ab7689d4c405',43,1,'Personal Access Token','[]',0,'2020-09-01 04:39:54','2020-09-01 04:39:54','2021-09-01 10:39:54'),('1decb183edfb72a26d3ef77fb36d717006be69bb835ea853ba74fae727e0e8bc08e227244d446962',78,1,'Personal Access Token','[]',0,'2020-09-10 00:29:41','2020-09-10 00:29:41','2021-09-10 06:29:41'),('1e2a3dfc8baa36f4ae7a6af986ae3294d90ab4162345a77b74b9ebb9bb36db805f82146132d199a9',44,1,'Personal Access Token','[]',0,'2020-10-11 23:52:13','2020-10-11 23:52:13','2021-10-12 05:52:13'),('1f17deb0bb32956e6db27dc77fd4d1926264f38b059df1b7c91a08d673845ae25c5e907eb537b352',84,1,'Personal Access Token','[]',0,'2021-01-12 16:05:40','2021-01-12 16:05:40','2022-01-12 16:05:40'),('1f2283f48a0e45470c75580806cc95bca09b7a5f195de97e59955eb54d2d4b4187f2378f08b528df',84,1,'Personal Access Token','[]',0,'2020-10-11 22:37:10','2020-10-11 22:37:10','2021-10-12 04:37:10'),('1fd4f42ce659f636c2e4ca56b7491f545baf53bd0beb79a4c3b23161b4d92fbac675b33c049fb876',108,1,'Personal Access Token','[]',0,'2020-09-28 03:02:08','2020-09-28 03:02:08','2021-09-28 09:02:08'),('20576aa4c7ffcb657705a9d7643848c477fdd092ef1a8c0cb10ec77af6b5a6ecc4d1d183fc84ec32',84,1,'Personal Access Token','[]',0,'2020-09-28 00:53:22','2020-09-28 00:53:22','2021-09-28 06:53:22'),('2059c2dcc477c6f265d1db6f55d48ab43de2b7a9c21d571c77f2d392c867b7751ecb10a5072eeae5',44,1,'Personal Access Token','[]',0,'2020-08-27 05:10:02','2020-08-27 05:10:02','2021-08-27 11:10:02'),('216d13e5f0b7f6246611ca747fc7dc777976810ce1451228f2411aea6e93390e1b1b35523815f0d4',45,1,'Personal Access Token','[]',0,'2020-10-12 22:53:42','2020-10-12 22:53:42','2021-10-13 04:53:42'),('21ecaee43219961c324d338f36984d9a3873a8718f116c3514ad7f17539b3c36522465c1bb54c0a7',84,1,'Personal Access Token','[]',0,'2020-09-23 00:36:24','2020-09-23 00:36:24','2021-09-23 06:36:24'),('21fb8539d830f08bd16d560f5f860d060901610c3e0b27ae3ac5d4bafdf60538ff629f8d32e26282',78,1,'Personal Access Token','[]',0,'2020-09-11 14:45:12','2020-09-11 14:45:12','2021-09-11 14:45:12'),('235a094bd32c6345ee1fd558e3e1d28074d66e2b6f7c05dec4f7cd21675c6f3fd4216bd7d9ca231d',66,1,'Personal Access Token','[]',0,'2020-09-03 03:37:18','2020-09-03 03:37:18','2021-09-03 09:37:18'),('24af9a42818273e4f1f215bf74e9fbff2414fbfa400d560989510e7c749ea2f0eb61f7aadc18b06f',182,1,'Personal Access Token','[]',0,'2021-01-21 00:28:29','2021-01-21 00:28:29','2022-01-21 00:28:29'),('25191423f5299a80b0d53f6be68a991e2a510ae2b803c93a58ae25193f9d3a21dfe775958dde6593',84,1,'Personal Access Token','[]',0,'2020-11-23 14:48:03','2020-11-23 14:48:03','2021-11-23 14:48:03'),('265e7e1c6f46727fe6bec4dc4e1892f8079041796c5f53b3367525025d389e909ce9dfdded03c7d0',160,1,'Personal Access Token','[]',0,'2021-01-12 13:23:31','2021-01-12 13:23:31','2022-01-12 13:23:31'),('26f5c64abce1b976815e372a20efa925bed515a398fdbeabe2c4fe6d9dffd54a3792498cc5cad75e',44,1,'Personal Access Token','[]',0,'2020-08-27 21:36:48','2020-08-27 21:36:48','2021-08-28 03:36:48'),('27ec82d5ca18f8dcd76e7c3025e18e8684253a97a9df4ff75441050eb3b2d101bc91c03b2b1f8eb7',44,1,'Personal Access Token','[]',0,'2020-10-12 22:54:46','2020-10-12 22:54:46','2021-10-13 04:54:46'),('28968c624f4c32c27ffe9bc9964632c1200933a7001f6f2232dc5d03243e889eec15d0cd2883f1c8',44,1,'Personal Access Token','[]',0,'2020-09-20 13:09:12','2020-09-20 13:09:12','2021-09-20 19:09:12'),('291b213faff8f2a4fd9d19599d42a156c39c9b948d7f559c7a42e19dae819801447d967ddd700da5',44,1,'Personal Access Token','[]',0,'2020-08-29 04:23:47','2020-08-29 04:23:47','2021-08-29 10:23:47'),('29bc7b48b5c6b1d118f722b41dce93fe37ea908e18ed64f5a8a0967c5de4ff5f9210adf7352d9393',157,1,'Personal Access Token','[]',0,'2020-10-22 04:41:04','2020-10-22 04:41:04','2021-10-22 10:41:04'),('29eed5aadb7383a70391ba4b429abb37cbb0222a1695d1fa80b0b47e316f506d199feedebe593a90',84,1,'Personal Access Token','[]',0,'2020-11-26 00:19:01','2020-11-26 00:19:01','2021-11-26 00:19:01'),('29f9c081ddf13445632b7edc5dd431b95c2f3a23482c1f6653dc64c89d154c7dd310be9de8c4fa91',66,1,'Personal Access Token','[]',0,'2020-09-02 10:06:20','2020-09-02 10:06:20','2021-09-02 16:06:20'),('2a16218d2b72c536973599cab100b2d984188bdbf24c7bfc99c740eef7092715911232550f129fa9',43,1,'Personal Access Token','[]',0,'2020-08-26 22:01:18','2020-08-26 22:01:18','2021-08-27 04:01:18'),('2a2454bbac07a7a68bd1ea64b2b94db9da66bd28f43b4d9584c052cf69b159d36a58893672c864d6',158,1,'Personal Access Token','[]',0,'2021-01-12 12:38:50','2021-01-12 12:38:50','2022-01-12 12:38:50'),('2a493413c9da4c470496bfea0b1b2b0b36c54d3259014b9134006fb3170ab5b2766646ca498b806d',84,1,'Personal Access Token','[]',0,'2021-01-12 14:44:11','2021-01-12 14:44:11','2022-01-12 14:44:11'),('2a7a622466d4a3176ee1cf734e7a250aa2628c27b52e9a71ef543f4f2bc38603640d57e5fa0a34f4',44,1,'Personal Access Token','[]',0,'2021-01-12 12:35:00','2021-01-12 12:35:00','2022-01-12 12:35:00'),('2b04908be3150e631cc21f756113c08c15f9038f55ec56c0c890acb55a20f5995840edb585d41ae5',44,1,'Personal Access Token','[]',0,'2020-09-28 00:23:41','2020-09-28 00:23:41','2021-09-28 06:23:41'),('2b0d0e16e47a65931e2b83aaca3fa1d1879e847d74859724999d6033f6993f6c191fbc637a4ca07b',45,1,'Personal Access Token','[]',0,'2020-09-23 02:33:22','2020-09-23 02:33:22','2021-09-23 08:33:22'),('2b708b66eb33a2f891c0e7730401558dd3f80ce6211f7f0df73a804ee36b1313ab86483003764b56',84,1,'Personal Access Token','[]',0,'2020-09-28 04:40:51','2020-09-28 04:40:51','2021-09-28 10:40:51'),('2b95f8e2ed400bf35e6b57f9f4b52550e3073283dc6e5999d67ab7f8c800fb883080de4da1c5d84d',44,1,'Personal Access Token','[]',0,'2020-11-23 15:19:39','2020-11-23 15:19:39','2021-11-23 15:19:39'),('2bba00237da65d6106348681b7f82892e821791554085af7324fc40372607745b20de861195fb24d',84,1,'Personal Access Token','[]',0,'2021-01-21 14:43:47','2021-01-21 14:43:47','2022-01-21 14:43:47'),('2c741a21a6060468d63fee48c66efb4454a67b68edfc7be05e1d7c51e6bb5d65fb4150091023a992',111,1,'Personal Access Token','[]',0,'2020-11-23 14:42:10','2020-11-23 14:42:10','2021-11-23 14:42:10'),('2cb933b3912c2d106dda92fa7c2ac4843eb1e493ac0b6068d0c5112effad14ac9d682dcb663dd4ba',44,1,'Personal Access Token','[]',0,'2020-08-27 05:10:01','2020-08-27 05:10:01','2021-08-27 11:10:01'),('2ce821f4da4fbe23ba3a066ecc060ccc728c9d4e3521d6d6ae96293793f312ef69d28c0cedfd2222',44,1,'Personal Access Token','[]',0,'2020-08-27 10:31:48','2020-08-27 10:31:48','2021-08-27 16:31:48'),('2d2e5d2afcda83bc256781f4d240d53ace888f940504a013f8cf304c444c6212b7011d7645b74cd5',111,1,'Personal Access Token','[]',0,'2020-11-16 06:33:17','2020-11-16 06:33:17','2021-11-16 06:33:17'),('2d6ab7c1c3f95a0e7afbc007038733d416df715e1e9a90b2218cfc540042c3ec377efb504e527d5d',80,1,'Personal Access Token','[]',0,'2020-09-11 14:45:54','2020-09-11 14:45:54','2021-09-11 14:45:54'),('2ebe7082944196bce3aeb3537ecbd17df97dbac1d4500fced3bd2f7f1833ae38c2ce3a128e07ebf1',43,1,'Personal Access Token','[]',0,'2020-08-31 18:50:30','2020-08-31 18:50:30','2021-09-01 00:50:30'),('2ee0c1357e8c092a138b4a6e011317057d4aeb5a371e23bc0193d4cab8f30ac0f3dd8adb1ace9dd0',44,1,'Personal Access Token','[]',0,'2020-09-10 21:53:29','2020-09-10 21:53:29','2021-09-11 03:53:29'),('2f4189569159370c955906db75602edec39b8392ef7f343d4a055f477d874cd53ace8d5f4880e4f7',164,1,'Personal Access Token','[]',0,'2021-01-12 13:52:20','2021-01-12 13:52:20','2022-01-12 13:52:20'),('2f8e71be6188b4a9fa7ece215ecdfa9a0c2c9ca595654da814111fbf871d7f9d1b0105ae1d2a3393',84,1,'Personal Access Token','[]',0,'2020-09-20 13:00:39','2020-09-20 13:00:39','2021-09-20 19:00:39'),('2fcd68766a6bd34a9e53efa3bf7cec2baac78bec32f8e1911d46b2828cc266c2de6a2207a3ea52d6',84,1,'Personal Access Token','[]',0,'2020-10-14 00:53:21','2020-10-14 00:53:21','2021-10-14 06:53:21'),('30324014d9bfa87feda824ce77c9236280f4c95e86b56c06e59a0b67d367f41d55aa37c97e296ff5',84,1,'Personal Access Token','[]',0,'2020-10-11 23:00:21','2020-10-11 23:00:21','2021-10-12 05:00:21'),('311a4cc7442324db316b4193c745163205478cf29d8ab2ba9e00893bd619f67082abbe1c0408f4cd',43,1,'Personal Access Token','[]',0,'2020-09-01 04:42:10','2020-09-01 04:42:10','2021-09-01 10:42:10'),('3142e27def5e43a579df5e8c53f1057cdd48b2538a3406e1931c39ef7f476f3a2acaf2a816e11200',73,1,'Personal Access Token','[]',0,'2020-09-11 01:45:36','2020-09-11 01:45:36','2021-09-11 07:45:36'),('31982aa438ce8d6b64abc0570b87ce637c0c617f1805b73f493b1527e9210c8cccb2424a62d2f465',84,1,'Personal Access Token','[]',0,'2020-09-27 03:10:58','2020-09-27 03:10:58','2021-09-27 09:10:58'),('329d903e14bafbb59c0dab57d44059a7d733e68acf7a9acf36f5eda6af70eac3856112a2e82fb39e',45,1,'Personal Access Token','[]',0,'2020-10-13 00:26:25','2020-10-13 00:26:25','2021-10-13 06:26:25'),('340a18a2fcf2c0033b5f2a1e17e43ef730d73dae7eb70a729679517f4c8483e9ffac25bed6474e3b',155,1,'Personal Access Token','[]',0,'2020-10-14 00:26:29','2020-10-14 00:26:29','2021-10-14 06:26:29'),('34ec4bc78f800c185e0874898ab5b32e0ec62548bca2817b90a1421f4eeff91623bc2f258c7daecf',169,1,'Personal Access Token','[]',0,'2021-01-20 20:59:12','2021-01-20 20:59:12','2022-01-20 20:59:12'),('34f82ffcfcc8979457f5fbfcdd5ddadf881719ee9873bd057dcfeb0f25e39341fb78e2c4195c88eb',66,1,'Personal Access Token','[]',0,'2020-09-09 10:32:02','2020-09-09 10:32:02','2021-09-09 16:32:02'),('366173af78902740d034cd513d630b1ea06cb96862f53374ae5617bcd7517ae55bb00ec228445fd2',73,1,'Personal Access Token','[]',0,'2020-09-08 02:40:01','2020-09-08 02:40:01','2021-09-08 08:40:01'),('37ab58cdb229cb1cd374506a05684a8e0c77a47b54febd9cebfee6380a5235a9180a23aa5fc675b4',43,1,'Personal Access Token','[]',0,'2020-08-30 18:36:38','2020-08-30 18:36:38','2021-08-31 00:36:38'),('37c3b607913f7e739bfaf4deff9eaa9a3cd4f264249500705a13652c47ef992ec4d2c7acc8837909',82,1,'Personal Access Token','[]',0,'2020-09-16 12:07:22','2020-09-16 12:07:22','2021-09-16 12:07:22'),('38651d7735fd117555ce4ed0e3d262c5a422d1d1c0dd7ed0e58fd638c035c0a4d39cbc95ff7973b0',43,1,'Personal Access Token','[]',0,'2020-09-04 07:56:01','2020-09-04 07:56:01','2021-09-04 13:56:01'),('3866bca16f4d4f86c9ff2ceb452fc37365c05d90f689aec1faeed4829eb80701dc0ba34926e85a56',45,1,'Personal Access Token','[]',0,'2020-09-11 14:47:10','2020-09-11 14:47:10','2021-09-11 14:47:10'),('38887684aa08521202003f09731fb4e7b1173c2609d400caf134383d2ae8de0015993b6bc7f2ad46',44,1,'Personal Access Token','[]',0,'2020-08-29 12:18:20','2020-08-29 12:18:20','2021-08-29 18:18:20'),('38e62459b1c8186e77187f1a639b407aaa8e6c5dbb312f56fe33792a2738eb1dbd1c91dcfd55a8e9',169,1,'Personal Access Token','[]',0,'2021-01-20 23:34:13','2021-01-20 23:34:13','2022-01-20 23:34:13'),('3956c266fd65ea36b134b72841da3be3ca92297ee10f08fd76cf70f9919ead17d300ccb6c10f6684',84,1,'Personal Access Token','[]',0,'2020-10-11 05:09:53','2020-10-11 05:09:53','2021-10-11 11:09:53'),('3974a3ecad636b70357ff9cd4d34051d068e461f1145c812c600630b37d7647397e7fb3ffad7014f',161,1,'Personal Access Token','[]',0,'2021-01-12 13:39:11','2021-01-12 13:39:11','2022-01-12 13:39:11'),('3a7e252a19ff0431d1b08b842b4854662da4f3b1b220bd6b5b3f322ef70a015d86127e962d3672ff',43,1,'Personal Access Token','[]',0,'2020-09-06 11:04:37','2020-09-06 11:04:37','2021-09-06 17:04:37'),('3b104b16bf6f8270c0de7066690a6667c2031297fac58ad77219a0870a4688830083096d3dcba978',44,1,'Personal Access Token','[]',0,'2020-08-27 21:36:48','2020-08-27 21:36:48','2021-08-28 03:36:48'),('3b9246655588cdc07d892caa31364a6b1964a569a5a7dee397ef189c071037f99ba3fd720cd06425',84,1,'Personal Access Token','[]',0,'2020-11-19 08:42:58','2020-11-19 08:42:58','2021-11-19 08:42:58'),('3be6a6a49336e6cf0f5673e4f9df177dfc72d7a73e88123ed1e3c05b934f23385138bf5084910f8c',44,1,'Personal Access Token','[]',0,'2020-08-28 05:00:26','2020-08-28 05:00:26','2021-08-28 11:00:26'),('3c48cbc2986f6daa15816a741e3a5e9bc315dae35e9866d012e71b166bb45d9a6912e20eae7626d5',185,1,'Personal Access Token','[]',0,'2021-01-21 00:30:36','2021-01-21 00:30:36','2022-01-21 00:30:36'),('3cbd83214d1bb2776b044f63bc4b22ab727687ab19cbb8875138b0a360656f8ed1fd65ff83d8a466',44,1,'Personal Access Token','[]',0,'2020-09-28 02:12:20','2020-09-28 02:12:20','2021-09-28 08:12:20'),('3cf81d0603487582656338f4ddc47532783f80f0bbcb2161a35ed47b375cbbf7d473d07589725358',45,1,'Personal Access Token','[]',0,'2020-10-21 22:27:19','2020-10-21 22:27:19','2021-10-22 04:27:19'),('3d06d9684023e95a322321b404c984111946c2706d0ec8848747819259acf6138273870089afd17d',43,1,'Personal Access Token','[]',0,'2020-08-27 22:51:37','2020-08-27 22:51:37','2021-08-28 04:51:37'),('3d92e974cd8ef3ed5214d14208999c96f563cb3fdc353ad0d0afa30039ec97531b5dd8c42c5e7f88',43,1,'Personal Access Token','[]',0,'2020-08-26 10:43:04','2020-08-26 10:43:04','2021-08-26 16:43:04'),('3db949da093047b0f5d750577991d5bec147baf5a21625e9b977a7101ee6d528958625aac171c2a7',44,1,'Personal Access Token','[]',0,'2020-09-23 04:09:00','2020-09-23 04:09:00','2021-09-23 10:09:00'),('3e4644b240cf017086b5e6416f054af05fdae409966a7c38fba36c3c55853b07863e4ae43274190e',45,1,'Personal Access Token','[]',0,'2020-12-23 16:35:51','2020-12-23 16:35:51','2021-12-23 16:35:51'),('3eee57945707d1d257fdda7d4e1f3d2f4215a37c621cf0a73ad4bdc70909232692c62163da8ba4a9',158,1,'Personal Access Token','[]',0,'2021-01-12 12:49:37','2021-01-12 12:49:37','2022-01-12 12:49:37'),('4065fd564f159b9a9ebb83a4bbc1967b6be117d2f59ba8b6b4bf41ee8049e26c98bdb3c425be05e6',43,1,'Personal Access Token','[]',0,'2020-08-26 05:49:06','2020-08-26 05:49:06','2021-08-26 11:49:06'),('41836d38e6870533549839ce2a5578d865da9e4d735545ba76d67cb27f3cf3346e64ebfbfae159cd',44,1,'Personal Access Token','[]',0,'2020-08-27 05:10:04','2020-08-27 05:10:04','2021-08-27 11:10:04'),('41c1983422eb8341aafae43084f556ecf0951d6e1ada1c26f9d681f03cbe1e3428d9c969c7532f54',156,1,'Personal Access Token','[]',0,'2020-10-14 01:54:23','2020-10-14 01:54:23','2021-10-14 07:54:23'),('41ea37a5067e01c71e9476dbab74182c853cc4b3618043094b7f37264a9a7f7a044889caa32a3957',45,1,'Personal Access Token','[]',0,'2020-08-31 15:59:08','2020-08-31 15:59:08','2021-08-31 21:59:08'),('422407513bb759624ebc52d6659df198f35e012a1c281e296535778ba5a6fa8416fd557330ce0943',84,1,'Personal Access Token','[]',0,'2020-09-23 10:53:46','2020-09-23 10:53:46','2021-09-23 16:53:46'),('4319cc413f63cf29b065f9dc2e5699c9d8e322ba8ab1f16895e70212e1b165a66161dd2b23c4b869',84,1,'Personal Access Token','[]',0,'2020-09-27 02:48:21','2020-09-27 02:48:21','2021-09-27 08:48:21'),('432f4fe3283ef23e60b8b1f1ec0f1c360e111c8f8c627f06b2353c23066eac092960ada54bb8ffba',43,1,'Personal Access Token','[]',0,'2020-09-01 04:40:16','2020-09-01 04:40:16','2021-09-01 10:40:16'),('43a50a3129fa9d5f1a830075d0336ceb822ea131aa9e2fc07a4855e14138b80e18258594fa59f186',84,1,'Personal Access Token','[]',0,'2021-01-20 18:25:13','2021-01-20 18:25:13','2022-01-20 18:25:13'),('44144c092355f8c06f6c35756c66335fa75f5c95685a05d9d77ec06db0ceabf58ecf728989ac72ea',43,1,'Personal Access Token','[]',0,'2020-08-31 13:03:49','2020-08-31 13:03:49','2021-08-31 19:03:49'),('446562d4421403848d9723ace6ea6b25269dd60acb70e72656d013a5d504d295a9f562563633b3b3',163,1,'Personal Access Token','[]',0,'2021-01-12 13:49:51','2021-01-12 13:49:51','2022-01-12 13:49:51'),('44cd237762d837640570af856c9eb3d6d4251687fb6af38940d23b326d061cf44f9b8d3fd6f2d2ea',43,1,'Personal Access Token','[]',0,'2020-08-26 22:01:21','2020-08-26 22:01:21','2021-08-27 04:01:21'),('450cef747feae8d9d7b0cb1d7dada6d79742754afb32f1342d6caffe0db5337d5f248389044fb6f6',84,1,'Personal Access Token','[]',0,'2020-10-11 05:36:23','2020-10-11 05:36:23','2021-10-11 11:36:23'),('455be311c4136fc502b0b810e2294e5db3320956869ca99bcbf08b8fe0fc2fe1581b0aa9fd05827e',84,1,'Personal Access Token','[]',0,'2020-09-28 01:43:57','2020-09-28 01:43:57','2021-09-28 07:43:57'),('46268102a00fd5d686548f25950aba48a49f469febe791dbe560311d05e0aa298d4a40fd4ddc46a8',44,1,'Personal Access Token','[]',0,'2020-10-14 01:49:55','2020-10-14 01:49:55','2021-10-14 07:49:55'),('46f141809e5f11edbfd8630d5b834b080c033183979e3891af23cf583a0e22c8417eddddad78a9e2',84,1,'Personal Access Token','[]',0,'2020-10-11 06:28:18','2020-10-11 06:28:18','2021-10-11 12:28:18'),('47ee991aea91577424a26e48f7e23ae45330b34dfae9385da0c70d05a523620b85e4ed2fd7908f99',74,1,'Personal Access Token','[]',0,'2020-09-07 15:24:50','2020-09-07 15:24:50','2021-09-07 21:24:50'),('4800945466f4ef6ca4acd02b6025f2d9497245a24dadb3f7e2817e67c172d77c229cf2cc6016cf32',66,1,'Personal Access Token','[]',0,'2020-09-03 06:13:06','2020-09-03 06:13:06','2021-09-03 12:13:06'),('48170901ccc0153c73cca7a7804cd791aac803f07aad1a010d1206c44d26a1b0b8a82ca65782419f',84,1,'Personal Access Token','[]',0,'2020-09-28 00:55:26','2020-09-28 00:55:26','2021-09-28 06:55:26'),('489abfd535bc3700d7f8ddfb838926a3d74e861bd33b1d7d7ccde813a0871aa75cd64098a2061887',44,1,'Personal Access Token','[]',0,'2020-10-11 05:34:00','2020-10-11 05:34:00','2021-10-11 11:34:00'),('494c705eedadfbd99f2b82ea8401299b1dd195003da71084ff8d906e9bc514c5c53a36b954b6e938',187,1,'Personal Access Token','[]',0,'2021-01-21 00:32:21','2021-01-21 00:32:21','2022-01-21 00:32:21'),('49c7e679306bdce30a785578ea5523bb9f9aab82492e18da77ddcb1256779dfa2769a13cd93b598d',186,1,'Personal Access Token','[]',0,'2021-01-21 00:31:18','2021-01-21 00:31:18','2022-01-21 00:31:18'),('49d940a116a2164683e4f2a133f2c206f09b95db2cdb19bbc3dfed84953cc7fa3782c31d3eac329d',44,1,'Personal Access Token','[]',0,'2020-09-28 00:24:23','2020-09-28 00:24:23','2021-09-28 06:24:23'),('4aef602537902e3758938e4a4fbad7f794da02e365f140f4439af18e07d99564ba600deff8f6963a',84,1,'Personal Access Token','[]',0,'2020-10-13 03:36:37','2020-10-13 03:36:37','2021-10-13 09:36:37'),('4b3e15dfbd8fbed35cfe5c60bde47e5e195842da6631540dc6a545a8dace53d43eaffeda1249d8fd',84,1,'Personal Access Token','[]',0,'2020-10-12 23:29:19','2020-10-12 23:29:19','2021-10-13 05:29:19'),('4c73c519acacabfe30aaa91bc0ebb710bfd1a216aad3e5f679f3d78f736f768e92e933f9801e0fc1',84,1,'Personal Access Token','[]',0,'2020-11-16 10:01:49','2020-11-16 10:01:49','2021-11-16 10:01:49'),('4cc9ab59dc13c978e0a1426fa0ff73703746bd754712329c61b9696f698997cd650cca8f50bf3e68',43,1,'Personal Access Token','[]',0,'2020-09-01 04:39:58','2020-09-01 04:39:58','2021-09-01 10:39:58'),('4cd37069d8f517265a8ef59579217d5dc98b0bc6850609588c1d0a4e437d26199b512e1e2324596f',44,1,'Personal Access Token','[]',0,'2020-09-27 02:59:07','2020-09-27 02:59:07','2021-09-27 08:59:07'),('4cd73c828eddb8d1a03444a87c4b99f183776a0ae0e4d6a99157a0bf9b1d0735006910d26d65c66f',43,1,'Personal Access Token','[]',0,'2020-08-31 18:50:06','2020-08-31 18:50:06','2021-09-01 00:50:06'),('4d6af674240d9c6adc53eb20a56ef9f8fa991fcd55ad915a376faf7c3ae2e1b77ac200e3ea74f612',45,1,'Personal Access Token','[]',0,'2020-10-21 12:56:13','2020-10-21 12:56:13','2021-10-21 18:56:13'),('4d712d61e7fe16301d88a320785b7920059cb79c6c20a2f6138354b64f78f488004cd59993aab44c',44,1,'Personal Access Token','[]',0,'2020-10-21 12:11:55','2020-10-21 12:11:55','2021-10-21 18:11:55'),('4e4378b5c756fd27a8d7ea64e2a562e4287f19beaac5acb3c7ffbc0c9349e40b4c6bf5331e54925d',44,1,'Personal Access Token','[]',0,'2020-08-27 05:10:02','2020-08-27 05:10:02','2021-08-27 11:10:02'),('4e5e65f2d962c7b856f44b7cfd811e91505a40eaf72bed97d47c6744543600c8e82d0cca4a4e66ee',84,1,'Personal Access Token','[]',0,'2020-11-19 08:41:33','2020-11-19 08:41:33','2021-11-19 08:41:33'),('4ea689721ad1f096c306aac7e3fc84cbcda4711a21031ddca300cfb4ef4d4ed7f20f5537e468cfed',84,1,'Personal Access Token','[]',0,'2020-10-12 03:29:17','2020-10-12 03:29:17','2021-10-12 09:29:17'),('4f94abedc3ca429d595c76e2185e12b1856e58234566841f859271e1afc9531432130495eeb9b61f',44,1,'Personal Access Token','[]',0,'2020-09-11 03:23:10','2020-09-11 03:23:10','2021-09-11 09:23:10'),('4fbd80e61a8f1a30dfd8de075e1802b4f0a46851ae144ad143876a7ebca315c55c3057680b096309',84,1,'Personal Access Token','[]',0,'2020-10-13 12:15:29','2020-10-13 12:15:29','2021-10-13 18:15:29'),('507d545f904d8fc23704996ad899b4f0f88667006ca4c26a66a08db28badad71d3f3c0de789af938',84,1,'Personal Access Token','[]',0,'2020-11-19 06:38:14','2020-11-19 06:38:14','2021-11-19 06:38:14'),('52e63e57f7cf7d639bb982dd8d748e6a88751dce3ad5c514b980bfb9f34c39a44c801cc6fc3c211d',84,1,'Personal Access Token','[]',0,'2020-09-17 07:08:11','2020-09-17 07:08:11','2021-09-17 13:08:11'),('540ef3e7080c9d068cefeb5043abc4aeb9c2a54963153a95c32bb271c3405ab5e221ac19a69b930a',84,1,'Personal Access Token','[]',0,'2021-01-21 17:41:37','2021-01-21 17:41:37','2022-01-21 17:41:37'),('55f83d2a0935703de9cfa8915f79747d0ac4431d4271b39c6fca24e6271abe138b71107f8ba677c5',188,1,'Personal Access Token','[]',0,'2021-01-21 10:53:22','2021-01-21 10:53:22','2022-01-21 10:53:22'),('5695a07ae83845801671c892f8db85dfabd5ade416aeb0535b287eef745abb37442e9802fe7117e4',44,1,'Personal Access Token','[]',0,'2020-09-28 00:25:52','2020-09-28 00:25:52','2021-09-28 06:25:52'),('56cdb87711bbc51aadc7b56fa17107cb7609b853811fda693517e3b45ad967942a1b313c01f8102c',44,1,'Personal Access Token','[]',0,'2020-10-12 23:29:49','2020-10-12 23:29:49','2021-10-13 05:29:49'),('57b90a786a20720f54cf5b91074c21d16cd52dc25ccc92c2d9e2b6b0b0ebbbe9190fc35663dd929c',84,1,'Personal Access Token','[]',0,'2021-01-22 09:36:25','2021-01-22 09:36:25','2022-01-22 09:36:25'),('582bd459a7d224c06654a9fa69a31dab624e40dbea91f929a49121d9cbec8bbab09e659a4740dced',84,1,'Personal Access Token','[]',0,'2020-10-11 22:33:18','2020-10-11 22:33:18','2021-10-12 04:33:18'),('582e9cb432523ee658983ec6c304f4d23376a223fd9ae477b03b83515a303a73e3f328d233695873',184,1,'Personal Access Token','[]',0,'2021-01-21 00:29:57','2021-01-21 00:29:57','2022-01-21 00:29:57'),('5839afca357c78b3567b15f61d4d8f486be84c3798247f22f897e0e715b48bfc2bd91c4b2163999b',44,1,'Personal Access Token','[]',0,'2020-09-17 07:30:36','2020-09-17 07:30:36','2021-09-17 13:30:36'),('5847ee82bb1212e6954863b6a80cd27bb4d5eed346f2856c3a9e8290d16de10c36525d51ac4952c2',45,1,'Personal Access Token','[]',0,'2020-09-15 04:23:24','2020-09-15 04:23:24','2021-09-15 04:23:24'),('586b9cf5886cfaaba61441305314f416eb2caa21db6260e67704eb752cf270e14dc323d0571a0dff',44,1,'Personal Access Token','[]',0,'2020-09-01 05:18:57','2020-09-01 05:18:57','2021-09-01 11:18:57'),('598d49b05425a14775d461627ff468c4c9dbbea19c6484586ffb3d52b46de59ce3e56ff436e7b3f7',84,1,'Personal Access Token','[]',0,'2020-10-11 22:22:05','2020-10-11 22:22:05','2021-10-12 04:22:05'),('59a52122c1dd3b2785e7da2350c6eb2fa8ad2f0db88b55e7801990a20aee5288b8214d1ba8ce1f34',73,1,'Personal Access Token','[]',0,'2020-09-08 12:25:57','2020-09-08 12:25:57','2021-09-08 18:25:57'),('59c144e4d5e260a51a1b472abe846da4992cb676494b96f7855b61fb8fe17b55f8248017b15c5116',12,1,'Personal Access Token','[]',0,'2020-08-25 04:58:29','2020-08-25 04:58:29','2021-08-25 10:58:29'),('5b41f9c62d6d7ca1978751c7a197966c5a7730520d2d0a0b5ecd27d313c08d44e5c92cf44a362ce5',12,1,'Personal Access Token','[]',0,'2020-08-25 04:59:01','2020-08-25 04:59:01','2021-08-25 10:59:01'),('5c1569b8af10436ec121e3cfc61749b4cf67c3dc646429d1e2ffefbf9d99f71ceaba47ec4b925d9c',111,1,'Personal Access Token','[]',0,'2020-11-23 14:45:39','2020-11-23 14:45:39','2021-11-23 14:45:39'),('5c1b7b53e1dd1134a5160ec072d01336bf717af7468d12a99861c7536c9487cfa63d175f8c1fdcac',84,1,'Personal Access Token','[]',0,'2020-09-23 03:46:37','2020-09-23 03:46:37','2021-09-23 09:46:37'),('5c4edbda5642a9685e703e6bbf97621778b3e3d4f5c517aa27a03f85f4331bc69c78996435e19f81',84,1,'Personal Access Token','[]',0,'2021-01-12 12:56:33','2021-01-12 12:56:33','2022-01-12 12:56:33'),('5d28616d9ad75a471f1f5eb3dd8f0f6fc96a9bc7df4c18db2f923ae8c16eb250e48475fb636cac2e',161,1,'Personal Access Token','[]',0,'2021-01-12 14:05:32','2021-01-12 14:05:32','2022-01-12 14:05:32'),('5ded11e62e40d70abae0bd6da19fad862fee4204534b9982501225674588941f41ffb896e4100771',44,1,'Personal Access Token','[]',0,'2020-10-13 12:15:46','2020-10-13 12:15:46','2021-10-13 18:15:46'),('5e64d4a70184c1a5f09f7424ba9eebabdfa6aa6090b12cdbc49eb5827c401e1ee1a56fab34e41d48',44,1,'Personal Access Token','[]',0,'2020-08-28 05:00:17','2020-08-28 05:00:17','2021-08-28 11:00:17'),('5ef0e600b1e4c7c374152a2d509cf0120d7dad803169421566029873976bb0a5cd261182a1602686',84,1,'Personal Access Token','[]',0,'2020-10-12 22:20:18','2020-10-12 22:20:18','2021-10-13 04:20:18'),('5f45d3e896f4b82d51bd4db801ea0c588f0e3235b73600ba97df6534c143807f59b437db30fc4fad',44,1,'Personal Access Token','[]',0,'2020-09-06 15:10:31','2020-09-06 15:10:31','2021-09-06 21:10:31'),('5f80a5f398ae1ddeb2a452d0d9e7141b7a0be618c525ab9b5022c38cd5717e74860ac5796dd00201',44,1,'Personal Access Token','[]',0,'2020-09-28 00:24:00','2020-09-28 00:24:00','2021-09-28 06:24:00'),('6052f267d9c16ae46802daac6437a9643c499b459149ceba7030f75168951e5e816e1813b2aa2d87',44,1,'Personal Access Token','[]',0,'2020-08-27 10:31:56','2020-08-27 10:31:56','2021-08-27 16:31:56'),('609a5156abf6d95749a910a13f600c84692e6f25cc010e2db3d82fc4a17f13a4f52eaae989c3aafd',170,1,'Personal Access Token','[]',0,'2021-01-20 23:38:59','2021-01-20 23:38:59','2022-01-20 23:38:59'),('611d24a8dda1e9a2b0580c989bbad61f41e30a0e79443af9b6483a33647313336a457631c1e0db99',44,1,'Personal Access Token','[]',0,'2020-08-29 04:23:46','2020-08-29 04:23:46','2021-08-29 10:23:46'),('616517804e4a47d4f7103e3337cc617239e81b409359beb9ab3293236afc8d28815caa3f10eb3a8f',44,1,'Personal Access Token','[]',0,'2020-08-27 04:12:14','2020-08-27 04:12:14','2021-08-27 10:12:14'),('61874aefa3b8753d1de462a638159d5000605ed1e12be8ddb992b607a42c5e3976678a759adb678c',181,1,'Personal Access Token','[]',0,'2021-01-21 00:26:34','2021-01-21 00:26:34','2022-01-21 00:26:34'),('61886b72bdc5371eb1e6725632dff8a99977c8eb9a9e0c9efae3e0ae6d83cc65f317202fd1d7bfa2',84,1,'Personal Access Token','[]',0,'2020-10-11 23:05:32','2020-10-11 23:05:32','2021-10-12 05:05:32'),('61ad05f8d968c0961fc66ff4332f2fd6751f9710f77b48d6d9f936365239c5a0f4ca7337ee2189f0',84,1,'Personal Access Token','[]',0,'2020-09-28 01:01:38','2020-09-28 01:01:38','2021-09-28 07:01:38'),('642bb93b41767309779e247cbca6e0517ce1cbdfe17fef7372d6f7595225a282f69aab63cd5940fd',44,1,'Personal Access Token','[]',0,'2020-08-27 05:03:46','2020-08-27 05:03:46','2021-08-27 11:03:46'),('65cf65199eb2f7155bd8703aac6c6be6bf3e04bb54e9b3c868ebcd0ece89a2e9439d1b26793b3fc6',44,1,'Personal Access Token','[]',0,'2020-09-12 06:05:16','2020-09-12 06:05:16','2021-09-12 06:05:16'),('66096ba48dafc2709f406360797606820764a91bbbb29ff5b43499b4f1b4258e001f4c48793f75d6',84,1,'Personal Access Token','[]',0,'2020-10-14 00:26:00','2020-10-14 00:26:00','2021-10-14 06:26:00'),('676075b1e2a238d75c32a8b11fcb110b2bc194256f7177478ba1707247a5cb59e4aaab5b12a94271',44,1,'Personal Access Token','[]',0,'2020-08-29 21:28:03','2020-08-29 21:28:03','2021-08-30 03:28:03'),('67fc8c674f08d560b2883c7ee53c0a0f0c93238dcd0c8b54319c0e0ee4e5561cb7cc9fa856d21bfd',44,1,'Personal Access Token','[]',0,'2020-10-22 08:15:48','2020-10-22 08:15:48','2021-10-22 14:15:48'),('6998415c131cc89ffe92d2a8f74043a33e4fe03fdf39975f539787b6c8d029d3b58b23595d4f8bf8',44,1,'Personal Access Token','[]',0,'2021-01-12 15:05:18','2021-01-12 15:05:18','2022-01-12 15:05:18'),('69ac6e7124731b2706ad277267b5507e0383e91d1c8a9f184e33b418bee28c8143eb09f529289761',44,1,'Personal Access Token','[]',0,'2020-08-28 11:36:28','2020-08-28 11:36:28','2021-08-28 17:36:28'),('6a169f1d636f8a720ff83784bc2c228553f5cbcc4e1ab82395c7c178dbd56aa6463dad7e1cd08f6b',44,1,'Personal Access Token','[]',0,'2020-08-27 04:14:57','2020-08-27 04:14:57','2021-08-27 10:14:57'),('6a839f221d8f6b660d2dab72bb7c309663c11c996c11e2b2a39a355b57ffd7a28f34e15fcc6b246b',45,1,'Personal Access Token','[]',0,'2020-11-16 09:23:40','2020-11-16 09:23:40','2021-11-16 09:23:40'),('6bc8756d1078d2005ae39a11a9eae2857f8602c55124283694cdb821f254bf64b920f43f617d05b3',44,1,'Personal Access Token','[]',0,'2020-08-27 05:03:47','2020-08-27 05:03:47','2021-08-27 11:03:47'),('6bfed03c45b114899ba68d9dff4c526e2b0a7a9562201b3d875baa137e6111b32ce0ee2ad62ef2ad',84,1,'Personal Access Token','[]',0,'2021-01-22 10:52:51','2021-01-22 10:52:51','2022-01-22 10:52:51'),('6d607fa2db34c28d38b1701a5b844cd904ff04aa57d5bf54a052f19a2648a313160ba49d06269a05',73,1,'Personal Access Token','[]',0,'2020-09-10 10:05:14','2020-09-10 10:05:14','2021-09-10 16:05:14'),('6d9197bbd1af3b194f22240077e20b6a77270aecd52f02ab129d4d92364981c991396594c04b3a2f',44,1,'Personal Access Token','[]',0,'2020-09-04 07:49:50','2020-09-04 07:49:50','2021-09-04 13:49:50'),('6e7ac3cd8083426d53a85bff22b477dc465cae0d086928abefba28a47b8b5deb5c8a88fc3c33bbe8',45,1,'Personal Access Token','[]',0,'2020-10-12 23:30:08','2020-10-12 23:30:08','2021-10-13 05:30:08'),('6e9cc77e424688ff0c67c5e24f066a1902e0aac52ed499b542a2d22631c4092525418f8a2073d42b',43,1,'Personal Access Token','[]',0,'2020-08-28 11:41:38','2020-08-28 11:41:38','2021-08-28 17:41:38'),('702ae3213f78c4ad3cb9644b044a0593b31bd61b6b6d7ba10153476830f4853dd5274caba5513509',84,1,'Personal Access Token','[]',0,'2020-10-12 22:38:49','2020-10-12 22:38:49','2021-10-13 04:38:49'),('704badb8f59a9e4463faa28f55d3c16f60fdc0f0151f62efe6b0e89fe10144a7a8f21f955a108551',43,1,'Personal Access Token','[]',0,'2020-08-31 18:48:43','2020-08-31 18:48:43','2021-09-01 00:48:43'),('718f0ca347e87c9d5cf12d948ec4ae96b7a54c9e12d1d9bf7da1606605838a6617564015e967a69d',45,1,'Personal Access Token','[]',0,'2020-10-11 22:23:45','2020-10-11 22:23:45','2021-10-12 04:23:45'),('71c4301a7607f14d718c32b7a4637a7bd1ffbc0f39ce70e8b8e4430018d604e01df9303df6faa0b1',84,1,'Personal Access Token','[]',0,'2020-10-11 22:32:49','2020-10-11 22:32:49','2021-10-12 04:32:49'),('721b15e9e4f3db5e5edb35fa65e33ddf30d33a788cb5eeefd7b89a1a15c2ec0b37e615db5f73fd5b',162,1,'Personal Access Token','[]',0,'2021-01-12 13:48:21','2021-01-12 13:48:21','2022-01-12 13:48:21'),('722b6a2f0d8270c9d458879bf6b1cd5e1df4f8c8be47227a80f7348198c215bc5bb4bd7c2da66671',84,1,'Personal Access Token','[]',0,'2020-09-28 00:51:21','2020-09-28 00:51:21','2021-09-28 06:51:21'),('723c9493723d10e5fb10ecb0504f98e841037c1d913a581918a297f0c3dfc72ca124cfbdcffbadef',43,1,'Personal Access Token','[]',0,'2020-09-04 00:45:11','2020-09-04 00:45:11','2021-09-04 06:45:11'),('7269b5a19485d535f752caf69247faace8476317a8bb9a359a73932e0b64aef0a46796c2974d5f91',84,1,'Personal Access Token','[]',0,'2020-10-11 22:48:14','2020-10-11 22:48:14','2021-10-12 04:48:14'),('72e224786a525fe318acf32229baaff3a6980453fa539710ea2e503aaec0fda80df7c97984e61ef5',84,1,'Personal Access Token','[]',0,'2021-01-12 14:22:10','2021-01-12 14:22:10','2022-01-12 14:22:10'),('7407befe7c69e2e17c9f5c7a40639feeeb4bd4ce17144f0ad93f79abfbe1bd7fb92bf54facf25bec',45,1,'Personal Access Token','[]',0,'2020-09-02 05:01:05','2020-09-02 05:01:05','2021-09-02 11:01:05'),('74426d8c9c0c45fdbcfa8525f943aa369d0a00e0940bcf84af3958556723c87524869cb3b5c03cab',44,1,'Personal Access Token','[]',0,'2020-08-27 05:09:53','2020-08-27 05:09:53','2021-08-27 11:09:53'),('74f14d17d8fee15171b5d4feeea170b3f2221fdbc7ae7fa7d679054a6c9a38248f4e649f487dede6',43,1,'Personal Access Token','[]',0,'2020-08-29 08:15:00','2020-08-29 08:15:00','2021-08-29 14:15:00'),('752435e333d2b51559f764fc81995d4560e809cb029473d1b58483b6aeca6f896d6a4f27313363ed',78,1,'Personal Access Token','[]',0,'2020-09-10 05:48:00','2020-09-10 05:48:00','2021-09-10 11:48:00'),('768fae2170e5c8e782f88301d9186ff24689c1b7c364664cdcefea5602a2cc610f257dd3e90a6036',44,1,'Personal Access Token','[]',0,'2020-08-27 04:12:46','2020-08-27 04:12:46','2021-08-27 10:12:46'),('7694c382aff0409fc4a0bab7f139b00acfd8f71dc8634f04453e2df6098eaf2d4ed39bad5938db70',192,1,'Personal Access Token','[]',0,'2021-01-22 10:51:16','2021-01-22 10:51:16','2022-01-22 10:51:16'),('76ba773dc3e22f94fcad99277514bf235e9e9117e2e193680a407db68465b5b23152006c08760d7d',44,1,'Personal Access Token','[]',0,'2020-10-21 22:27:48','2020-10-21 22:27:48','2021-10-22 04:27:48'),('772ae2f8dfc8901681ade27a3031550c4bfa5385a701e0aef2abe5e46ae5050c210f348a66686aa1',44,1,'Personal Access Token','[]',0,'2020-10-11 23:05:57','2020-10-11 23:05:57','2021-10-12 05:05:57'),('77303827c0b4ac0476a3604c19917c9fdfb662d932213c4673843f3fa2f88be4ceaf1f7ef7de25f8',84,1,'Personal Access Token','[]',0,'2020-09-27 03:14:51','2020-09-27 03:14:51','2021-09-27 09:14:51'),('78071886fac42705790b0edffcf9cf391632725adc2e940739e64009cfcc7d72362798910545b703',44,1,'Personal Access Token','[]',0,'2020-10-12 22:40:21','2020-10-12 22:40:21','2021-10-13 04:40:21'),('78a8bd300f46a529dc1b99944c075d658578a4310856b6fb78f7d3fa708d6cea2d9b6a849495f3e3',84,1,'Personal Access Token','[]',0,'2020-10-11 22:50:27','2020-10-11 22:50:27','2021-10-12 04:50:27'),('78b61ed24ec1ce687025391bd8be7f7b3c32fc8e83fdccee7426a0463d2fb0b6ac411a8b3bf053f9',80,1,'Personal Access Token','[]',0,'2020-09-11 07:17:16','2020-09-11 07:17:16','2021-09-11 13:17:16'),('78f928fbd2bc294495dc6ab23a143813aac1f192ed20b4bb4b05c4d74d2b5af828e92702c342eafb',84,1,'Personal Access Token','[]',0,'2020-09-28 01:00:14','2020-09-28 01:00:14','2021-09-28 07:00:14'),('7ac67ae09ac8a78e8473b7ea0dcb2b1a29dff6b865351c00c046c741d6d0b7b3bc2c8da4aad78236',84,1,'Personal Access Token','[]',0,'2020-09-28 04:41:58','2020-09-28 04:41:58','2021-09-28 10:41:58'),('7b1ae13bd606f22f9957bc7df046e6c2c5e2d3a3d5ad9764eced4a29e9e4ed5bc7e0c2fee1deb71b',44,1,'Personal Access Token','[]',0,'2020-09-21 09:29:51','2020-09-21 09:29:51','2021-09-21 15:29:51'),('7b6ebf71a025c8d1212cd2aebbdae09106f862f9ca7f608bcb54afc3a39b9e5209665954884d37f5',44,1,'Personal Access Token','[]',0,'2020-08-27 05:09:54','2020-08-27 05:09:54','2021-08-27 11:09:54'),('7c239849889a4619584aa0b513918e1a55a432a84effde3fea202e92132dd619536887d1508a774c',44,1,'Personal Access Token','[]',0,'2020-09-28 05:58:01','2020-09-28 05:58:01','2021-09-28 11:58:01'),('7c62ef00c2556e61005add68f2331da346a3de531db80ea8c34b9e67a20baaa1b49760f5fa1d3b91',84,1,'Personal Access Token','[]',0,'2020-10-21 03:11:17','2020-10-21 03:11:17','2021-10-21 09:11:17'),('7cd130603f2f15c5847111ace72e9e33ed44d6d95198ffc5417f0106b472e1b015fa0387f869e87a',84,1,'Personal Access Token','[]',0,'2020-09-20 11:25:56','2020-09-20 11:25:56','2021-09-20 17:25:56'),('7d217c44e8da9896af244a33be645baf8edc8632810d89d5ad00ca7c660eeb0875ac28d92370aa2b',188,1,'Personal Access Token','[]',0,'2021-01-21 09:34:53','2021-01-21 09:34:53','2022-01-21 09:34:53'),('7d3fdfa42e548e225a0e9d6f35e3f5ae1012bcebe5dc1960f2c6768eb45c899d03982e554ab2ddd5',45,1,'Personal Access Token','[]',0,'2020-09-17 23:26:43','2020-09-17 23:26:43','2021-09-18 05:26:43'),('7d7c7ad20ab7a7686b6319fb1ee31673be24467ffaea4af2fa20f96616bf6d61f0454cf3ea4c2f36',43,1,'Personal Access Token','[]',0,'2020-09-01 04:39:57','2020-09-01 04:39:57','2021-09-01 10:39:57'),('7e3363abe8f7576e18e25552732792e41983be7bce2c30fe221995e16264342dc02a5b724bbb23e2',84,1,'Personal Access Token','[]',0,'2020-10-21 03:40:24','2020-10-21 03:40:24','2021-10-21 09:40:24'),('7e7d13b86f5259042c81c56c23f118f96f9beefb9a46f92b8bf5c5e553e4030e3a644ab133898a91',111,1,'Personal Access Token','[]',0,'2020-11-16 09:53:45','2020-11-16 09:53:45','2021-11-16 09:53:45'),('7ea8ca18b2bf9f190052f627e684f8b4b7aa70310102f829018255a551a7c1fdfd4676139996086c',43,1,'Personal Access Token','[]',0,'2020-08-28 11:41:50','2020-08-28 11:41:50','2021-08-28 17:41:50'),('7ead7d043a6d684c7c1b0c51c0b6599682937e6f9c8c28445f884fbee5256f7d7b2ea24237d54448',84,1,'Personal Access Token','[]',0,'2020-10-12 22:54:26','2020-10-12 22:54:26','2021-10-13 04:54:26'),('7ecba69474ac70e3331f00b27b6aab14ce1d65c320b9af37c04da20b613d4432ca8f4370925f310d',167,1,'Personal Access Token','[]',0,'2021-01-20 19:13:17','2021-01-20 19:13:17','2022-01-20 19:13:17'),('7f33772f3f6a3276e2c7d4782d9db31168ad9aebd08ad728a53590a9025195b7063c498506d756af',44,1,'Personal Access Token','[]',0,'2020-10-13 13:03:43','2020-10-13 13:03:43','2021-10-13 19:03:43'),('7f36efb71f32ae7399b6323cb0762d0d3d9de00374ae793b7f380a0c40c6091bfb049d6baa38c04e',44,1,'Personal Access Token','[]',0,'2020-08-27 22:41:38','2020-08-27 22:41:38','2021-08-28 04:41:38'),('7f9038eb556cfaa7a0ecf4138ff2c146e6fd78ef3b6036a8c53419362299e72b191ad2f7025c2381',84,1,'Personal Access Token','[]',0,'2021-01-22 09:38:13','2021-01-22 09:38:13','2022-01-22 09:38:13'),('7fabcb992af9d84a197aa0a8682ffb05d0730a0ef3bc3b7d4d7d73ab84927ef86d1e31d8efb79519',44,1,'Personal Access Token','[]',0,'2020-09-10 03:46:09','2020-09-10 03:46:09','2021-09-10 09:46:09'),('800ee1f905bc5666a9c64aa060356fa69f5c35e44fa97a489c1b0313ec5246ac816070a261ef614e',44,1,'Personal Access Token','[]',0,'2020-08-27 05:10:02','2020-08-27 05:10:02','2021-08-27 11:10:02'),('8041e302661944a0863428b6a4b79de38933e3c05ca801df377ec1cd0dfb174ec7e0e5886a5f41b5',111,1,'Personal Access Token','[]',0,'2020-11-23 15:11:16','2020-11-23 15:11:16','2021-11-23 15:11:16'),('805e0ad5fc09fd0397cf56774b348399f08917390082d21c530115e98651494d8906a56b9b55c3af',43,1,'Personal Access Token','[]',0,'2020-08-30 03:59:10','2020-08-30 03:59:10','2021-08-30 09:59:10'),('81168e35e0ff15b9d3a5d9384bdb6ce7746ec68a3e1395b83526e87fe3df9e4fad18aad17adf7f01',111,1,'Personal Access Token','[]',0,'2020-11-16 07:48:46','2020-11-16 07:48:46','2021-11-16 07:48:46'),('811b8cae53416e0f68414deca0a29a0276f0aee8e17dda1f3cebc2d718493fee5859d29425b557f3',44,1,'Personal Access Token','[]',0,'2020-08-27 21:36:47','2020-08-27 21:36:47','2021-08-28 03:36:47'),('813bba678438180a02e688e212b93e46c4e0a93172cde5ff85f9913cbeb648157c11eb1a14dc816c',111,1,'Personal Access Token','[]',0,'2020-11-16 06:25:58','2020-11-16 06:25:58','2021-11-16 06:25:58'),('81f74e3517d046ed622c152b60f1787c4aa68789b349414ac5423e08dc1366f9d61db7572746136e',49,1,'Personal Access Token','[]',0,'2020-09-01 10:07:30','2020-09-01 10:07:30','2021-09-01 16:07:30'),('8204ec64f4f7801b8630e5b9435f17fd73f711a18d4930ceae26bb6030802392f0eb1302e75c4eb3',84,1,'Personal Access Token','[]',0,'2020-09-17 02:35:31','2020-09-17 02:35:31','2021-09-17 08:35:31'),('8238afed0cdbdae26ff6ce92e0b122378cc3aa45ce3f48ddd6c6f7e7b9eee6efabb862c51f992fc9',44,1,'Personal Access Token','[]',0,'2020-08-29 08:15:52','2020-08-29 08:15:52','2021-08-29 14:15:52'),('828fd0e131b03e0d54b2d6b9b12288320be55909bc2e4f2cc51f52da706d93cdad92a306ddc97241',84,1,'Personal Access Token','[]',0,'2020-09-22 11:14:08','2020-09-22 11:14:08','2021-09-22 17:14:08'),('8305ad4d345a76f5d2b251335674a24be2216a03b9a477dabffaf23c135727c4d054875b765d737d',43,1,'Personal Access Token','[]',0,'2020-09-02 09:55:48','2020-09-02 09:55:48','2021-09-02 15:55:48'),('838c0940c4e84783547772e3453a0fad37e6be2ebe636910d91caa5773a3ba6435fd3912f9bbc871',43,1,'Personal Access Token','[]',0,'2020-08-26 22:01:17','2020-08-26 22:01:17','2021-08-27 04:01:17'),('83a398aa743c6061a1af0a17a1d5674051f42bf0d015a5769d38b0fabd90323ea09e938c4cec81bf',45,1,'Personal Access Token','[]',0,'2020-09-27 02:48:52','2020-09-27 02:48:52','2021-09-27 08:48:52'),('83a457bc815af4dd4fe465898309572ebe7864fa5374cb4ad837a7b3d8a6f6976d4ab47864592404',44,1,'Personal Access Token','[]',0,'2020-10-13 00:35:59','2020-10-13 00:35:59','2021-10-13 06:35:59'),('83d544197e5dec2fa769370bbfc14773ce044ee640b130bb7e0814d090a921629c5b2da7e8922f46',44,1,'Personal Access Token','[]',0,'2020-08-27 04:12:12','2020-08-27 04:12:12','2021-08-27 10:12:12'),('84247d022d88d9192c3f2c282d81b629b4bec9d4cbb2d8d39ec88ddb5337336bb4ced44fe4487f60',157,1,'Personal Access Token','[]',0,'2020-10-21 08:38:41','2020-10-21 08:38:41','2021-10-21 14:38:41'),('84364ef7ad6a6b56b046b0107dd692807cef74d86319d91989cf214efd37f20e25d9728da918dcb0',44,1,'Personal Access Token','[]',0,'2020-11-23 14:41:58','2020-11-23 14:41:58','2021-11-23 14:41:58'),('858b83e4d2e4cd681a832176767701562b9290ae5896aec031eb252460e0c5db45a7b66712ae6da6',73,1,'Personal Access Token','[]',0,'2020-09-10 09:55:21','2020-09-10 09:55:21','2021-09-10 15:55:21'),('867a4832decd33af4559ef470d691583d3c4c2005cab2bc73bed4a73f064dea2f8b5ab781719e0e7',44,1,'Personal Access Token','[]',0,'2020-08-31 12:32:39','2020-08-31 12:32:39','2021-08-31 18:32:39'),('8708c8c129d024cb42e17fd14d6f41a79c22ba62e57589e6c34bfd8153b46a603b6ff28804a0507e',84,1,'Personal Access Token','[]',0,'2020-09-24 06:24:19','2020-09-24 06:24:19','2021-09-24 12:24:19'),('872bd3334d80a9169ae5810f5e46b58c37bfd4c99477773ef0abf466d850ce749e24dc56e76a648f',43,1,'Personal Access Token','[]',0,'2020-08-30 15:44:43','2020-08-30 15:44:43','2021-08-30 21:44:43'),('87fcd19a88ed739744109d89db4beca8e8716ddb0c0ffd219880c61224f786a73c6839e47e1e04a6',84,1,'Personal Access Token','[]',0,'2020-09-23 23:01:11','2020-09-23 23:01:11','2021-09-24 05:01:11'),('884b68ce482d9b011e906da78041bb112812324252e89f7fb033e1b96e7e4629eb635ebb37ef19db',43,1,'Personal Access Token','[]',0,'2020-09-06 11:30:40','2020-09-06 11:30:40','2021-09-06 17:30:40'),('88981d5a40efabdf99118c083d139e836828afda1f12680d819fbcabff3c86397841ddba9f3e1ff4',45,1,'Personal Access Token','[]',0,'2020-11-23 15:19:15','2020-11-23 15:19:15','2021-11-23 15:19:15'),('88bd56564dab4758582c549cbb1a3916763b692b68e2162e2ed22c7e6645a179373b205d4f494bcd',44,1,'Personal Access Token','[]',0,'2020-08-27 05:10:03','2020-08-27 05:10:03','2021-08-27 11:10:03'),('8a808a8ec1685c98bfe33f17f4cc2f95c14877df85cf3a52bcea71caf52c72ee826e403e81b4b28d',78,1,'Personal Access Token','[]',0,'2020-09-11 01:55:16','2020-09-11 01:55:16','2021-09-11 07:55:16'),('8af5d370810b548ad3011dfefbed1ad34a303da81b2c480cbb4382562ea92decf8cc42e7ed03fe61',83,1,'Personal Access Token','[]',0,'2020-09-16 13:26:29','2020-09-16 13:26:29','2021-09-16 13:26:29'),('8e10fd81a491872a0ff68c669ae67f276ae4ca7b2ebee61f9ac1ff9eeebc522cc491e08e9c77cb06',44,1,'Personal Access Token','[]',0,'2020-09-14 06:31:55','2020-09-14 06:31:55','2021-09-14 06:31:55'),('8e26ac76ed3d780ac6de7e2195394495046313b8fae7cb42bd754380699a9983791c408eca4f265f',84,1,'Personal Access Token','[]',0,'2020-09-17 23:04:16','2020-09-17 23:04:16','2021-09-18 05:04:16'),('8e3a351d091700f91b2fabfff3265a92874e8c18fb3ad0bf63cd930706bc2555c3eb1611e46a9d6c',12,1,'Personal Access Token','[]',0,'2020-08-25 04:59:19','2020-08-25 04:59:19','2021-08-25 10:59:19'),('8e7a9cd76429e7d54c53cfc805aad5e16af0b674afec9b7dcb2181e24fffc04e3115511d148b2fdc',84,1,'Personal Access Token','[]',0,'2020-10-12 22:37:36','2020-10-12 22:37:36','2021-10-13 04:37:36'),('8ea82686bae6904dd3952e3242921065902eaf7f787bc769629ab08cee3ff00a34258801d88c9396',43,1,'Personal Access Token','[]',0,'2020-09-01 04:39:58','2020-09-01 04:39:58','2021-09-01 10:39:58'),('9006b4b7199e84daee4fce69f256f7fd818bedcc1fdf24f52af140a3f38701136199c1dff9feab74',44,1,'Personal Access Token','[]',0,'2020-08-27 04:12:11','2020-08-27 04:12:11','2021-08-27 10:12:11'),('915e306c69516c801fbf71510e89573eaf56ed3103e560ed1750bc23567d059df6f3cd536b1070ae',81,1,'Personal Access Token','[]',0,'2020-09-11 08:04:48','2020-09-11 08:04:48','2021-09-11 14:04:48'),('9187400d3daeb48eb691122bb7d3e4b9e8e306273a42c738ede5af5628d795c2d403e2260705b28c',44,1,'Personal Access Token','[]',0,'2020-09-11 01:12:15','2020-09-11 01:12:15','2021-09-11 07:12:15'),('91960db9ff0895d305e6c8d9f6349d22985d52c3045f1e8c0ed45c23626b84d4987f1e348081e91e',45,1,'Personal Access Token','[]',0,'2020-09-06 14:30:22','2020-09-06 14:30:22','2021-09-06 20:30:22'),('91a19fc9372433d836143bc4290c8646e67c6403401dba14947824ee3ab98ced9c8e27c85c58fc9b',45,1,'Personal Access Token','[]',0,'2020-09-17 07:27:33','2020-09-17 07:27:33','2021-09-17 13:27:33'),('91d43223dd8311dac67cf6777af1f0d79b1eed65329ab89f74a83e5da616db61d13f054077c86792',44,1,'Personal Access Token','[]',0,'2020-09-10 09:59:14','2020-09-10 09:59:14','2021-09-10 15:59:14'),('927e4995531da7b7ebc0a1d19d2a91b69267af3d5e39f92e4475686a9fa491473666e97c608f09a1',84,1,'Personal Access Token','[]',0,'2020-10-12 09:02:53','2020-10-12 09:02:53','2021-10-12 15:02:53'),('9297686c93f7eca796689d3db0cf6d44b2192c030661b9da0c40eb54f8aa42629ae35cc9b719822b',44,1,'Personal Access Token','[]',0,'2020-08-27 04:12:14','2020-08-27 04:12:14','2021-08-27 10:12:14'),('9389708ea7403b1748809dc01149fef17e198e49d5854bdd14f00ca6496c816e9d8b9bcf44df0cae',84,1,'Personal Access Token','[]',0,'2020-09-30 10:18:18','2020-09-30 10:18:18','2021-09-30 16:18:18'),('94294658597678436f52af00328c0ab9662d9fcb3536f2a333c9c2e9d586505eae153a6612738d6e',193,1,'Personal Access Token','[]',0,'2021-01-22 13:54:15','2021-01-22 13:54:15','2022-01-22 13:54:15'),('943573607c3c7f666ae94638d0465c9119883925a478cedba7b4235c16d76d59b5a1c0648b1c956b',84,1,'Personal Access Token','[]',0,'2020-09-28 02:12:08','2020-09-28 02:12:08','2021-09-28 08:12:08'),('9435cd11e8a1826dea4f72c63c569576c76d89be694c01c0a864730d1ce68b2b87804a2dee81de76',43,1,'Personal Access Token','[]',0,'2020-08-29 22:21:10','2020-08-29 22:21:10','2021-08-30 04:21:10'),('9455ad604c43da6b62e95791cea0cd0ebac26f8b3fa913afa8955ba887e37d48625983a571bece1e',45,1,'Personal Access Token','[]',0,'2021-01-12 12:35:25','2021-01-12 12:35:25','2022-01-12 12:35:25'),('94d22a8322bd50a641559a272e22fc1ee99fd928b5e9144de5fd74741713f2f47c61d1bd47cd619f',84,1,'Personal Access Token','[]',0,'2020-09-23 04:22:05','2020-09-23 04:22:05','2021-09-23 10:22:05'),('94e0181eeee959401f18a19f5d1d42110d12580de084a1657dc57370bf4c6f47ef3a3db5db085d6d',44,1,'Personal Access Token','[]',0,'2020-08-27 05:10:04','2020-08-27 05:10:04','2021-08-27 11:10:04'),('94eb7a7542909793db32857d926867746c96bb2086350867e3accf650340dd722243ff8723f16444',44,1,'Personal Access Token','[]',0,'2020-09-13 14:00:45','2020-09-13 14:00:45','2021-09-13 14:00:45'),('94f8f522fc00d4508207d162f438fb8733c1ae0dfc8bfe573a6d53bc0e8cd3016c46c0de47e6bd3d',80,1,'Personal Access Token','[]',0,'2020-09-12 14:41:56','2020-09-12 14:41:56','2021-09-12 14:41:56'),('9522ed23c4310c11fbefbe0554db698b931a06fc5ac6363fe9cc2e544f650f3985c8eb47fc30de6e',73,1,'Personal Access Token','[]',0,'2020-09-07 15:18:20','2020-09-07 15:18:20','2021-09-07 21:18:20'),('9544c4d7dc394659053e27afb67ee8b0b719a412c9ac984f984323d4cd3d2d1adc069b2ee83b0217',44,1,'Personal Access Token','[]',0,'2021-01-12 13:36:31','2021-01-12 13:36:31','2022-01-12 13:36:31'),('955b2a6fc525c95462db3b9313a4ef149da1611036335308da97e6824ed2856bbe1271d522871c1c',78,1,'Personal Access Token','[]',0,'2020-09-10 03:45:32','2020-09-10 03:45:32','2021-09-10 09:45:32'),('95bf2efef55725819aae59bb7a1092c59db2243cf0842883b376f4a209def47cb9c111490eb69fd0',84,1,'Personal Access Token','[]',0,'2020-10-14 00:00:50','2020-10-14 00:00:50','2021-10-14 06:00:50'),('977d70fc08646bc5d3717d54c8ca337c2b9279da98ab185412bb1fdb6ce9e2cd24d3ded66468b82b',45,1,'Personal Access Token','[]',0,'2020-11-23 14:53:51','2020-11-23 14:53:51','2021-11-23 14:53:51'),('98c4780bbc50f07e39fc2ae63cf7c6718fa06ce767b5195d34a9d3e99a107b9caada4feb5c797379',84,1,'Personal Access Token','[]',0,'2020-11-24 16:19:59','2020-11-24 16:19:59','2021-11-24 16:19:59'),('98e000770db87a7dd8a0e686512dd6f886e40b4948a5238d2b3a274c6dba8d20d01ca570f7ec4870',45,1,'Personal Access Token','[]',0,'2020-10-11 06:08:56','2020-10-11 06:08:56','2021-10-11 12:08:56'),('98ea80236afdca0f39331d3409529a7ab230b317c56fca12c73b1381c1a765cc0fff2da6d75b5c4c',165,1,'Personal Access Token','[]',0,'2021-01-12 15:11:53','2021-01-12 15:11:53','2022-01-12 15:11:53'),('99f68070f1d5a18b66bd3b1ae64fae302daecaa3d729c2da0c51fc90fa8302b6f028065ad5896298',84,1,'Personal Access Token','[]',0,'2020-10-08 23:45:19','2020-10-08 23:45:19','2021-10-09 05:45:19'),('9a2328c6e45135c0890c9866097ba1edfdf37aaf4ec3505b8e07e8dc9ddca478a2ba4d569057dfff',73,1,'Personal Access Token','[]',0,'2020-09-08 10:21:28','2020-09-08 10:21:28','2021-09-08 16:21:28'),('9a777cafd0aaa00dcd742a30eef1de2df3a47587c8889e0e9151ed11ef73f16efd1e3ba08c46171a',44,1,'Personal Access Token','[]',0,'2020-08-27 05:10:02','2020-08-27 05:10:02','2021-08-27 11:10:02'),('9a9e96e90267db4bdb33d57693ba083a4009c7642eddc67eba0204840fe7ff016d9ecdb259c16afc',44,1,'Personal Access Token','[]',0,'2020-08-27 10:38:16','2020-08-27 10:38:16','2021-08-27 16:38:16'),('9b773d15810a4d254678776f8144e59feb82f801d0efc2982c756ee9f5a9e41074153eb7866ae70a',84,1,'Personal Access Token','[]',0,'2021-01-17 22:07:38','2021-01-17 22:07:38','2022-01-17 22:07:38'),('9c82330938e2ce9f2b5f839e04334e60a8ef88ffbf1794c6f57e696348d17fe2ff42913e92bc1cf0',84,1,'Personal Access Token','[]',0,'2021-01-21 17:14:49','2021-01-21 17:14:49','2022-01-21 17:14:49'),('9d39dbe63d29bf2872e53aed2859a70a20725d12f3c5c942699dadd83a1187e15d95fe079bd64100',44,1,'Personal Access Token','[]',0,'2020-08-27 10:31:48','2020-08-27 10:31:48','2021-08-27 16:31:48'),('9d400c95de2bda816efd0152da3c2852c76571b22cb05be42ebc1a15af5a18d6d363b83c32becf98',84,1,'Personal Access Token','[]',0,'2020-09-22 23:26:51','2020-09-22 23:26:51','2021-09-23 05:26:51'),('9dfed2a3cbe27b9bf3e49e02a9c9f60952f9c5c19f89c5750ea712dd0937f9bfc56e9b41cf15a8f3',84,1,'Personal Access Token','[]',0,'2020-09-20 01:09:08','2020-09-20 01:09:08','2021-09-20 07:09:08'),('9e2a39627d58d7b027c8f74e47ce86646c1004ddfbc9c0b4ef1bdd88c0a436944cfacc84b5c1f2e5',45,1,'Personal Access Token','[]',0,'2020-08-31 13:48:09','2020-08-31 13:48:09','2021-08-31 19:48:09'),('9e3d703d705487ced99be8a83be8893aeb451b151059a8a79cfb35eaa7242ff705c820ef9a73c588',44,1,'Personal Access Token','[]',0,'2021-01-12 13:37:11','2021-01-12 13:37:11','2022-01-12 13:37:11'),('9ecb77c05a4a092a14b4d5970546c4c757cddde1f26fd975434e27e9beec6e074e68d6844b2ce20a',43,1,'Personal Access Token','[]',0,'2020-08-26 06:08:41','2020-08-26 06:08:41','2021-08-26 12:08:41'),('9f821b3a59fbcd9fcd2de0270e1ab09ece76d6f08c8819d218572ddf70d1a6c76ddbcfb8d2c479b6',84,1,'Personal Access Token','[]',0,'2020-11-20 06:50:28','2020-11-20 06:50:28','2021-11-20 06:50:28'),('9f93427825ee3384f6bf90ff2f0f9b50f5adbd0326bc461fe1ae23efc577ac1ac68b59a9c359a2c0',84,1,'Personal Access Token','[]',0,'2021-01-14 17:09:32','2021-01-14 17:09:32','2022-01-14 17:09:32'),('a009b01670f09514ace4fa4f0d37d9bbfc0ff9c44b92d21fb2a1e8b6cba538b9be01a8afc9f7778a',44,1,'Personal Access Token','[]',0,'2020-09-10 03:37:27','2020-09-10 03:37:27','2021-09-10 09:37:27'),('a1ef68876737f3159428d773d45d71d48f12a2c1d576eebdfbfdfd288d11e4dc899ada6857e47d3c',44,1,'Personal Access Token','[]',0,'2020-09-17 07:25:54','2020-09-17 07:25:54','2021-09-17 13:25:54'),('a38009f8cad4935570a9fae019a5a014578f7d65dfcb2128bf880075dbb76f15b055c7c41b0fb0fb',44,1,'Personal Access Token','[]',0,'2020-08-27 10:31:55','2020-08-27 10:31:55','2021-08-27 16:31:55'),('a48cec72a351d3a7a506b65bb30037ee8b63ed3ae5296592ca2841da06bd76b2328b87794cd5d90d',44,1,'Personal Access Token','[]',0,'2020-09-10 05:56:19','2020-09-10 05:56:19','2021-09-10 11:56:19'),('a5bcbe66b7cee00d730424b206b1063a2675076646147095c5aa8e75589f185b868f8c91c3bac520',43,1,'Personal Access Token','[]',0,'2020-08-26 22:01:20','2020-08-26 22:01:20','2021-08-27 04:01:20'),('a5fb60318428cdfa843ecee4aa5cd73e0f9673536dd1f44060b0e60202f1adaa4980f84f5cbd6eaa',45,1,'Personal Access Token','[]',0,'2020-09-17 07:38:06','2020-09-17 07:38:06','2021-09-17 13:38:06'),('a64900912bcb9d12f5172d7cf4b027fc43b419e2016bd239d5e0647fb51a8b925cda12cabbe0d7e3',84,1,'Personal Access Token','[]',0,'2021-01-12 12:38:22','2021-01-12 12:38:22','2022-01-12 12:38:22'),('a7052663c067e503437fb0f2313a1709d4a95363e2879f1060291b8482a90f9b92c21a58cd9db619',44,1,'Personal Access Token','[]',0,'2020-10-13 13:22:56','2020-10-13 13:22:56','2021-10-13 19:22:56'),('a720cb6743d367aa16f5845cdfb5301c5a5c479d32e4cb3e54552b2b6e0fc3ffa15f4b7845a6d62a',160,1,'Personal Access Token','[]',0,'2021-01-20 12:12:37','2021-01-20 12:12:37','2022-01-20 12:12:37'),('a7b571ace6ff2bab2b6ffaab3ed83a6a77b4b6891240e4d2a87f12e9a7680559d25059792127aa56',43,1,'Personal Access Token','[]',0,'2020-09-01 06:31:44','2020-09-01 06:31:44','2021-09-01 12:31:44'),('a83591f78139bc314932dc5d6c75dbfb282097d61350dfe1f9ac6272e72f7d3f3e767afccee0e542',84,1,'Personal Access Token','[]',0,'2020-10-11 23:52:47','2020-10-11 23:52:47','2021-10-12 05:52:47'),('a889fb2458fb6175394f7388638664250e95b116711e88d5b3f330569eae3e3285c24a9a3724bca8',84,1,'Personal Access Token','[]',0,'2020-09-28 00:59:52','2020-09-28 00:59:52','2021-09-28 06:59:52'),('a8c7636e8a76816dd158731569899fa02c843199ffffd72cd50de8d58a68648773538936887d071a',194,1,'Personal Access Token','[]',0,'2021-01-22 16:20:04','2021-01-22 16:20:04','2022-01-22 16:20:04'),('a9003bb2316b6c31a8d94d18352b9c032e8483a6776a67af19f48dfabf84dfa12adf5f9ad13df7e9',166,1,'Personal Access Token','[]',0,'2021-01-20 12:15:05','2021-01-20 12:15:05','2022-01-20 12:15:05'),('aa13675d02ad06792c7de72384da5f248ede689726ebaa27bdd4813fdfaad34f05d2db2e3b5880e7',84,1,'Personal Access Token','[]',0,'2020-09-27 02:53:07','2020-09-27 02:53:07','2021-09-27 08:53:07'),('aa4e62bf6220852cf149f1203412a67e33acbd310b869acb52bc639c1457bb73429ff1c42c44c99e',84,1,'Personal Access Token','[]',0,'2020-10-12 21:39:17','2020-10-12 21:39:17','2021-10-13 03:39:17'),('aaaf314d2c91f11ae221119da6e4421492da1d7cf2267d19c71ac12ba4166bd1a5f62fc660a32628',137,1,'Personal Access Token','[]',0,'2020-10-13 13:24:08','2020-10-13 13:24:08','2021-10-13 19:24:08'),('aafe0240dca57cf9a4ffa7b93d19a0ce68bae8775ddbe53be0b9f9fc0a2aa1ee7643c312443a2fbb',83,1,'Personal Access Token','[]',0,'2020-11-24 13:00:13','2020-11-24 13:00:13','2021-11-24 13:00:13'),('ab0778b76178d015b0853cce7d634497d1f1fc75d431b9fec17cf9fd09270daa0b2ac060ff355a55',44,1,'Personal Access Token','[]',0,'2020-08-27 10:38:44','2020-08-27 10:38:44','2021-08-27 16:38:44'),('ab2e119b56b7abde196910025c22e5f37523162030f392ebf6b6835fdceb476ad4d191026f03b046',189,1,'Personal Access Token','[]',0,'2021-01-21 11:26:34','2021-01-21 11:26:34','2022-01-21 11:26:34'),('ab407116335950870758a785971c10f4404155a4fb3d10aae240b5ecb9e9fafdc576c24e54a64414',43,1,'Personal Access Token','[]',0,'2020-08-29 22:21:11','2020-08-29 22:21:11','2021-08-30 04:21:11'),('ab455967e5f96d9f9c24fac5bdb7216fe4b9c4b72da7f009b3d7d163d6bee386b514205d39d6adcb',43,1,'Personal Access Token','[]',0,'2020-09-01 04:41:52','2020-09-01 04:41:52','2021-09-01 10:41:52'),('ab9dd87de77b8ef443433c8c84480d0563e972084a292818f251a6215f8162142ad47290b4afbe68',43,1,'Personal Access Token','[]',0,'2020-09-06 11:14:04','2020-09-06 11:14:04','2021-09-06 17:14:04'),('abaee9d8b280eb5f6923a78b91299635e1ac981cce7606ff51b4f88295643074b5967e43c12f0509',84,1,'Personal Access Token','[]',0,'2021-01-22 10:42:09','2021-01-22 10:42:09','2022-01-22 10:42:09'),('abaf156bd2437eb0c00fc91969a92981ff9d9e5f1669a3851d0cbaf4bdd81bacf238800b1db71883',44,1,'Personal Access Token','[]',0,'2020-09-03 11:52:44','2020-09-03 11:52:44','2021-09-03 17:52:44'),('abb4d3a3812e19f4dd33dc749e492f0fd9cecdcf69c2b40ba97a790448a421e4dec8e207b9b068fc',45,1,'Personal Access Token','[]',0,'2020-09-01 05:45:46','2020-09-01 05:45:46','2021-09-01 11:45:46'),('ac28e471d1c577b364717924f40527e99059ddf707134bb7c7ebdc6b23cabe8e9e810cef7e6873db',44,1,'Personal Access Token','[]',0,'2020-10-13 13:24:33','2020-10-13 13:24:33','2021-10-13 19:24:33'),('aca010e95cae3676a7685b8e9ed2182724c20067a7de6a2b29dc6b97b27a4a2f2d3c6659313ebce4',178,1,'Personal Access Token','[]',0,'2021-01-21 00:24:35','2021-01-21 00:24:35','2022-01-21 00:24:35'),('acb4bca796574054854e81cfe8605f6446abc4baafd71bdb119c7404b30e4176208fa24514c20098',43,1,'Personal Access Token','[]',0,'2020-09-07 05:30:14','2020-09-07 05:30:14','2021-09-07 11:30:14'),('aced65efbaf6fe04f4189e89e6f07ebaa2c20702376298e2affa7e07c1e8b30f1aa5dde0a694387d',80,1,'Personal Access Token','[]',0,'2020-09-11 03:59:30','2020-09-11 03:59:30','2021-09-11 09:59:30'),('ad8903a317887555e5041049e3b92f81732b1a7e0b20d8b6e494b4f651f494ef61b93026e6436d3b',44,1,'Personal Access Token','[]',0,'2020-09-11 07:48:51','2020-09-11 07:48:51','2021-09-11 13:48:51'),('aec87f9a469ee1ef616243869c739f3bc5c5a06904f89aea08e6d3a0039394c765c9090655be6b5c',43,1,'Personal Access Token','[]',0,'2020-09-01 04:40:00','2020-09-01 04:40:00','2021-09-01 10:40:00'),('af87b290e98c60b7b768aa64b3f52f397b6e50f7bd7f16eba81ea6e022c000a02ce32679c07596e0',154,1,'Personal Access Token','[]',0,'2020-10-14 00:24:58','2020-10-14 00:24:58','2021-10-14 06:24:58'),('afec5d7a20c5a5dfd6f93a20675a632bd8681497123029681e77186b3d0c0a3acbb7215bcc81b6fb',44,1,'Personal Access Token','[]',0,'2020-09-07 05:58:05','2020-09-07 05:58:05','2021-09-07 11:58:05'),('b0531864ee0aff22418354ae99781d23c841bf20842980734bebedd6300a8f31f19e76f27d3b3aa1',157,1,'Personal Access Token','[]',0,'2020-10-21 04:20:58','2020-10-21 04:20:58','2021-10-21 10:20:58'),('b08b0fd8e72a538051a6ddf9281e68fa7175e675e7439e6bb8a0499b307ab8fc695d735c16d5089b',173,1,'Personal Access Token','[]',0,'2021-01-20 23:59:48','2021-01-20 23:59:48','2022-01-20 23:59:48'),('b0d0672df9e20898deffcde44255bdf542a5adaf66ce4dbf531fbe5a85e5cb6d7ef14372d68b66d4',179,1,'Personal Access Token','[]',0,'2021-01-21 00:25:03','2021-01-21 00:25:03','2022-01-21 00:25:03'),('b143f57c8a88e4902714bb79bd14853f9b9977c8e183a98fe1a14b0354b2c436486b076bd3fba29e',109,1,'Personal Access Token','[]',0,'2020-09-28 04:19:15','2020-09-28 04:19:15','2021-09-28 10:19:15'),('b1d253bfc3165e1f06ea228631407f4b5cc2a3f8b59d2a4e7c9319778e536a04ab848fd60186c523',177,1,'Personal Access Token','[]',0,'2021-01-21 00:24:01','2021-01-21 00:24:01','2022-01-21 00:24:01'),('b1f1b7fbd4f7ddf636e30aa9e50be77f85da61481cf0c96fd122fc9b6498f59c770b7b25be282b7a',111,1,'Personal Access Token','[]',0,'2020-11-23 14:46:04','2020-11-23 14:46:04','2021-11-23 14:46:04'),('b2275e96ba2f063f552aceb2379069724e5e1deabc0aa3d8b8c44d7a1a209b64934fbb947df0c5b3',44,1,'Personal Access Token','[]',0,'2020-09-30 12:29:14','2020-09-30 12:29:14','2021-09-30 18:29:14'),('b28b8002b7e3e7dc51485c80245468f6c48bbb9bfdd2a6e5629a929fb87111ea63b79f4bf15bcd84',138,1,'Personal Access Token','[]',0,'2020-10-14 01:47:54','2020-10-14 01:47:54','2021-10-14 07:47:54'),('b2a07d257a6d3669ab990b244552e653fb6094709c993915824774f767629d744d19c7095a0de587',111,1,'Personal Access Token','[]',0,'2020-11-16 03:59:44','2020-11-16 03:59:44','2021-11-16 03:59:44'),('b3a529f025312f7e91e3b53ff021f479dc89b2b8acc62d07e1130a2913e51f4d820823283c3e6c3c',84,1,'Personal Access Token','[]',0,'2020-09-23 12:01:37','2020-09-23 12:01:37','2021-09-23 18:01:37'),('b428dc1edb1a09a0d7f0294500ad843337bec8939e97c96bdc9a3e45f7b816a532693a62787ff190',84,1,'Personal Access Token','[]',0,'2021-01-12 16:07:34','2021-01-12 16:07:34','2022-01-12 16:07:34'),('b453be79569d8b7a04fb88dde79dd830a9752e260d76996842326012a9b452667b0ff7186dcaac75',84,1,'Personal Access Token','[]',0,'2020-10-21 06:12:03','2020-10-21 06:12:03','2021-10-21 12:12:03'),('b4dd1b2c0c227539b1ada7f7d89493faf9cb62406d6fa0e8bd04014b74d206a841dcb61363a82393',45,1,'Personal Access Token','[]',0,'2020-09-28 00:27:30','2020-09-28 00:27:30','2021-09-28 06:27:30'),('b4fcbfe1a3d076b9d59b0fe1cfd02691fada0c944506701aab9936fe176dc6973a366a552f2a4091',44,1,'Personal Access Token','[]',0,'2020-09-10 10:32:18','2020-09-10 10:32:18','2021-09-10 16:32:18'),('b55c5cba2f6f54590510fb133ef1c4fcca0b6aa141c609d9c8130a37e030f8cdefb3e6609cd40f5b',73,1,'Personal Access Token','[]',0,'2020-09-07 10:32:13','2020-09-07 10:32:13','2021-09-07 16:32:13'),('b679340742e0e9e0f155d803d6fbb0515035177d23b270e959ec5138fb6b4dd2d2fbf3274871818e',45,1,'Personal Access Token','[]',0,'2020-12-23 16:36:29','2020-12-23 16:36:29','2021-12-23 16:36:29'),('b707a8e7c5ed60798373e350d1bf6291790c411a409935f326a49ac83851530bce983ea98c963055',44,1,'Personal Access Token','[]',0,'2020-10-12 02:24:35','2020-10-12 02:24:35','2021-10-12 08:24:35'),('b726f3b951013b0bbdb6b661413f1311249f5a3808aa3ab4c17a1c6d8a65ca32ecd3f2670a0b8644',84,1,'Personal Access Token','[]',0,'2020-11-16 06:46:50','2020-11-16 06:46:50','2021-11-16 06:46:50'),('b72b0db167ae0d30ee441bcbe13c969a0ec0f731e7097e1fc8d34989a43391f0772a431013ea7956',44,1,'Personal Access Token','[]',0,'2020-11-16 07:49:51','2020-11-16 07:49:51','2021-11-16 07:49:51'),('b72e60e333da76d88aac6051be110b8786682785bfaf12b361229a5848f4625f33d2ea8017ac8fbf',84,1,'Personal Access Token','[]',0,'2020-10-21 22:26:57','2020-10-21 22:26:57','2021-10-22 04:26:57'),('b7e90fbd6ae5ac002da985a0fe984f87730a13f464a3bf4980b11139983d5fcc500c3118cee9fec7',83,1,'Personal Access Token','[]',0,'2020-09-17 12:44:24','2020-09-17 12:44:24','2021-09-17 12:44:24'),('b7eeb657acbcf1539ad7b1736ed44297ad00280b4228626f4f911954dc95a068f44676c25d3c291d',84,1,'Personal Access Token','[]',0,'2020-11-23 15:07:34','2020-11-23 15:07:34','2021-11-23 15:07:34'),('b9304f877eff5d54bdbafe091de34f387612403e4e3f71e41cf103f07e555475904a9e8cb88ea13a',66,1,'Personal Access Token','[]',0,'2020-09-09 23:49:18','2020-09-09 23:49:18','2021-09-10 05:49:18'),('b959ddeb1550e39b9f1483366346c3555a43314c4612f7d5748ed61b2ffdd14a6abe892701d594fe',44,1,'Personal Access Token','[]',0,'2020-08-27 10:38:18','2020-08-27 10:38:18','2021-08-27 16:38:18'),('b9f7ef2c37dc23c76614e828c21ac51fc59cf26d9d827f004eaf22cd9bcfc0daef232a1493912685',180,1,'Personal Access Token','[]',0,'2021-01-21 00:25:46','2021-01-21 00:25:46','2022-01-21 00:25:46'),('ba05b91b9a0752c7ebaba9af31cee199d45ee20efd8aabb1607fb0168a3981ad0736f65ed012f2cf',44,1,'Personal Access Token','[]',0,'2020-09-14 06:39:18','2020-09-14 06:39:18','2021-09-14 06:39:18'),('ba0c2702f2bd04faf4e3d14031c8adb777e2dffc82f39938c6d4d8d95971be177c544d27456884d0',84,1,'Personal Access Token','[]',0,'2020-09-21 10:25:37','2020-09-21 10:25:37','2021-09-21 16:25:37'),('bac28ce45b50b6f77c72ea1fc3f3b8b5e3813e7f439d9e598358377937e7eff9d9e5170fde5ce85f',84,1,'Personal Access Token','[]',0,'2021-01-21 13:16:58','2021-01-21 13:16:58','2022-01-21 13:16:58'),('bb079da14f7c91c5264ee9884bc54b6f051aaf36a9aa56cd60911d81255ddc564aade27b9b1f7865',80,1,'Personal Access Token','[]',0,'2020-09-11 03:05:13','2020-09-11 03:05:13','2021-09-11 09:05:13'),('bbd508a144d9900e8ccac0e50e636203366f96ffecccadf2d3df7cdc00c06283c16d051a83237d08',84,1,'Personal Access Token','[]',0,'2020-09-27 04:29:55','2020-09-27 04:29:55','2021-09-27 10:29:55'),('bc1cb64ef8b5293ad57c98f9f6d2aace4787f5a03190f8378236f34194c812714f6b1578cf84d396',44,1,'Personal Access Token','[]',0,'2020-08-27 22:41:37','2020-08-27 22:41:37','2021-08-28 04:41:37'),('bcfee4e5d62370d23a4338551fdad0ef212f686e0b1dc63337f9c427d1dd0b33d2aa990087f7f285',44,1,'Personal Access Token','[]',0,'2020-09-11 02:14:31','2020-09-11 02:14:31','2021-09-11 08:14:31'),('bd3d70283c937c40356d55b28fa2d7cd0cb938b27db71e5036cd7728c35a90280d16badfc568929d',73,1,'Personal Access Token','[]',0,'2020-09-07 05:52:54','2020-09-07 05:52:54','2021-09-07 11:52:54'),('beebe490e21f64d04a67b8bbb3dda135e3d0b4d3056cc2dd1d595662217c051d790458ec3da098f6',84,1,'Personal Access Token','[]',0,'2021-01-22 10:30:10','2021-01-22 10:30:10','2022-01-22 10:30:10'),('c0527dc1af00d4a14ce53199c0655aebeec760f780fa76c8642da3b4915df9c19bd80ea3ede5aa52',44,1,'Personal Access Token','[]',0,'2020-09-12 14:42:33','2020-09-12 14:42:33','2021-09-12 14:42:33'),('c0f3390d5426f1ea9f24fe7e50a8307fdda4a813eac9aa2bfe3a616fd01a840c10a94e0eaf4f593e',44,1,'Personal Access Token','[]',0,'2020-08-27 10:31:47','2020-08-27 10:31:47','2021-08-27 16:31:47'),('c214651747ff231957b9aff0a5ed13b02ed070f4d78cd1e28bd6a0a490c98bfcf99fe7bc777a5236',44,1,'Personal Access Token','[]',0,'2020-08-27 05:10:03','2020-08-27 05:10:03','2021-08-27 11:10:03'),('c2c5ec3f7b9650500129e07cc17ec0435bffe33813958ac338496660d2b07a386e59f5f1cf791fd5',44,1,'Personal Access Token','[]',0,'2020-09-23 10:45:52','2020-09-23 10:45:52','2021-09-23 16:45:52'),('c2fab0432d93a02bd9f2cdaa111caf8e0a298d8957170e449f8c52b7a93bb16e9da5169998bfce93',84,1,'Personal Access Token','[]',0,'2020-11-23 14:48:29','2020-11-23 14:48:29','2021-11-23 14:48:29'),('c36c10cf02695db61b57c071e4ed051bcbbfa36fda65b6360de47198590e10e5260b299ef8d1c6a3',44,1,'Personal Access Token','[]',0,'2021-01-12 13:25:38','2021-01-12 13:25:38','2022-01-12 13:25:38'),('c468293a01d49e2710cc53f2f73c7318f5facee3bcfe74db0cb6b7cf0d1e759dc868a8e75fea7b59',66,1,'Personal Access Token','[]',0,'2020-09-03 10:44:05','2020-09-03 10:44:05','2021-09-03 16:44:05'),('c48f14fba341dd0bba4b05e5bed6b5e26c801d1c373e92060ab9dbf90bc0ef791fa0d0021bf79fd6',190,1,'Personal Access Token','[]',0,'2021-01-21 11:30:57','2021-01-21 11:30:57','2022-01-21 11:30:57'),('c4bea46f2d5f22a76735bfcb6db433d16f27b01c8cd71d4378eca7eec22e7bac7e96b088a4e14dc6',80,1,'Personal Access Token','[]',0,'2020-09-11 02:14:05','2020-09-11 02:14:05','2021-09-11 08:14:05'),('c691fb76440aa16ec2b99d6deaf4c494d5236fdf1578dd14d3813afba6827e9f2254e398ddf1b75e',79,1,'Personal Access Token','[]',0,'2020-09-11 01:41:30','2020-09-11 01:41:30','2021-09-11 07:41:30'),('c6c6f0367b39c491bc51192b1b9607eca7bd1b4b3d33fcc2bc8fb6d87064a2c33a1e638730e2ada0',45,1,'Personal Access Token','[]',0,'2020-09-02 05:49:55','2020-09-02 05:49:55','2021-09-02 11:49:55'),('c7d40c273aa8eaa31e9c7667ac1d9dd49607d5ccc5bb513fb1559e9390e60cefc2c580f763af8574',45,1,'Personal Access Token','[]',0,'2020-09-11 01:34:23','2020-09-11 01:34:23','2021-09-11 07:34:23'),('c7f71d4551ee31772deab710c8e2d5e08a1f92c3698535cb5d305e9fd1aab4a1a9cba76191c5d805',78,1,'Personal Access Token','[]',0,'2020-09-10 03:41:31','2020-09-10 03:41:31','2021-09-10 09:41:31'),('c82ec8345f460edcdb1a82a179553eb09d4b05b0f0d4bbb2b407856f02d12c1309cec0d3abf32b12',84,1,'Personal Access Token','[]',0,'2020-10-11 22:42:13','2020-10-11 22:42:13','2021-10-12 04:42:13'),('c8a7cab369dc96c3577e14aef383b22878ad637e26215148fbd643f9a43e5c11b7b22eb23b531f49',172,1,'Personal Access Token','[]',0,'2021-01-20 23:58:20','2021-01-20 23:58:20','2022-01-20 23:58:20'),('c8cee89fb2089af856378aca23bc79774f8ffda0796ee0e91a96abbc32743beec46f820f72503208',111,1,'Personal Access Token','[]',0,'2020-11-16 09:53:46','2020-11-16 09:53:46','2021-11-16 09:53:46'),('c94634da39fec9edd5ff31612118fea7818bd385ca1388f038a8cbad4da9ba026413a9de23e232e4',136,1,'Personal Access Token','[]',0,'2020-10-13 13:22:19','2020-10-13 13:22:19','2021-10-13 19:22:19'),('c9595356f9f60b55cb4be96535f9d625f93523d7d4577e3d524668546564517e93d4901aa9f4596d',43,1,'Personal Access Token','[]',0,'2020-09-01 04:40:17','2020-09-01 04:40:17','2021-09-01 10:40:17'),('c961090701d11893ef0e0ef3445165c6c89516d3a69329ce44b83d4c599d506c57b5cfe727889010',84,1,'Personal Access Token','[]',0,'2020-09-28 02:55:05','2020-09-28 02:55:05','2021-09-28 08:55:05'),('c9655841acbab99f3372b0c342bc41168ceadb6d823d036bc00bbf1e14792b2b26580eb14c46f889',44,1,'Personal Access Token','[]',0,'2020-09-23 04:07:24','2020-09-23 04:07:24','2021-09-23 10:07:24'),('cb17369bc11d4f0ab17c6aa8ad981b5c472f3e7542facda8ccd4e4ae2e96f795142c079775a5475e',45,1,'Personal Access Token','[]',0,'2020-09-01 19:52:31','2020-09-01 19:52:31','2021-09-02 01:52:31'),('cb202ba6ea1d6ecafb13dbfc34d94e454690c86a8b07190c1fb90bb50dfc33521ad66e6dae1a050f',44,1,'Personal Access Token','[]',0,'2020-09-02 06:52:03','2020-09-02 06:52:03','2021-09-02 12:52:03'),('cb8f8eeee1711afd70337345262db3948629569562f8a2e2bbedfb46a580a1563a362700d45bcd3e',43,1,'Personal Access Token','[]',0,'2020-08-26 10:43:04','2020-08-26 10:43:04','2021-08-26 16:43:04'),('cc058a16ac88bd4924ecc857aebb53c4355dcee812bfed7afc8f5fb92b46293a9d43136d9dd3358f',111,1,'Personal Access Token','[]',0,'2020-11-23 15:21:55','2020-11-23 15:21:55','2021-11-23 15:21:55'),('cd7e8a01a8675adbaf3c5d9a6ae62bbf5a79a4edf87f4192dd5259213c2ab9a4918204f2ec17dba0',157,1,'Personal Access Token','[]',0,'2020-10-21 11:21:55','2020-10-21 11:21:55','2021-10-21 17:21:55'),('ce6e51bd7fc500575ebb1e910666af57ad733e23f02830d1063ed8e4451cadd747e518a136922ecb',43,1,'Personal Access Token','[]',0,'2020-08-26 10:43:03','2020-08-26 10:43:03','2021-08-26 16:43:03'),('ce9aa2f490834f2ea7fdf7d8e134de5f67bc1db910d432c84c99894aac747408fb8bd09eab4458d2',48,1,'Personal Access Token','[]',0,'2020-09-01 07:11:45','2020-09-01 07:11:45','2021-09-01 13:11:45'),('ceaf5e757a65de84df2b70751205d7528127cc2b68e14af05b7768e5257a9224cd32d73843101610',171,1,'Personal Access Token','[]',0,'2021-01-20 23:57:02','2021-01-20 23:57:02','2022-01-20 23:57:02'),('cfd0c4a142f4a793c2143399ecb78738335435e1510b1d6e6c2dcb8866b7d7b3348e5f4226a50cc7',111,1,'Personal Access Token','[]',0,'2021-01-12 13:16:33','2021-01-12 13:16:33','2022-01-12 13:16:33'),('d07da086221e25582d8dfd2f8302e01f47636d9a459f6b7509e88405939a368c45304e23a42c7339',174,1,'Personal Access Token','[]',0,'2021-01-21 00:09:38','2021-01-21 00:09:38','2022-01-21 00:09:38'),('d0c68439b987802367b670a074944048c8c4e6cc6f91b35ea36d383c0071f07eed1830e46ac90ac4',44,1,'Personal Access Token','[]',0,'2020-08-27 04:12:46','2020-08-27 04:12:46','2021-08-27 10:12:46'),('d0e43fbd73d45ea7bc79d034465d9df3947d1d04afe1b160968c656da157c1729beffa69c1d13b9a',44,1,'Personal Access Token','[]',0,'2020-08-27 05:09:54','2020-08-27 05:09:54','2021-08-27 11:09:54'),('d107e2bb9fdcc65bd5998f218612d44c07c28d1653dc25447b2830b826215298ccec93f6eec5b4fc',84,1,'Personal Access Token','[]',0,'2020-10-12 23:40:55','2020-10-12 23:40:55','2021-10-13 05:40:55'),('d1c9dbfe67008eb5c3b16c1a04e816e867f94b1a84479b020646c225960400341a4a2a2506eb52e0',111,1,'Personal Access Token','[]',0,'2020-11-16 09:25:06','2020-11-16 09:25:06','2021-11-16 09:25:06'),('d2c9453618a330e9cecae21a216cd0f2cc8e6b656dd2ec8628a8d83152a33ba1d5e6bda5fa9b5f2b',78,1,'Personal Access Token','[]',0,'2020-09-10 10:00:06','2020-09-10 10:00:06','2021-09-10 16:00:06'),('d2edd9e4fdcf3547fb5244e97925d699ec0611f1627521b5511829385ae5fc423fb8e3a5dc99c50c',44,1,'Personal Access Token','[]',0,'2020-10-21 13:03:59','2020-10-21 13:03:59','2021-10-21 19:03:59'),('d37c4d197649004bad5f92b92bdf820d9275d6b82d7e5774c0dcbc33a17994f4caab52f60ba7f1a8',84,1,'Personal Access Token','[]',0,'2021-01-12 16:08:37','2021-01-12 16:08:37','2022-01-12 16:08:37'),('d3da78a93aea5e4e3e0133353cf1ffb4c592dcb6486710a38608fd0807b2a5b1c6ad42b0b7789c72',84,1,'Personal Access Token','[]',0,'2020-11-23 14:46:02','2020-11-23 14:46:02','2021-11-23 14:46:02'),('d42f3fdcd67aef3fd39182715b774c53b018d1b28e7edb48588683862150364dda3a73c6dbc93f41',84,1,'Personal Access Token','[]',0,'2020-09-21 02:40:35','2020-09-21 02:40:35','2021-09-21 08:40:35'),('d43f948603d1d07baf1d9cbdd51ee587b735a3043b532a81a6a3afa3a48f00d400de82066e6eeb9e',84,1,'Personal Access Token','[]',0,'2020-10-11 23:07:08','2020-10-11 23:07:08','2021-10-12 05:07:08'),('d458ba63d4174f83cb3e4abad50c7674f36b3f0cbb1d4c8b7eae18ba66573acbb659c3c00af3ccbf',43,1,'Personal Access Token','[]',0,'2020-09-02 09:55:49','2020-09-02 09:55:49','2021-09-02 15:55:49'),('d5c1492f54a4d9ef0b2a31a51cdda025674814afccdb96464f3e2f661a096380ed77efb1bb5c1442',43,1,'Personal Access Token','[]',0,'2020-09-02 07:21:03','2020-09-02 07:21:03','2021-09-02 13:21:03'),('d5fcada7be725fa86d0d0de308756b22392746eecd0cdd29e5e97076e7c2780747c8ae965c0e8c1c',44,1,'Personal Access Token','[]',0,'2020-08-27 21:36:46','2020-08-27 21:36:46','2021-08-28 03:36:46'),('d629b5ed75288b551c00825decd11bac43555dc4d7b845bfa64bfabcef89af86575489429dda14f6',44,1,'Personal Access Token','[]',0,'2020-10-13 00:05:33','2020-10-13 00:05:33','2021-10-13 06:05:33'),('d7162f9e728eb3cb11d03c8816ce9ad5e285a70c0c51c6adbd608857600820b4493574c7728d2778',12,1,'Personal Access Token','[]',0,'2020-08-25 04:58:06','2020-08-25 04:58:06','2021-08-25 10:58:06'),('d831abf9d580b5aeb8198374be1365c9e01fb74c76c1b8a1a8b01249cf19a9f5e7bdaed6dd7a3f4c',84,1,'Personal Access Token','[]',0,'2021-01-21 12:39:17','2021-01-21 12:39:17','2022-01-21 12:39:17'),('d8e10c64d57aff8db2005b26aa090e738a25a80e29078244f6dc87a60495bf5d1b6fd479b6c4c4b2',84,1,'Personal Access Token','[]',0,'2021-01-15 00:58:20','2021-01-15 00:58:20','2022-01-15 00:58:20'),('d9823db27a950c69064db261e2a226651cb5743e9cad712d394cdfab9b0cb727c9adecf73a58a43b',84,1,'Personal Access Token','[]',0,'2020-09-23 10:30:50','2020-09-23 10:30:50','2021-09-23 16:30:50'),('d984c52df3f0b67293a49c4971c29f66909e7b74a568d79df1c35b32691c8be0870b685804011653',155,1,'Personal Access Token','[]',0,'2020-10-14 00:49:45','2020-10-14 00:49:45','2021-10-14 06:49:45'),('d9c98be7134cbd9a9be74e32b91d3f92a138bd942b0c1d70635822c2b74805fa5e201421fab6c5a1',176,1,'Personal Access Token','[]',0,'2021-01-21 00:10:55','2021-01-21 00:10:55','2022-01-21 00:10:55'),('d9e65b6b6a1eea38bcd2a943cf58f77e341e0ef252c8df622782607c9b5accf46fcd209a1f0a4fdc',83,1,'Personal Access Token','[]',0,'2020-11-24 16:00:12','2020-11-24 16:00:12','2021-11-24 16:00:12'),('da2c0fd6d912603f476592d4b920371218e8ca8028ac2ab06108ab33ee3fb2f8839325987488801d',43,1,'Personal Access Token','[]',0,'2020-08-31 15:54:42','2020-08-31 15:54:42','2021-08-31 21:54:42'),('da65648f9e254e2699d2ad592a98ee86e8d99e8eb15222f6eb7d016c00f3fbb7181c685214b9a6cb',75,1,'Personal Access Token','[]',0,'2020-09-07 15:26:05','2020-09-07 15:26:05','2021-09-07 21:26:05'),('dc10dfae64375652ac4e614995638e2772f5d1b918bcc2e1d7ecfc61c29206bb901b66312a7e07dc',76,1,'Personal Access Token','[]',0,'2020-09-09 00:08:43','2020-09-09 00:08:43','2021-09-09 06:08:43'),('dcadf06f42fa3f27c8f49bc080b2802e4de30c685f85e5a08982dfa830c68af0562f8c3cb2271399',84,1,'Personal Access Token','[]',0,'2020-09-28 08:39:53','2020-09-28 08:39:53','2021-09-28 14:39:53'),('dcf01d8846bf54daf851d0c7ee93da3099bb8e3af7f3ab1806f2b94d841d10266dbb49475598d4a0',73,1,'Personal Access Token','[]',0,'2020-09-09 04:35:19','2020-09-09 04:35:19','2021-09-09 10:35:19'),('dd574b36f6830fd7a5b744ce7aa30ca761f8cb182acef410b24cec3da83f2e8f3e827b301df7604b',84,1,'Personal Access Token','[]',0,'2020-10-13 00:22:58','2020-10-13 00:22:58','2021-10-13 06:22:58'),('dd9fc1f6636650c4eafdc418dbac81ff23709aa7f9a4e22e46330fcbdeb02a4eefd0c29a74e76caf',44,1,'Personal Access Token','[]',0,'2020-08-27 05:03:44','2020-08-27 05:03:44','2021-08-27 11:03:44'),('de5916010b886920f575ca22f486e957c89e9ef4938d8e5ac41a251c11f6235dd7326eb110fd6223',84,1,'Personal Access Token','[]',0,'2020-09-27 22:07:28','2020-09-27 22:07:28','2021-09-28 04:07:28'),('dedd89f6f7eab07af79356cc09262ae21e5aabb34f5d8efa09656cf824c9b337fb754bdc58a4034a',84,1,'Personal Access Token','[]',0,'2021-01-12 13:17:48','2021-01-12 13:17:48','2022-01-12 13:17:48'),('df24c54275d1e18bab012ab4dd621dfb2332fe6bf910a2ec3d3c419a9366b26d495e78911ffceb26',44,1,'Personal Access Token','[]',0,'2020-08-27 04:14:58','2020-08-27 04:14:58','2021-08-27 10:14:58'),('e01748d7f057b1a8cf0b653343d30f59214ba77d21b3faf84ed7370b2ed2a49049651ec32b192753',43,1,'Personal Access Token','[]',0,'2020-08-31 13:13:11','2020-08-31 13:13:11','2021-08-31 19:13:11'),('e0391202ee300f4e2c63788b9b77d2995f68431f9e6b6447487822e539b5bf1b1431f91c63f12af8',159,1,'Personal Access Token','[]',0,'2021-01-12 13:05:36','2021-01-12 13:05:36','2022-01-12 13:05:36'),('e03c65ec7d9af3642288bdc8491e494800446b1fdf7da325eab5a0a7eeda6a673ea5d41db75d6cf2',111,1,'Personal Access Token','[]',0,'2020-11-16 06:06:48','2020-11-16 06:06:48','2021-11-16 06:06:48'),('e055ebf243261ff71ff22a00a54351b335da931a4153fc591d0701613c1efd7e72555439cdf50567',84,1,'Personal Access Token','[]',0,'2020-09-17 22:20:07','2020-09-17 22:20:07','2021-09-18 04:20:07'),('e0a8582cd4e8faba4bf22aedde3ba561f58f383443a854ec1e681f8277fb601467a066218a107279',44,1,'Personal Access Token','[]',0,'2020-08-27 04:14:59','2020-08-27 04:14:59','2021-08-27 10:14:59'),('e132fce31946ed24021d54237f92360835599a61adfccd87c82076968aff3fa3403f5303466484d3',44,1,'Personal Access Token','[]',0,'2020-08-27 04:14:56','2020-08-27 04:14:56','2021-08-27 10:14:56'),('e16aa2250b4a24d71918a886451f381588865f67d2b98da382e3e3d5e05c0cbee4b5037d073e18cb',168,1,'Personal Access Token','[]',0,'2021-01-20 20:12:06','2021-01-20 20:12:06','2022-01-20 20:12:06'),('e20110c00dc2578b9722dd1982576093aac0a3294c8ef1ef1551b25b6edf5d9785a6d8061bf24037',45,1,'Personal Access Token','[]',0,'2020-09-23 10:58:56','2020-09-23 10:58:56','2021-09-23 16:58:56'),('e261f0aae7106a7c045b044213ec246822e7067937c7eb01d399493155db11a0021bfb59f1e87ff7',84,1,'Personal Access Token','[]',0,'2021-01-12 12:36:04','2021-01-12 12:36:04','2022-01-12 12:36:04'),('e2993119377f351e0f4ffc1bc3b33ff6020992abab0215f06b9b13c4130306872c952244277e120a',45,1,'Personal Access Token','[]',0,'2020-10-08 23:43:32','2020-10-08 23:43:32','2021-10-09 05:43:32'),('e2e99576b4698bde4ffb6391435de8ec908e34daa0708be960eda9cd8f85b1e96f1c7a70fc336dc0',73,1,'Personal Access Token','[]',0,'2020-09-11 01:09:44','2020-09-11 01:09:44','2021-09-11 07:09:44'),('e323db4d567494253fdf1ca290af11a97be40f2591775f69ee1935e05173be57866f94aa86a54b85',43,1,'Personal Access Token','[]',0,'2020-08-26 05:49:04','2020-08-26 05:49:04','2021-08-26 11:49:04'),('e343116f24cdcf926d80765d870acd61943785005a808de11b941fcf111adf04634f71aed1aa9c5d',43,1,'Personal Access Token','[]',0,'2020-08-27 22:51:39','2020-08-27 22:51:39','2021-08-28 04:51:39'),('e35ac6c45fbacfb2f1499f2752c611cc1420330aa8f4937ce14abe8c7e85eaeb28c1781f445400ad',44,1,'Personal Access Token','[]',0,'2020-09-28 01:00:55','2020-09-28 01:00:55','2021-09-28 07:00:55'),('e35e8eafeeee882a6d07d7accc2bd4c3574b6f37485f978b85ddacb59c4e4b7b51c114ec3274a53e',84,1,'Personal Access Token','[]',0,'2020-09-18 01:50:46','2020-09-18 01:50:46','2021-09-18 07:50:46'),('e379e2d015b23b7b937fbbece628629438e082a68fc4b935237ca98d2ea5c254606ef8acbdaf7279',84,1,'Personal Access Token','[]',0,'2021-01-12 14:59:21','2021-01-12 14:59:21','2022-01-12 14:59:21'),('e437335142bd1548846490f57661c9ebb8dbb696650096960bb85228339f3275b82716de8eb0500a',44,1,'Personal Access Token','[]',0,'2020-09-10 05:49:26','2020-09-10 05:49:26','2021-09-10 11:49:26'),('e4636110b8603f2e4f9e93e77a358670414a0345309190882bb294ea51eede53715e28469203d0c6',44,1,'Personal Access Token','[]',0,'2020-11-23 14:47:30','2020-11-23 14:47:30','2021-11-23 14:47:30'),('e54942c0a6604e08efe835313105f5b6ac685e52f95e2deadce42fc670b077405cd8987e5bf90bfa',84,1,'Personal Access Token','[]',0,'2020-09-23 11:18:52','2020-09-23 11:18:52','2021-09-23 17:18:52'),('e594314b0cd821e962035ede25a387e54b69792a7ab51946ccfcfb8b02dcade278c37e00e3b2c22a',138,1,'Personal Access Token','[]',0,'2020-10-13 22:07:22','2020-10-13 22:07:22','2021-10-14 04:07:22'),('e6176ff3c0b22084220fbe47310cf3bc60242f6ac699787699fd2a84fd659aa7b1563aeb0c33ce41',84,1,'Personal Access Token','[]',0,'2021-01-21 17:13:21','2021-01-21 17:13:21','2022-01-21 17:13:21'),('e6e83219e3e0f442308a70738631b648c87d61d1804d7867f154d10556ec9c72d6caacff91b03706',84,1,'Personal Access Token','[]',0,'2020-11-17 10:59:58','2020-11-17 10:59:58','2021-11-17 10:59:58'),('e6f8f0f2a80ea84bf95fa4ed2737485bd0934fd4096fff950874c7e140b1bad72be5ae16808e2444',84,1,'Personal Access Token','[]',0,'2020-09-20 04:37:09','2020-09-20 04:37:09','2021-09-20 10:37:09'),('e77a10615b5476fbd15a2e05637df227e958cb52e69acc9a8ba372584bb3b88d14888b4112d84a75',45,1,'Personal Access Token','[]',0,'2020-09-11 02:25:31','2020-09-11 02:25:31','2021-09-11 08:25:31'),('e820aeb910908ae98059ec37d7b9cb8f1b30f070579fc23ad035009a5e70b1c67dc06737605505eb',44,1,'Personal Access Token','[]',0,'2020-11-16 09:50:15','2020-11-16 09:50:15','2021-11-16 09:50:15'),('e83e38359f018e4699d720f08b36ec816833690a075a42abed4189541272a79dfef579ff33d48733',45,1,'Personal Access Token','[]',0,'2020-09-27 02:49:53','2020-09-27 02:49:53','2021-09-27 08:49:53'),('e91dd321a64827f871f15363aa083977498b67bdba68d2114768d9d1420a43bdc362f8123e9bef34',44,1,'Personal Access Token','[]',0,'2020-09-17 23:45:54','2020-09-17 23:45:54','2021-09-18 05:45:54'),('e93de8143f80dd27971de42a88f145ba7b14eb226999ae4a762e955a1269d8b0041d212cd46326c1',84,1,'Personal Access Token','[]',0,'2021-01-20 12:59:48','2021-01-20 12:59:48','2022-01-20 12:59:48'),('e9c270f6b78a11e3add83d2042e2fcdc706e50f818db50870f303e24e3ec9ce39d696a28536b5178',145,1,'Personal Access Token','[]',0,'2020-10-13 22:04:26','2020-10-13 22:04:26','2021-10-14 04:04:26'),('ea132ee948ae98a38d6ac99a225ee4a69bdd93dbfc3ef044d6fe340f669a59eee0a0a4c3784a6b89',78,1,'Personal Access Token','[]',0,'2020-09-11 00:37:37','2020-09-11 00:37:37','2021-09-11 06:37:37'),('ea5d73e124db52c04e8797d69709412e30441ce385eb49e22f2e11d6978e028e309cbc885ff5a4db',157,1,'Personal Access Token','[]',0,'2020-10-21 22:31:01','2020-10-21 22:31:01','2021-10-22 04:31:01'),('ea7778b4b5cc6ca8ce2dcac9b39e9d88f7fa63eac9c0dd0e11fca3a636675e2f6c183dc458e872ce',84,1,'Personal Access Token','[]',0,'2020-09-21 03:41:58','2020-09-21 03:41:58','2021-09-21 09:41:58'),('eb4013673ebdfac8ad668aaadf03b177ac411a9fa738d0c423ddc5924a90a71839d1a205c3d4cf50',84,1,'Personal Access Token','[]',0,'2020-11-18 09:16:21','2020-11-18 09:16:21','2021-11-18 09:16:21'),('ebdba833d0288ac07f425dd8615c65c0680e60a3a6c4a1f2c90d9c08454ea2d1221321d224f0d9b2',78,1,'Personal Access Token','[]',0,'2020-09-10 02:24:39','2020-09-10 02:24:39','2021-09-10 08:24:39'),('ebe5db515e38723668b34442418c57fc7d7a4d69e20ad716b096c803c6349e3d16d87d0f508c889a',84,1,'Personal Access Token','[]',0,'2020-10-13 22:55:48','2020-10-13 22:55:48','2021-10-14 04:55:48'),('ecaf4327d46e6f22adb2ec0a3b640d8203b546b6f66db2f3074ff28b705da59f692e4618422066a8',43,1,'Personal Access Token','[]',0,'2020-08-26 06:08:41','2020-08-26 06:08:41','2021-08-26 12:08:41'),('ecb639e773a8d0f30427829760813b6585bf186044ee884828c9e87492fea89220c2069c13589043',84,1,'Personal Access Token','[]',0,'2020-10-12 22:55:42','2020-10-12 22:55:42','2021-10-13 04:55:42'),('ecdb6beb44881eced6d1393fc4f38a99fb6d80dd3abc5d57b4a7654d1588e2913e1cd8bb02eaf0db',43,1,'Personal Access Token','[]',0,'2020-08-26 10:43:00','2020-08-26 10:43:00','2021-08-26 16:43:00'),('ed3fc1a0e5c4369458827eb4ff186b36e5afc3c93289bf88e632e3f242e68ccc7cb42a091efcfbf2',43,1,'Personal Access Token','[]',0,'2020-08-26 22:01:21','2020-08-26 22:01:21','2021-08-27 04:01:21'),('ee236bbd0801c9c8fce57e9d41a0f7a91eacae58e1358fca5fbc792746851e7bace1de14ffd112d9',84,1,'Personal Access Token','[]',0,'2020-10-12 10:54:40','2020-10-12 10:54:40','2021-10-12 16:54:40'),('ee2db83a60dd7c738b858958d7122bb6c596f28fcf2aca6e851de14b65b0ed4e8fccbd96a48b1fdb',84,1,'Personal Access Token','[]',0,'2020-09-28 08:50:52','2020-09-28 08:50:52','2021-09-28 14:50:52'),('ee64bf55150304c6ba0f5f96534c3c6f77dbd6141f31fefcf6b167140328902205a138c1f0a29e5b',191,1,'Personal Access Token','[]',0,'2021-01-21 11:31:47','2021-01-21 11:31:47','2022-01-21 11:31:47'),('eee6f25604b15167005049acb105de74f4bd48ee9031847bbe2c52bd7ced4d543c8cfed43c0a77d5',84,1,'Personal Access Token','[]',0,'2020-11-16 07:41:43','2020-11-16 07:41:43','2021-11-16 07:41:43'),('efb9d7d719b6a8410beef73a07239f64701cd062e31aa9a4bf6b44f3f71120d988fdf029bd9516ee',44,1,'Personal Access Token','[]',0,'2020-08-27 04:14:57','2020-08-27 04:14:57','2021-08-27 10:14:57'),('f0aab7d4f1878067319b5fffa48438496f81b31ebd5e99fb610258db148d981251a63701a5c9f671',84,1,'Personal Access Token','[]',0,'2021-01-14 21:51:38','2021-01-14 21:51:38','2022-01-14 21:51:38'),('f0afd47c6325739b5b634369c5363e36ac909960be390bbb9c36e338604903c7672967541e966254',43,1,'Personal Access Token','[]',0,'2020-08-26 22:01:07','2020-08-26 22:01:07','2021-08-27 04:01:07'),('f0cc2eba120835932cb6d7819d57c230d96a76b8e1df8e0450719caf6c188466ccf5a2d16f1c0af2',44,1,'Personal Access Token','[]',0,'2020-08-27 22:41:38','2020-08-27 22:41:38','2021-08-28 04:41:38'),('f10f3315462f51690d190387d7d45c3adf6fbd63566c7cd2915135491694b737c614732f7359991f',84,1,'Personal Access Token','[]',0,'2020-09-28 00:53:22','2020-09-28 00:53:22','2021-09-28 06:53:22'),('f1389fcea1a870d57036414bfaf4ef64c6745230f53ad66e9232617a9b61354954be5a50ed32f586',44,1,'Personal Access Token','[]',0,'2020-09-10 04:46:55','2020-09-10 04:46:55','2021-09-10 10:46:55'),('f1938addf1ceb03c8b714c9072d22130f86dade077001037bdd82e95fcab48b2a44549d3b3adc92f',44,1,'Personal Access Token','[]',0,'2020-08-27 05:10:03','2020-08-27 05:10:03','2021-08-27 11:10:03'),('f2562c0490f881716168a7b692d801c49729730b0b270e1e46b2fd63ebc57681cd95b83d4d7f5053',43,1,'Personal Access Token','[]',0,'2020-09-06 11:12:01','2020-09-06 11:12:01','2021-09-06 17:12:01'),('f2840efb5691f2c8b8bc43ff1f49095dfd2612781fa29a94cceced273b7820486df73b1e5d661267',84,1,'Personal Access Token','[]',0,'2020-10-13 00:27:44','2020-10-13 00:27:44','2021-10-13 06:27:44'),('f2f480c04b019af9e8c179fa5a01828267fa705497b2d4640ecbd4c5cb57a611593c06a60e85d92f',84,1,'Personal Access Token','[]',0,'2020-10-09 05:48:11','2020-10-09 05:48:11','2021-10-09 11:48:11'),('f3b725fdf85e1eab3529436a350f3b51ce19ba6be4f6cd6c781ddc25d985bf42d98cad182f0d2400',111,1,'Personal Access Token','[]',0,'2020-11-23 14:39:41','2020-11-23 14:39:41','2021-11-23 14:39:41'),('f3d6488fed59f3e1802911efc0c168f4e8c08325e63f56acdfe09fa4a5fa64dcf5861f7cb6d4a6c0',44,1,'Personal Access Token','[]',0,'2020-08-27 04:14:58','2020-08-27 04:14:58','2021-08-27 10:14:58'),('f5599379652ead0792101733625fa4e85e1887f5a1ee5b1d0b26492c126fe577298b9a8fce962ce6',111,1,'Personal Access Token','[]',0,'2020-11-16 10:58:50','2020-11-16 10:58:50','2021-11-16 10:58:50'),('f56943d30b5041f40664ab5159d526c29d112ec5c42393fb8213d7c8a3c8c7fe6ec8d88001cc16bc',44,1,'Personal Access Token','[]',0,'2020-08-27 05:09:54','2020-08-27 05:09:54','2021-08-27 11:09:54'),('f571cc4d978398d6ed72e9dadf4aab3314e9189b607578b54317d32eb2cf13f905b0ad8ec61c78a8',84,1,'Personal Access Token','[]',0,'2021-01-22 10:57:02','2021-01-22 10:57:02','2022-01-22 10:57:02'),('f5a2bb98c932f9c66830368bcabd73ec9af3cd30ba465310a154c6a65994117f1b1d813d265a75f4',44,1,'Personal Access Token','[]',0,'2021-01-12 16:32:33','2021-01-12 16:32:33','2022-01-12 16:32:33'),('f610cdf1a850874d9ed8cb77cc01b88d51f6a171f392c0a3e1659adfbf204ccc6cb010c93346a844',84,1,'Personal Access Token','[]',0,'2020-09-28 06:06:20','2020-09-28 06:06:20','2021-09-28 12:06:20'),('f624fc6b1f269e735e35f50f6c4e81f014cefcc965fbde5565d50e7343527021edacb828cf3dd43a',84,1,'Personal Access Token','[]',0,'2020-10-21 03:15:19','2020-10-21 03:15:19','2021-10-21 09:15:19'),('f737679f80bb18c616fcd666273560149d6ebf755340cd00da8c32c2d0e1dc9cc66b3ff48bc940d9',44,1,'Personal Access Token','[]',0,'2020-08-27 05:10:03','2020-08-27 05:10:03','2021-08-27 11:10:03'),('f778857fcfa2b6cb9c4a6c66d9d8889cacfc217ee6b5d9c2e1747646fbdfd64136df4f4b0f86be1a',84,1,'Personal Access Token','[]',0,'2020-09-28 05:41:16','2020-09-28 05:41:16','2021-09-28 11:41:16'),('f9258e863b6d7bb2254dc85ab98f09c2e7dbb71027eaa74ec64598e96d0d4aef5e5d150d8116dfbb',84,1,'Personal Access Token','[]',0,'2020-09-28 00:55:14','2020-09-28 00:55:14','2021-09-28 06:55:14'),('f994a83b4820338ca2e681809378bd0ec4e68d1a4ddd9d9bef4f18b1b4e6b628078c198e1dcd4ef0',44,1,'Personal Access Token','[]',0,'2020-08-30 18:44:55','2020-08-30 18:44:55','2021-08-31 00:44:55'),('fac75f1b0b940d190f5030157e3ce1bedcbfb4e9d4bfce6c3f33e8877d1443a58da3b512008814e0',84,1,'Personal Access Token','[]',0,'2021-01-14 21:39:25','2021-01-14 21:39:25','2022-01-14 21:39:25'),('fae6e46646c301442dfca6df379acd30aedf7d8177ff80a3b43ae67595b665d5d12ee55b3634c6f6',76,1,'Personal Access Token','[]',0,'2020-09-08 23:37:09','2020-09-08 23:37:09','2021-09-09 05:37:09'),('fb4b908178dbfd88909429ccc55554f300ef0445a14de924dda0fc67138d185b859fd476eb521582',111,1,'Personal Access Token','[]',0,'2021-01-12 12:27:50','2021-01-12 12:27:50','2022-01-12 12:27:50'),('fb973ee9b4e5a541c760dccd582315744354935ea74d1707bcfe9223964b9f14adf11f8c412750fb',44,1,'Personal Access Token','[]',0,'2020-10-12 13:54:15','2020-10-12 13:54:15','2021-10-12 19:54:15'),('fbd2203746868f76b4d750c34649c889b737c4774d5e4c1d49b91e72a5aa7db12663c479a7ad9544',66,1,'Personal Access Token','[]',0,'2020-09-03 08:06:55','2020-09-03 08:06:55','2021-09-03 14:06:55'),('fc1e60ef55256dbc287b56b0636071a41c8537d9c80980e0e120aca6b2ede69c1ab080502ca2e5b2',43,1,'Personal Access Token','[]',0,'2020-09-01 04:49:06','2020-09-01 04:49:06','2021-09-01 10:49:06'),('fe3db45d3a5157a673c0082bcd265f9cbaa8c83d7d6037c390b158d98a5d39befc725693edbccddf',45,1,'Personal Access Token','[]',0,'2020-09-09 02:18:36','2020-09-09 02:18:36','2021-09-09 08:18:36'),('fe6451a79c7b7c6782b51345cd9a9df3dedf86f066690915d914067bd8cd6d9fcd71eebba8bbddc5',44,1,'Personal Access Token','[]',0,'2020-08-28 11:36:29','2020-08-28 11:36:29','2021-08-28 17:36:29'),('ff8839dce326b36ba21ee62d439028c2837e53c61287c681fbecb36b9dafd634bf659edad426711e',84,1,'Personal Access Token','[]',0,'2021-01-12 12:28:13','2021-01-12 12:28:13','2022-01-12 12:28:13');
/*!40000 ALTER TABLE `oauth_access_tokens` ENABLE KEYS */;
UNLOCK TABLES;

--
-- Table structure for table `oauth_auth_codes`
--

DROP TABLE IF EXISTS `oauth_auth_codes`;
/*!40101 SET @saved_cs_client     = @@character_set_client */;
/*!50503 SET character_set_client = utf8mb4 */;
CREATE TABLE `oauth_auth_codes` (
  `id` varchar(100) CHARACTER SET utf8mb4 COLLATE utf8mb4_unicode_ci NOT NULL,
  `user_id` bigint unsigned NOT NULL,
  `client_id` bigint unsigned NOT NULL,
  `scopes` text CHARACTER SET utf8mb4 COLLATE utf8mb4_unicode_ci,
  `revoked` tinyint(1) NOT NULL,
  `expires_at` datetime DEFAULT NULL,
  PRIMARY KEY (`id`),
  KEY `oauth_auth_codes_user_id_index` (`user_id`)
) ENGINE=InnoDB DEFAULT CHARSET=utf8mb4 COLLATE=utf8mb4_unicode_ci;
/*!40101 SET character_set_client = @saved_cs_client */;

--
-- Dumping data for table `oauth_auth_codes`
--

LOCK TABLES `oauth_auth_codes` WRITE;
/*!40000 ALTER TABLE `oauth_auth_codes` DISABLE KEYS */;
/*!40000 ALTER TABLE `oauth_auth_codes` ENABLE KEYS */;
UNLOCK TABLES;

--
-- Table structure for table `oauth_clients`
--

DROP TABLE IF EXISTS `oauth_clients`;
/*!40101 SET @saved_cs_client     = @@character_set_client */;
/*!50503 SET character_set_client = utf8mb4 */;
CREATE TABLE `oauth_clients` (
  `id` bigint unsigned NOT NULL AUTO_INCREMENT,
  `user_id` bigint unsigned DEFAULT NULL,
  `name` varchar(255) CHARACTER SET utf8mb4 COLLATE utf8mb4_unicode_ci NOT NULL,
  `secret` varchar(100) CHARACTER SET utf8mb4 COLLATE utf8mb4_unicode_ci DEFAULT NULL,
  `provider` varchar(255) CHARACTER SET utf8mb4 COLLATE utf8mb4_unicode_ci DEFAULT NULL,
  `redirect` text CHARACTER SET utf8mb4 COLLATE utf8mb4_unicode_ci NOT NULL,
  `personal_access_client` tinyint(1) NOT NULL,
  `password_client` tinyint(1) NOT NULL,
  `revoked` tinyint(1) NOT NULL,
  `created_at` timestamp NULL DEFAULT NULL,
  `updated_at` timestamp NULL DEFAULT NULL,
  PRIMARY KEY (`id`),
  KEY `oauth_clients_user_id_index` (`user_id`)
) ENGINE=InnoDB AUTO_INCREMENT=3 DEFAULT CHARSET=utf8mb4 COLLATE=utf8mb4_unicode_ci;
/*!40101 SET character_set_client = @saved_cs_client */;

--
-- Dumping data for table `oauth_clients`
--

LOCK TABLES `oauth_clients` WRITE;
/*!40000 ALTER TABLE `oauth_clients` DISABLE KEYS */;
INSERT INTO `oauth_clients` VALUES (1,NULL,'Laravel Personal Access Client','uhsHZO6TDUYY6KTajiReI8cn9hK0OrkCon3posQg',NULL,'http://localhost',1,0,0,'2020-08-25 03:11:28','2020-08-25 03:11:28'),(2,NULL,'Laravel Password Grant Client','QVCkedGCdYFtq8okuXSHWV3EDK5qpCOjtFcnKUCh','users','http://localhost',0,1,0,'2020-08-25 03:11:28','2020-08-25 03:11:28');
/*!40000 ALTER TABLE `oauth_clients` ENABLE KEYS */;
UNLOCK TABLES;

--
-- Table structure for table `oauth_personal_access_clients`
--

DROP TABLE IF EXISTS `oauth_personal_access_clients`;
/*!40101 SET @saved_cs_client     = @@character_set_client */;
/*!50503 SET character_set_client = utf8mb4 */;
CREATE TABLE `oauth_personal_access_clients` (
  `id` bigint unsigned NOT NULL AUTO_INCREMENT,
  `client_id` bigint unsigned NOT NULL,
  `created_at` timestamp NULL DEFAULT NULL,
  `updated_at` timestamp NULL DEFAULT NULL,
  PRIMARY KEY (`id`)
) ENGINE=InnoDB AUTO_INCREMENT=2 DEFAULT CHARSET=utf8mb4 COLLATE=utf8mb4_unicode_ci;
/*!40101 SET character_set_client = @saved_cs_client */;

--
-- Dumping data for table `oauth_personal_access_clients`
--

LOCK TABLES `oauth_personal_access_clients` WRITE;
/*!40000 ALTER TABLE `oauth_personal_access_clients` DISABLE KEYS */;
INSERT INTO `oauth_personal_access_clients` VALUES (1,1,'2020-08-25 03:11:28','2020-08-25 03:11:28');
/*!40000 ALTER TABLE `oauth_personal_access_clients` ENABLE KEYS */;
UNLOCK TABLES;

--
-- Table structure for table `oauth_refresh_tokens`
--

DROP TABLE IF EXISTS `oauth_refresh_tokens`;
/*!40101 SET @saved_cs_client     = @@character_set_client */;
/*!50503 SET character_set_client = utf8mb4 */;
CREATE TABLE `oauth_refresh_tokens` (
  `id` varchar(100) CHARACTER SET utf8mb4 COLLATE utf8mb4_unicode_ci NOT NULL,
  `access_token_id` varchar(100) CHARACTER SET utf8mb4 COLLATE utf8mb4_unicode_ci NOT NULL,
  `revoked` tinyint(1) NOT NULL,
  `expires_at` datetime DEFAULT NULL,
  PRIMARY KEY (`id`),
  KEY `oauth_refresh_tokens_access_token_id_index` (`access_token_id`)
) ENGINE=InnoDB DEFAULT CHARSET=utf8mb4 COLLATE=utf8mb4_unicode_ci;
/*!40101 SET character_set_client = @saved_cs_client */;

--
-- Dumping data for table `oauth_refresh_tokens`
--

LOCK TABLES `oauth_refresh_tokens` WRITE;
/*!40000 ALTER TABLE `oauth_refresh_tokens` DISABLE KEYS */;
/*!40000 ALTER TABLE `oauth_refresh_tokens` ENABLE KEYS */;
UNLOCK TABLES;

--
-- Table structure for table `partners`
--

DROP TABLE IF EXISTS `partners`;
/*!40101 SET @saved_cs_client     = @@character_set_client */;
/*!50503 SET character_set_client = utf8mb4 */;
CREATE TABLE `partners` (
  `id` int unsigned NOT NULL AUTO_INCREMENT,
  `img` varchar(255) CHARACTER SET utf8mb4 COLLATE utf8mb4_unicode_ci DEFAULT NULL,
  `created_at` timestamp NULL DEFAULT NULL,
  `updated_at` timestamp NULL DEFAULT NULL,
  PRIMARY KEY (`id`)
) ENGINE=InnoDB AUTO_INCREMENT=5 DEFAULT CHARSET=utf8mb4 COLLATE=utf8mb4_unicode_ci;
/*!40101 SET character_set_client = @saved_cs_client */;

--
-- Dumping data for table `partners`
--

LOCK TABLES `partners` WRITE;
/*!40000 ALTER TABLE `partners` DISABLE KEYS */;
INSERT INTO `partners` VALUES (1,'partners/December2020/pjtvqgXoFZvXefrvdI2O.png','2020-12-10 17:54:22','2020-12-10 17:54:22'),(2,'partners/December2020/hJzKVOO39UobdMFY49bp.png','2020-12-10 17:55:03','2020-12-10 17:55:03'),(3,'partners/December2020/BUivCwo5TEPZ5yP2zznm.png','2020-12-10 18:07:53','2020-12-10 18:07:53'),(4,'partners/December2020/3EdSLxloKZ2adz7Os9Dv.png','2020-12-10 18:08:03','2020-12-10 18:08:03');
/*!40000 ALTER TABLE `partners` ENABLE KEYS */;
UNLOCK TABLES;

--
-- Table structure for table `password_resets`
--

DROP TABLE IF EXISTS `password_resets`;
/*!40101 SET @saved_cs_client     = @@character_set_client */;
/*!50503 SET character_set_client = utf8mb4 */;
CREATE TABLE `password_resets` (
  `email` varchar(255) CHARACTER SET utf8mb4 COLLATE utf8mb4_unicode_ci NOT NULL,
  `token` varchar(255) CHARACTER SET utf8mb4 COLLATE utf8mb4_unicode_ci NOT NULL,
  `created_at` timestamp NULL DEFAULT NULL,
  KEY `password_resets_email_index` (`email`)
) ENGINE=InnoDB DEFAULT CHARSET=utf8mb4 COLLATE=utf8mb4_unicode_ci;
/*!40101 SET character_set_client = @saved_cs_client */;

--
-- Dumping data for table `password_resets`
--

LOCK TABLES `password_resets` WRITE;
/*!40000 ALTER TABLE `password_resets` DISABLE KEYS */;
/*!40000 ALTER TABLE `password_resets` ENABLE KEYS */;
UNLOCK TABLES;

--
-- Table structure for table `permission_role`
--

DROP TABLE IF EXISTS `permission_role`;
/*!40101 SET @saved_cs_client     = @@character_set_client */;
/*!50503 SET character_set_client = utf8mb4 */;
CREATE TABLE `permission_role` (
  `permission_id` bigint unsigned NOT NULL,
  `role_id` bigint unsigned NOT NULL,
  PRIMARY KEY (`permission_id`,`role_id`),
  KEY `permission_role_permission_id_index` (`permission_id`),
  KEY `permission_role_role_id_index` (`role_id`),
  CONSTRAINT `permission_role_permission_id_foreign` FOREIGN KEY (`permission_id`) REFERENCES `permissions` (`id`) ON DELETE CASCADE,
  CONSTRAINT `permission_role_role_id_foreign` FOREIGN KEY (`role_id`) REFERENCES `roles` (`id`) ON DELETE CASCADE
) ENGINE=InnoDB DEFAULT CHARSET=utf8mb4 COLLATE=utf8mb4_unicode_ci;
/*!40101 SET character_set_client = @saved_cs_client */;

--
-- Dumping data for table `permission_role`
--

LOCK TABLES `permission_role` WRITE;
/*!40000 ALTER TABLE `permission_role` DISABLE KEYS */;
INSERT INTO `permission_role` VALUES (1,1),(2,1),(3,1),(4,1),(5,1),(6,1),(7,1),(8,1),(9,1),(10,1),(11,1),(12,1),(13,1),(14,1),(15,1),(16,1),(17,1),(18,1),(19,1),(20,1),(21,1),(22,1),(23,1),(24,1),(25,1),(26,1),(27,1),(28,1),(29,1),(30,1),(31,1),(32,1),(33,1),(34,1),(35,1),(36,1),(37,1),(38,1),(39,1),(40,1),(41,1),(52,1),(53,1),(54,1),(55,1),(56,1),(62,1),(63,1),(64,1),(65,1),(66,1),(72,1),(73,1),(74,1),(75,1),(76,1),(77,1),(78,1),(79,1),(80,1),(81,1),(82,1),(83,1),(84,1),(85,1),(86,1),(87,1),(88,1),(89,1),(90,1),(91,1),(92,1),(93,1),(94,1),(95,1),(96,1),(97,1),(98,1),(99,1),(100,1),(101,1);
/*!40000 ALTER TABLE `permission_role` ENABLE KEYS */;
UNLOCK TABLES;

--
-- Table structure for table `permissions`
--

DROP TABLE IF EXISTS `permissions`;
/*!40101 SET @saved_cs_client     = @@character_set_client */;
/*!50503 SET character_set_client = utf8mb4 */;
CREATE TABLE `permissions` (
  `id` bigint unsigned NOT NULL AUTO_INCREMENT,
  `key` varchar(255) CHARACTER SET utf8mb4 COLLATE utf8mb4_unicode_ci NOT NULL,
  `table_name` varchar(255) CHARACTER SET utf8mb4 COLLATE utf8mb4_unicode_ci DEFAULT NULL,
  `created_at` timestamp NULL DEFAULT NULL,
  `updated_at` timestamp NULL DEFAULT NULL,
  PRIMARY KEY (`id`),
  KEY `permissions_key_index` (`key`)
) ENGINE=InnoDB AUTO_INCREMENT=102 DEFAULT CHARSET=utf8mb4 COLLATE=utf8mb4_unicode_ci;
/*!40101 SET character_set_client = @saved_cs_client */;

--
-- Dumping data for table `permissions`
--

LOCK TABLES `permissions` WRITE;
/*!40000 ALTER TABLE `permissions` DISABLE KEYS */;
INSERT INTO `permissions` VALUES (1,'browse_admin',NULL,'2020-08-20 00:11:47','2020-08-20 00:11:47'),(2,'browse_bread',NULL,'2020-08-20 00:11:47','2020-08-20 00:11:47'),(3,'browse_database',NULL,'2020-08-20 00:11:48','2020-08-20 00:11:48'),(4,'browse_media',NULL,'2020-08-20 00:11:48','2020-08-20 00:11:48'),(5,'browse_compass',NULL,'2020-08-20 00:11:48','2020-08-20 00:11:48'),(6,'browse_menus','menus','2020-08-20 00:11:48','2020-08-20 00:11:48'),(7,'read_menus','menus','2020-08-20 00:11:48','2020-08-20 00:11:48'),(8,'edit_menus','menus','2020-08-20 00:11:49','2020-08-20 00:11:49'),(9,'add_menus','menus','2020-08-20 00:11:49','2020-08-20 00:11:49'),(10,'delete_menus','menus','2020-08-20 00:11:49','2020-08-20 00:11:49'),(11,'browse_roles','roles','2020-08-20 00:11:49','2020-08-20 00:11:49'),(12,'read_roles','roles','2020-08-20 00:11:49','2020-08-20 00:11:49'),(13,'edit_roles','roles','2020-08-20 00:11:49','2020-08-20 00:11:49'),(14,'add_roles','roles','2020-08-20 00:11:50','2020-08-20 00:11:50'),(15,'delete_roles','roles','2020-08-20 00:11:50','2020-08-20 00:11:50'),(16,'browse_users','users','2020-08-20 00:11:50','2020-08-20 00:11:50'),(17,'read_users','users','2020-08-20 00:11:50','2020-08-20 00:11:50'),(18,'edit_users','users','2020-08-20 00:11:50','2020-08-20 00:11:50'),(19,'add_users','users','2020-08-20 00:11:50','2020-08-20 00:11:50'),(20,'delete_users','users','2020-08-20 00:11:50','2020-08-20 00:11:50'),(21,'browse_settings','settings','2020-08-20 00:11:50','2020-08-20 00:11:50'),(22,'read_settings','settings','2020-08-20 00:11:50','2020-08-20 00:11:50'),(23,'edit_settings','settings','2020-08-20 00:11:50','2020-08-20 00:11:50'),(24,'add_settings','settings','2020-08-20 00:11:51','2020-08-20 00:11:51'),(25,'delete_settings','settings','2020-08-20 00:11:51','2020-08-20 00:11:51'),(26,'browse_hooks',NULL,'2020-08-20 00:11:56','2020-08-20 00:11:56'),(27,'browse_course','course','2020-08-20 03:04:26','2020-08-20 03:04:26'),(28,'read_course','course','2020-08-20 03:04:26','2020-08-20 03:04:26'),(29,'edit_course','course','2020-08-20 03:04:26','2020-08-20 03:04:26'),(30,'add_course','course','2020-08-20 03:04:26','2020-08-20 03:04:26'),(31,'delete_course','course','2020-08-20 03:04:26','2020-08-20 03:04:26'),(32,'browse_college','college','2020-08-20 03:05:10','2020-08-20 03:05:10'),(33,'read_college','college','2020-08-20 03:05:10','2020-08-20 03:05:10'),(34,'edit_college','college','2020-08-20 03:05:10','2020-08-20 03:05:10'),(35,'add_college','college','2020-08-20 03:05:10','2020-08-20 03:05:10'),(36,'delete_college','college','2020-08-20 03:05:10','2020-08-20 03:05:10'),(37,'browse_colleges','colleges','2020-08-20 03:10:07','2020-08-20 03:10:07'),(38,'read_colleges','colleges','2020-08-20 03:10:07','2020-08-20 03:10:07'),(39,'edit_colleges','colleges','2020-08-20 03:10:07','2020-08-20 03:10:07'),(40,'add_colleges','colleges','2020-08-20 03:10:07','2020-08-20 03:10:07'),(41,'delete_colleges','colleges','2020-08-20 03:10:07','2020-08-20 03:10:07'),(52,'browse_categories','categories','2020-08-23 02:27:58','2020-08-23 02:27:58'),(53,'read_categories','categories','2020-08-23 02:27:58','2020-08-23 02:27:58'),(54,'edit_categories','categories','2020-08-23 02:27:58','2020-08-23 02:27:58'),(55,'add_categories','categories','2020-08-23 02:27:58','2020-08-23 02:27:58'),(56,'delete_categories','categories','2020-08-23 02:27:58','2020-08-23 02:27:58'),(62,'browse_tasks','tasks','2020-08-23 03:32:56','2020-08-23 03:32:56'),(63,'read_tasks','tasks','2020-08-23 03:32:56','2020-08-23 03:32:56'),(64,'edit_tasks','tasks','2020-08-23 03:32:56','2020-08-23 03:32:56'),(65,'add_tasks','tasks','2020-08-23 03:32:56','2020-08-23 03:32:56'),(66,'delete_tasks','tasks','2020-08-23 03:32:56','2020-08-23 03:32:56'),(72,'browse_lessons','lessons','2020-09-09 00:54:47','2020-09-09 00:54:47'),(73,'read_lessons','lessons','2020-09-09 00:54:47','2020-09-09 00:54:47'),(74,'edit_lessons','lessons','2020-09-09 00:54:47','2020-09-09 00:54:47'),(75,'add_lessons','lessons','2020-09-09 00:54:47','2020-09-09 00:54:47'),(76,'delete_lessons','lessons','2020-09-09 00:54:47','2020-09-09 00:54:47'),(77,'browse_speakers','speakers','2020-11-26 13:08:54','2020-11-26 13:08:54'),(78,'read_speakers','speakers','2020-11-26 13:08:54','2020-11-26 13:08:54'),(79,'edit_speakers','speakers','2020-11-26 13:08:54','2020-11-26 13:08:54'),(80,'add_speakers','speakers','2020-11-26 13:08:54','2020-11-26 13:08:54'),(81,'delete_speakers','speakers','2020-11-26 13:08:54','2020-11-26 13:08:54'),(82,'browse_webinars','webinars','2020-12-14 04:04:05','2020-12-14 04:04:05'),(83,'read_webinars','webinars','2020-12-14 04:04:05','2020-12-14 04:04:05'),(84,'edit_webinars','webinars','2020-12-14 04:04:05','2020-12-14 04:04:05'),(85,'add_webinars','webinars','2020-12-14 04:04:05','2020-12-14 04:04:05'),(86,'delete_webinars','webinars','2020-12-14 04:04:05','2020-12-14 04:04:05'),(87,'browse_tuitions','tuitions','2020-12-14 04:47:15','2020-12-14 04:47:15'),(88,'read_tuitions','tuitions','2020-12-14 04:47:15','2020-12-14 04:47:15'),(89,'edit_tuitions','tuitions','2020-12-14 04:47:15','2020-12-14 04:47:15'),(90,'add_tuitions','tuitions','2020-12-14 04:47:15','2020-12-14 04:47:15'),(91,'delete_tuitions','tuitions','2020-12-14 04:47:15','2020-12-14 04:47:15'),(92,'browse_instructions','instructions','2020-12-14 04:55:26','2020-12-14 04:55:26'),(93,'read_instructions','instructions','2020-12-14 04:55:26','2020-12-14 04:55:26'),(94,'edit_instructions','instructions','2020-12-14 04:55:26','2020-12-14 04:55:26'),(95,'add_instructions','instructions','2020-12-14 04:55:26','2020-12-14 04:55:26'),(96,'delete_instructions','instructions','2020-12-14 04:55:26','2020-12-14 04:55:26'),(97,'browse_partners','partners','2020-12-14 13:03:19','2020-12-14 13:03:19'),(98,'read_partners','partners','2020-12-14 13:03:19','2020-12-14 13:03:19'),(99,'edit_partners','partners','2020-12-14 13:03:19','2020-12-14 13:03:19'),(100,'add_partners','partners','2020-12-14 13:03:19','2020-12-14 13:03:19'),(101,'delete_partners','partners','2020-12-14 13:03:19','2020-12-14 13:03:19');
/*!40000 ALTER TABLE `permissions` ENABLE KEYS */;
UNLOCK TABLES;

--
-- Table structure for table `roles`
--

DROP TABLE IF EXISTS `roles`;
/*!40101 SET @saved_cs_client     = @@character_set_client */;
/*!50503 SET character_set_client = utf8mb4 */;
CREATE TABLE `roles` (
  `id` bigint unsigned NOT NULL AUTO_INCREMENT,
  `name` varchar(255) CHARACTER SET utf8mb4 COLLATE utf8mb4_unicode_ci NOT NULL,
  `display_name` varchar(255) CHARACTER SET utf8mb4 COLLATE utf8mb4_unicode_ci NOT NULL,
  `created_at` timestamp NULL DEFAULT NULL,
  `updated_at` timestamp NULL DEFAULT NULL,
  PRIMARY KEY (`id`),
  UNIQUE KEY `roles_name_unique` (`name`)
) ENGINE=InnoDB AUTO_INCREMENT=5 DEFAULT CHARSET=utf8mb4 COLLATE=utf8mb4_unicode_ci;
/*!40101 SET character_set_client = @saved_cs_client */;

--
-- Dumping data for table `roles`
--

LOCK TABLES `roles` WRITE;
/*!40000 ALTER TABLE `roles` DISABLE KEYS */;
INSERT INTO `roles` VALUES (1,'admin','Администратор','2020-08-20 00:11:47','2020-09-08 23:25:00'),(2,'user','Normal User','2020-08-20 00:11:47','2020-08-20 00:11:47'),(3,'curator','Куратор','2020-08-24 03:40:16','2020-09-08 23:24:26'),(4,'moderator','Модератор','2020-08-31 13:45:33','2020-09-08 23:23:55');
/*!40000 ALTER TABLE `roles` ENABLE KEYS */;
UNLOCK TABLES;

--
-- Table structure for table `settings`
--

DROP TABLE IF EXISTS `settings`;
/*!40101 SET @saved_cs_client     = @@character_set_client */;
/*!50503 SET character_set_client = utf8mb4 */;
CREATE TABLE `settings` (
  `id` int unsigned NOT NULL AUTO_INCREMENT,
  `key` varchar(255) CHARACTER SET utf8mb4 COLLATE utf8mb4_unicode_ci NOT NULL,
  `display_name` varchar(255) CHARACTER SET utf8mb4 COLLATE utf8mb4_unicode_ci NOT NULL,
  `value` text CHARACTER SET utf8mb4 COLLATE utf8mb4_unicode_ci,
  `details` text CHARACTER SET utf8mb4 COLLATE utf8mb4_unicode_ci,
  `type` varchar(255) CHARACTER SET utf8mb4 COLLATE utf8mb4_unicode_ci NOT NULL,
  `order` int NOT NULL DEFAULT '1',
  `group` varchar(255) CHARACTER SET utf8mb4 COLLATE utf8mb4_unicode_ci DEFAULT NULL,
  PRIMARY KEY (`id`),
  UNIQUE KEY `settings_key_unique` (`key`)
) ENGINE=InnoDB AUTO_INCREMENT=64 DEFAULT CHARSET=utf8mb4 COLLATE=utf8mb4_unicode_ci;
/*!40101 SET character_set_client = @saved_cs_client */;

--
-- Dumping data for table `settings`
--

LOCK TABLES `settings` WRITE;
/*!40000 ALTER TABLE `settings` DISABLE KEYS */;
INSERT INTO `settings` VALUES (11,'site.title','Заголовок','WHITE',NULL,'text',2,'Site'),(12,'site.logo','Логотип','settings/September2020/93g0Tx97CdBdq6mmUEpg.png',NULL,'image',3,'Site'),(13,'site.logo2','Логотип 2','settings/September2020/e5tiSViCsnLhgqiLM9gn.png',NULL,'image',6,'Site'),(14,'cocseti.vk','Вконтакте','https://vk.com/',NULL,'text',7,'Cоц.сети'),(15,'cocseti.instagram','Инстаграм','https://vk.com/',NULL,'text',8,'Cоц.сети'),(16,'cocseti.facebook','Facebook','https://vk.com/',NULL,'text',9,'Cоц.сети'),(17,'cocseti.telegram','Telegram','https://vk.com/',NULL,'text',10,'Cоц.сети'),(18,'cocseti.youtube','Youtube','https://youtube/',NULL,'text',11,'Cоц.сети'),(24,'stranicy.about_page','О проекте','<p>&laquo;Академия&nbsp; &nbsp;профессий&raquo;&nbsp; &nbsp;-&nbsp; &nbsp;это&nbsp; &nbsp;проект,&nbsp; &nbsp;ориентированный&nbsp; &nbsp;на повышение уровня образования&nbsp; нового поколения Казахстана. Здесь&nbsp; &nbsp;каждый&nbsp; &nbsp;студент&nbsp; может&nbsp; &nbsp;получить&nbsp; &nbsp;применяемые&nbsp; &nbsp;на практике&nbsp; &nbsp;знания,&nbsp; &nbsp;стажировку&nbsp; &nbsp;и&nbsp; &nbsp;квалификацию&nbsp; &nbsp;в&nbsp; &nbsp;выбранной сфере.</p>',NULL,'rich_text_box',13,'Страницы'),(25,'stranicy.student_page','Для студентов','<p>&laquo;Академия&nbsp; &nbsp;профессий&raquo;&nbsp; &nbsp;-&nbsp; &nbsp;это&nbsp; &nbsp;проект,&nbsp; &nbsp;ориентированный&nbsp; &nbsp;на повышение уровня образования&nbsp; нового поколения Казахстана.</p>',NULL,'rich_text_box',14,'Страницы'),(26,'stranicy.partner_page','Для партнеров','<p>&laquo;Академия&nbsp; &nbsp;профессий&raquo;&nbsp; &nbsp;-&nbsp; &nbsp;это&nbsp; &nbsp;проект,&nbsp; &nbsp;ориентированный&nbsp; &nbsp;на повышение уровня образования&nbsp; нового поколения Казахстана.</p>',NULL,'rich_text_box',15,'Страницы'),(28,'o-nas-banner.about_banner_title','Заголовок','Достигай своих целей вместе с нами!',NULL,'text',17,'О нас баннер'),(30,'o-nas-banner.about_banner_text1','Текст баннер','<p><!--(figmeta)eyJmaWxlS2V5IjoiV3J1UTJxQVFRZjNhQnpXdUNSZlJFVyIsInBhc3RlSUQiOi0xLCJkYXRhVHlwZSI6InNjZW5lIn0K(/figmeta)--><!--(figma)ZmlnLWtpd2kCAAAA8R0AALV7+Z8jyVVnREqqo6unp+fwiTHGGGMMmJ6e8czYGOOsVKqUVZIyJzOl6h6M5SwpqyqnVZJQqqq7BmOM13ux3Bizaxav8bJgDGvuc40B78HuYgwYc4MxxpwfPnz4E/h+I/JSV5vfmM9nKt578fLFixfvvXgRoX62G6dpdBSH5/NYiPt2Xac3DELTDwX+67lNe2i1zd6OHQCV/cD2K7ihuO1eE3AtcHZ6ZgdQPQhvdmwADQUMA5uy1hSvkjwM9hxv6Nsd1+SX6z03dFo3h0Hb7Xeaw76345tNfr+RgcOm2yO+meO+3fLtoA3SpcCye/YQZK89fKpv+zdB3KoSfdvrkHjZvJOkUPkGYEGCNEcjTB0k3zabQ7en2IRC9n0n5IiyNxvH3nGUxmCz0BXa1BhMXXegQLmfTMfJ9Mg/nZCn5/aetn0XHcJtqn5K0LZ9AJ02SKLpWv2u3aNVpGX2BmYAyNjx3b4HoNbyzS756tuu27HN3tD1bN8MHbcHYmNgW6HrA1qjLdGudxwldsPudBwvILjpgwmLpFbhkm/v9DumP/Tczs0dJWQLQ/WadhPGKfkuh/YNqnRf0HEsEq4EN7vbLlf0fqeHwXqKenV7Ek/HXcxKiIc8MwiGYRvidrga8Be/q3xANk1/z+ZYRrffCR29BjWqCk22+z676pbbcQus0XF22qH6Zi2ArRWkJocvmm5zxwa+oT/J0U2sgt8xKftS4LbCoZIBbKtt+s0Cu9x0Wi3bt/UM7rNvWJ1+oO15pd0n7f7ADPuFka+qUQA80Ol3nZ4bOCGHeNCLkulSL+Z64HYcLrCAmzUdrCZGo6qgyILEVtkDqwuQJJibqwFaraCBqeuqKKo7XVPNrAEP23UArDkniM5gFE1ibXSEl2+HlrJ3y+H0ZMvpqEFCR61kzT48jEeZonWn10PQBm2z6e6jUzR91ytR2XLhH1jAXnO43elTL2PbtPZWSbUwvrO0VBisub6z4+hIF30ProlWdtx9BUCFUOsQwBE6Q8v06Nz1Ehu2XN9SodOg0GY8mi2iZTKb4ps8QDAylhXmBCwxXWfPLp3M6J2eHMSL/jRZpvjGNzkN4Tk37E4AQEIjhD/tYlizabpcVBYNiwm6YL9SV3ZN5gMDY2QmrQWWqSZQb0Fic6i/aGSI4l4LlovZrdicJEdTfFAIE4gSRyUu6fbDDDQ0sxXNISWfH6aiVlsGT/VNnyTD9H13X7kQJ1HTqP1U3+kg5/jK2nUtaneWcNguMpQaddse2OyWuVRjezabxNHUnce5Zev9nvZs6IjPAoQ9YBn0t0PfVLBxQzm8Wmg1s/ZskTw7my6jCT7v2C0yVQwHJ1ChZez2A2RvR61o+fUgXiwT+Cxproeuyqfbbhi6XUBGd3aaxtbpIp0tsDhNu2UiV6BDWL4bwEUdH7C0b9r0WawrMAObjxrKMzEV5A4LvgG87ql80UBjOR1AawOEwGzRTRYLSi98C/Gn1lcqAOGINGH3dkIuvtGM0mMdZYaFZAqSKF1DqkjUnlT3ejsgiV3PZiuDARvDa7bQ1Ow789liebf31SwXJoDSuYuJnLDvNNX4Mie07dy8neh8drrcWSRjLaSuHbJizlJBQ/tnrfzGi5bLeDFFF7gcT/kWEpZKXFIt1uly5sdp8ixEFyZS6ijLFHrIAoJDn0/iIM4mBYP7gZulg9A2ua7Sgk/oFcY+jV25ZzF91kK767m+qfZoOLMWAyst48JEF7IqQJnnRAwdjW7p9SmUbSMfPQ2zKQ0ktoPQgXkBa27ljWC/YDZtK81kzU6hxCLjbXxW3sLSNbMfcpPHLPD57mm6TA7PgX7WLz3TsocIVF1k1NRngbK6oVILiCgqAudpexi6wyytwzRTODEiWFunyB/wfNuHzYesz4DLvq9mvI3EjbZmdVxVB9QdTiuqiLjs9obwbMUmzBbEDEOnayNfAZddFwXeUM3B0LDuqOGrNrdawHXdgd2DbA2NqcJlDVweJkEnQ02nVN1o+iYjYxN9e/bN/LNLQAeuLjO2wkU0TZNSxxcgj6LaCIfITcio2Z4smk4A7xjYAGULVSBaA6UKysGW73YRxCpF1SqkPEfVKzSdjRoVSpGO1rx+0Na0TNh6ScllbZQkLWqzJBSSLrE61LRM0lZJySVdLkla0n0loZB0RSuKZQBTLuz+FWIu7+oKVYt8YIVWSH1QjZRRM6EPVWm5zIerRC3yOVVSIfG5CFHHGrIP2POw3aPMN3uIXFVHP9+OUhTJen03cA6w+tuOhQ5BQTkiUWpVUIO7oa6U8AV9u+iqk2+F0tDfrtDWdB4q8PVgtJhNJs1koaMKcjI3/WeyCKaoIl5/i5BcMqDiMUJ4GaPfvuEhU+oItiCB+6nC5E4fqUwaKQ4ZGAzwupCTGTZFBaI4mWBjkvWF2BTyCH+MA/ypRfhT13sXPr4DTJ7jj+GDBO6ScBt/asf4U1eSguVsjg9GhEUo5HymYwoMRjdaLpI7Qq6dXLsGXJ5cewSNcXLtOpraySMk1k8eIbFx8giJa160QFZ2puMY3xlHp8lY+BWhW3kZhs6zaHIa4xt5qkqy5wujBSv1opNYyNphdJJMzsEvUyZ8AAaELNPRIpkvgdXIO4gWSYRPTk/iRTJqJUenC5gWKT47TQh4gqM2XOl2mupUCVgNs/ppMI9G8LOVbz3UDi7WM9ukZGhuZwX4PQS0uLicYFUCynOcmxSM3RYepta3+rUVzVP4V/kJAkCV5BLNMEcMz0Z5TNVrIAwLjNWZZaqM3QAJk90BuFaR7+V2r6qF6g1/UcRhCwag9AmUkbE4BZcDn1beL1EPqgzbiqOlMvBfSg8VObqEdd1TLJkWhuUFpNeoDVqlINpGdrZdC5weC51112/20G6YLZ/9m82eygaXev0uVdrCAcxEexlbDqd0X1O3V9q6vR9FPturpqnqvgcs3T7oW6p9KND4w/5AHRGfw8BE+9xgX53+n2cF+2yfj8Uh/QWW1aXeLwz0Nv05bScg/UXcWNF+ruv3qN+LaRS0n4cNhkv5kmaozg6f3+qYnMdLuzs+d8gvCOBraF+2h+0W7Re2UBqhfXlbt1/U1uO+ItT4Fz+l21d6uv0SFsdov7TT2ib+Za6n2lf5oWq/3NPfX/P2erTTIx2kD7TX0VLPR/2wQ/wxtMRfbW77A7SPm9sD4k+gpd5PDrSc1wygENrXbnf2uT5fgZZ8r0NLvq8099qcx+utXVX0f5XVUoHwBstTuGn1ffJtY68lbiG5sW22tHy7hYMf2hba62h30D6Kto1hOZ6DlvJ323o+GG2H+nTa7i79BuWRqmx6DnZytO6u98STaL1d70nKeWrXe801tP6ud+0xtEFnt8vvwo5rkb+PbYXrMujaTZ6N99FSjxvdvS7pN3sdVdk83evvhWi/GuUI9Xoj2gDt1wxgcLRv8oKQ9CFa0t/s7/nEI99rsz3w+9tc91HQ9cg/DrUecdhTBe4hlonrdzTArQHa44HuTwZ63s8M9pS/3Br4oY92gvY62pMgQOYVYoqW+Azto2jnaB9D+7VoX412gfZxtCnaJ9Au0dJOp2hfg/YsCJCzhbiNlvLuoKW8c7SU9yxayvs6tJT3FrSU9/VoKe+taCnvG9BS3ttkEFynwG+U1kBp+HYCFPmvCFDmOwhQ6L8mQKn/hgDF/lsClPvvCFDwvydAyd8EQKn6HwhQ8jcToORvIUDJ30qAkr+NACV/OwFK/g4ClPydBCj5uwhQ8jsBKJ2/mwAlv4sAJX8PAUr+jwQo+T8RoOR3E6Dk7yVAyf+ZACV/HwFKfg+ARyn5vxCg5PcSoOTvJ0DJ7yNAyf+VACX/AAFK/m8EKPkHCVDyDxGg5PcDeIySf5gAJX+AACX/CAFK/lEClPzfCVDyBwlQ8o8RoOQfJ0DJP0GAkn8SwKsp+acIUPJPE6DknyFAyT9LgJJ/jgAl/zwBSv4FApT8iwQo+X8QoOQPAXickn+JACV/mAAl/zIBSv4VApT8qwQo+SMEKPl/EqDk/0WAkv83AUr+PwCeoORfI0DJ/5cAJf8/ApT8/wlQ8q8ToOSPEqDk3yBAyR8jQMm/SYCSfwvAk5T82wQo+eMEKPl3CFDyJwhQ8u8SoOTfI0DJv0+Akv+AACX/IQFK/iMAKkX9MQFK/hMClPynBCj5kwQo+c8IUPKnCFDynxOg5E8ToOS/IEDJn5F33xqgtFpiuxbXhMxLLIM1ZTeaz1nkSONwMTthWbac4a+xPZkdCCkPzpdxKmpSX1cIo4br62PiU1ZkqL/G0TJSvOuovpIJTogWi0Zz/AzOsUJuLDk2yrn0OBrPbqcAjePk6BiH42OUdygYx/EySiaA6jFUTllLoHA8w+E5xnUD4LVlfKIun3TX+llygDPeiPCGukPVw2YvD8K49C875AiF0SLC3DbF5sGCMqcYGdglpYwwHlB2viLkiIZA9WzMWEguWWfXzpI0OUBRJUUdTXb1fVk0UhTcqXharkH2ND2cLU7EG8V6oox+R2woIDxGkTyl5qjboyloODk47AHhqiagrEPViaVZFw8Ar971XhWXFjOcM8ACTbZSdgC4fKjMZ1HZbNWeFffNOZeW6hFvEVfik9kziQUpHu4LYcR1eT8LxC4M2YQDCKNxKz4XcJhDUDvJNG7HtAzEG6Q0k6MYcmuo4IHpsnIq6kT2NWMDxSpukLSwrdFxxNI5XqRwMVlg6kOnyeGNlLB7Fi9wMRWHEYyJpCBrE3VbpS5DBjAxLpkn0CbF9iIbR5Pz+XGKfUWujYuL4hS7ilzXnw0wIEiw3QZVK2b3Nik3D6PJ5AD3LC10pOJAXjrGKi8g/Nb27A4GeIeUW+0KSRj1A1wEjVNxA2eZxQQTyQ8+teOcD3VdAy8zmZbCWIc36tJ8IOTtZLzkicxg300ANQKFYevEzHSEgxWw9cNkkS6t3FKYQgPeVcXXdjh9YayNZicnERTLorY8hg2Etiq0QjAfYqLKjhjqovBofJYFxFqzsKUwjAUOlpiylKUkQ58/lSWN2plCevHy9mxxK1dhCn+PJhhsrEbMFbm4vMxYuIbENCSNmQpfyuD85GA2ycSnCsG4SGQazoWkFGDgVMngCuj8LcwGAQrD5mLzZGgYaqHkHDRUFLgawtyhnBLox4cxjrOYvLF5mEziPXg+vDRVnWpkA0PSkdoRciVOpVTVg6hMfIoCRNbzzNqYJEgui3PqEM6C0wOeZg/ARoJYSq7XfDbFMuuB1k+nhxPexE7BU5W4kaT9vCseI8Nsaq2t/PtulGL1MkONcqqWKuenB5MkPYYwjkttw1kYRyedUjsOYtw9SPY8BN9Vae9BUUl7h4dpvMRq1hbRODlljqyX+a+Bpsh/a+l8EUdjcKyHTIDKIZ3p4QxLoeTuCjk+zbwMIeEhk83Y0YzPklF+jZ7fv7BAV/f40sKRSR0iDUXDlQyP7sBr+kM/T4g85OqPLWt/qDZledcgiGgiqPGw2JmbQmtM0RnDjslhgtDAauMrLfM9SPL0PiQXL4uxkALw7ghN1DFb4BosvzOThIseg1h+c1bDvRHmkXPWM7RgbmSEnH+ta/b66nCynimwjdR1tGBCcspbXIxSzJqXvHi21ve5vJHLnpzkBQF6DsWXOHw5zWH+xnmR3ZzPYyQOFS/GQUFWUn4QpixJVu44vQh7sbKh4sLCmgOc/dX1hsClYPZIK4N9deFgsOWPARRD9l4SYCuHM6fC2EhPDw9xYQUnVzuikvkqgcutojZaiFp6dsTI6HHvxLoBRW1E5/wgXBWYe7pkwuUmhX4EJcyIncCd4j5KinVwtGaLURyoVzVE2q0U5I1Ml8FOJkwYTmvYs+3sis/s7Js3AwCyozYgvrIgqyyp4XUhI/7IwEA6KYKmNj09CRBuME0qsHVkIYbqJdXUgI6JpHx0ighdZNj6KLPsxpyBiyecx8TmDpISlqSWDSILUcU25SEJYM1uJ+VvEjYEwntl+8CbBzJ1SI15ZaV9IntCxv2W7+6RYmQ/B6jZeDpXtwN13AbgIg1QI3tCWtPpSsmr5Fi9FWRZCs5VSax5WiYDTI6ZcQkxp5SU7BM8B5Y3XvimTNnZLex2fAx/g30gD0+FHXV5gyngIWW437YREm2n0xy6LTy1sRsXarhX17+qkOZiVIwZ4ZVyemROj2AolJ/IbhXUSPD8svDzRFjzJqdHyTT7dq4QWAH66uocit7SSnqqz48n0el0dHyPD05QfsKtAcKl1doArPGXItixp+gw/k5tllhS1YbREdbt1fNjlB1iTRgK0MTH57BnflH7JlGroJrhiSUX+pJQmVCTnpxGCJkt0WCrSa8pHXYtA3XHa3FjfUttG+sa0uSvKAvkjQzUHa/Dl8UesVkguvMrR0gaSwCXFKCJr0/p8gOUt2g16asQ5EVJfblAdOcbxnAlODp8BxuLvK+CagYzUo+anBzUvlJiunu7TF/2lGUKJ3f/BaJmtk6QF9B/la0mNWOVIazVdPLARapmt/mlk7o6GYHzwRWCZmqVw7vamjDsQxeImnkHxVvVMR+u4pqlXSkFn5PDusuBh0RHi2h+TCfBamyK595F0oy7BTW/Vd8Uz7ubpln3GEkOo0VVaWB8/ipFs3VOEqxSJ0EDlhegyTDd3U1VJs6OF5vihVVcs/SWSOYh9sJbGBssn1PFNYt7XPxwAYsBEWq7eKF40b3o+hMPGAYycdyciheJz62gmuEpTbGiuXixeHGB6E5f4+pnGS8Rn1diujugikpWu1BAvEy85B5k/UFY9AzyH1G8XHz+BaJm7pNuIRuIh8VLc1h3DYhWKv3nii9YpWi2/YO7fy3yUvGyu2ma9cZZNnZpQBj2Cy9SNftN5O2JRzwVb5UvLzHd/TSYYSlNAsMXVXHN8tWMkOz49GbxihLT3W+kZ/cQ2DjGfnEO666vUVNl5n27FK/MEd33pljVvymuB+WXZLDuGSL7jrExqd+MwKPEK8WX3kXSjG/W0R7kFcuPSvllqyTNF3FkUyWgFBEoHhevWqVotoNJUUukuNyTX17BNcdIH8I4CdygimslqvvHav/E7rIuHslA3RGXScTKSorrd5E04yHXZyeencTLxTluD+WjVYLmOdJLlBPJ9dgqSfMdI/qzH2q8TiQFojufUXiWPxDDt6q4ZpkokheNuR2D5aSKa5Yp90WkfXXYm+WI7pvrgx2tg6tk8bUlqvsXh7xv6SINN5NUJXuk5fQCUTMvF3qhZi1kLSlwvVSgmuFML/w2NNRGzb8H922luAUqUp0KX/EGcUcRd3Ftwx+NbIvzVNdESsuyjHqnFM8mqaZ6+qhHsZD6dYCKD6rnybeM8YZ5lvdwwjxBf32VfaDLMez+b2XEZO+LFqqQ2bTDEp4TxBjfsNIL9e8sT6NJleNt6uYoY8GcR4uYqQInzyrXN1a52vAFRBFyRZXl7VUWd4E1RsqTeHmokIMJdvl4/HS8mKHrHdWuXvZyq1+Nx3ifuNiZeZc4xK3Sxd4WNhCqLo7xlFHpRopPxTO4farQirp0gkcOuh2m8JNSfpNE5ssOwazjEIk+3jzmOFmq82iA7XBZdHxz2VG6jYpFhOe3SCRAFDPRhEUEZvutcnamLkSwN+tFVEK+Lbu/aMYwPR7TMTJW9dsl73NQRGLTnc078SFWr6wOEEvfscLgM5vexfGdJcf2bLmcndxDynfdzXMvQe8smcqehDUGXqIxGcbTd9/NE2LrWWV5F63FEMMMU/giMk6EnYDx9T1S+zb8V1+NIH5hO+X575JI8GDNVkVdTbxb4imopIVYANxTvLtCapZXFt8r46j41UoHlwiwMw4f5c9HenghGimlg5PZbMmbGHz2XplMj+FWvIudBDoXY7nek5MDlTDLjvflHSFirCT/UE62VXopO95fdKitq+z44byD+0ZJ/kBOrujT4u9FqAb6f0EmadEFm34fcN2ZU75fpoSUHX5W4slLoat+98vyNL9kghmqSekH5AR7ImyUxeCb8UKGL2FJV59fB7hUgINnaelHsiUNOEZlOX9RYpetdJWJ8ucl3sqSdDVHflDGym40qpniOE8A9B8DZzA7RBkErTJRIP84yL3ZtD8fY8vORPxEpiZcDv4xUtzoFR4CflTSsBtgCj8lcWEBRzxOJmOo1UzOkBp4ufTTFefykPDixRlu+CkXQ/wMBU2xiuhU5m3BwCWJP+vbEj9H/9fZIrvWeq/EpFMlpDgKf0jCRCpzQC18G4JdtPGOVw4fJicxygr46IeqnN0ICP5XEfVLEkjeUwmGD8txjA1rqnCcXrBgKFLwwa9UroN07YZa7lflPX1uu+CE331ERtlJ/MMSz4Sw1urW1VE10CBzjAZ2silmim0DqJrcByTeEmdnSpE8LauO90m8LWYdPIUvIThnwFL9Wt5XquOUc8ZDLt4hL3CY5Z3Y+yXeJ9WWkOm2hWfKJdyrj8XtrGi9jndLffDnjGAr+VE81h0h2Y3dqRu29C9xUjGXv1HQDw9XOj5WWcDgeHY6GQcn2EtM9XZEN/1NmbKe0NXF6/H2qdDyVJGVTVjD39ZdUE7V62XHx3XHvnq+aIrf0agutYF/QpkDSUXdwvh4MZ3rWMPq8h7h93Jc5ZvfhwNn2ZjsW3hFTVLrOjT9w5wvHg8yA23hRVUbiAtVXJd8RMo/hhioD7dcBKdzhnKWpZiZTG6XTLysH/5Eq5tVWYhHTqqJ99hCQJpJ+CwCPimL5x2YD8+2t+LzcJEcHSGAPybFp6B/wMjfgSfMwf/nZUBWHCeF08lPy7MZItQ+w+y9Yzw60j5/AW/BRWP/syTIz2j9vQVWdHFe6P+XK2S1vA4eOVNUjH+lu7IZV7peL/4662Ieyj6F2vyt4N/onmzVfbW2m+JvV6h6Lwf578qr9MoUcZ+uL6Vizg9hIgzdkSICZC1Js6wKG9WL723Fa6wlpZwQZOQmWSGtJCHcvBUdlRxUW12X+j1M3SiDpcx2a4UuphIpDH2npNiKoqwSZyFYURcYJaWqxUpVUC95ygErWtwzZHkXnaV4JabF+96copP+BkNucs/8tXkxD14qB7ywx2xpfVsILvbjyuxyZsSm3k1EY8++ue2aPq90Rb+313P3cYXK37Li7lS9Vsgb2+4NvDXYgA0veAxNLdh3Qqs99NQvAut75dIYvAflyzPuuyWsqqjZWB/F4rahtA42w9DPrKqQxhIYgyS+zUCFo42i6VmUsmhAhYkEjCdKIefYYyeY4Rn4MDVD4c2YU+eNWU1/tKOl1dU/L6Eo/S9MXiGk7ldCO7ORMiEMalTIATxY2YkPwjfulmhNktEtgSe1MVI7nmHhp/xe27pYImlMMXvwZ3s0Urquc4xQGwNZXq+ukLWZhrIR5PFsmc5nyww10tvRPINrd3+sMqXRmGks4/rnBMzzMHDK8Mr66tln27jJnuOeY+mMce4QDdg6RXxhX2YCxIIdIM4CHPViXmVjuGz0FFlYYnq5F5ZFsjBarr+fOZdv4ykooBdJHD468RlWE18fIAPlN99rM4SLGuyTeGqaxrcLxLigY5M61gDlswEFc0nStuZ0pr349l1TwKTGhXKfQiyuKuDxah3ezV8qOnieUmqb266vQWm53a4TasRY/XQvPj/kHQIv+5WUz2ACsPkRFOBxyFgiQaTL6GQOJHvJyPYBfHKwOqvcsDwK3YGzGaniL1wJjwx6bF2ywg9wQl7mRtUKiU9DzkVyADvgfPZXsKgWmimRYouQtaqSdeXhKGrKWGn0kV20HGE8uPLb9iyF6Qw+pSHwqDHKTrV15L6jWOe2BsNXhfnHYf8TFaWfwANDmsee8OXG7AADnUEtsS43xzGzR0/LvITVw4KqWExRfMgtPY08/lJUHBIZfjVaUlQa8j4MtYC2W+KKskvOk/kLnOf+Fbp3j4jB5764usxZcvFNRiOC4IE5sHJhUmyl8sEACqN8wL35U6cxLs74RIYdAbPrZZkCB17UXlhnErR90268jCAjEoY8wNMd6p94wvqQHgB7d2F82FQYD1ND+KOsLocBFRRQm5YSUUTLOm2Q438vJV71IVucybUUdUQ0yay8Ho1GECfqYiNlAR/E6noVPZs5HnLYJ8WlHLdQb2FhFPm1YmsOS3JrbYjLCsw0H/CnSkBRjDFkIPCKHtiLziezaAzC/emKvRIo+g9SXq1MpDDNP+Lp5RCSBijlMHXM90El3Uk9GjiaTM7d02WajGN7OprAQ7ATqiCV4iHF6MGESHa+ePifAIYWAADtmXmUVdWVxvd9NTDIUMwzPBAVAZlEhVD1uKFxiHGgSToxRgmaOKPQxilOHIaqwgiigiaI2oVDJw4hBRFFa+AKRiISrEc0xiGKQwxRiGBiNE3U/n3nvvc4+bdXr9X/9F3rsr+3vz2dfYZ7bxFFGSuz8rLILGPlUcX0ud+98tLzLrvCKqP2882sg1VZd7PIvJ0NtfJMxYxzLjgvO/6gRScJLi+6RnLoITzhxu3PP1+8pbiaQOfv7KlIEZE6V7Td09aYX5Jt25R3ba1tG9qeyi/kB7CZ+xfZtnWIJvQbspPGjRuXzS/IL8wvansMTUt+YVtjW3MWg3X5Rfn6to1QSzFYniVWY9sT+G1E3ZK/WVY+QX5x2wYsFkAsb2senW3bSERiPYldY35Bllgt0smfzMqQv0UVoVvetr6tKb9cvwlBkloMHPeSto1Ui8UCCt+Qr+Nno89NrSBRbevFrif8xnwt0NdBknztGJrYzgptPKTebHGt2Y/Tfi6N2vf1LV0azTims3Xxfe1pvRaZZXtbH+u3AK6/DAbYQBuUGWxDLMsEDbND7TA7PIosc/1dq1YVbxmW6R8mObIjbASZdmWOnDn33LlXzLWZ511w5ZxzLrf051HFnyOj/5+h8uK0VJRHtsjGHZKpt8POYc8sytgd7ZgNq7DKw9khi63vDLi5rkxMQB9eeTp0rZ3SOVPvtk0pWwwT0KdXzhOdWXo5dIeuZbWZZGxAz6tcFhk38+nTK7NZlqQ3ml1qUZRZaA13hUwE43qzYzOL7NOLQiYDY/daVJZZbHOODJmyyuvNDlhUDjP81JApx8cdYVEFTNwQMhUw8RCLKmEG7g+ZShgbblG7TK3dOzRk2sHEXS1qD7P9xJBpD+N6WtQBZu1lIdOh8gazPaq61k64LWQ6lqqutWH3h8whikbVlTCN20OmE4xq6wiTfBwynWGS6+RTZz/uFTJdYORzCEx2ZMh0pTb3M9VWZ7nJIVNVqK0TzOhpIdNN0Qakebp/I2S6iyFPZ5iZF4dMDzEj1NE6GzY/ZHrCqKNiJt8eMr0KjGqb8WDI9C7U1gUmtzZk+uDjmNOuMFduDpm+AfPob0OmX8C8837I9C8wqqD/FyEzoFBBFTumHNVBZiA+1knroN7mdQ6ZQfRa66AbzPjeITMYxr1rUfdMvZs8OGSGKNox6k696/1PKz4Lo+70INp9E0JmqBjWDhW4ipqQGUYeVRDB1B8fMofioz3XkWgzTw+Z4TBaVWUwa88KmcMKPajM+LOjqD4cBy2CTmxsd1LIHCFmgBqwyOb9S8iMoDA1oCfM754PmSPxiSmsF5s0nhgyI2GcH+ZiO6s+ZEYRTcPsDbN0e8iMxseIVsXmmdU5ZI4S08miPjBdjg6ZMWL6qQG1dvuZITO20IAKmMvmhMw4fGIWTgTz+sqQGQ/jqKAvTGVzyEyAsXJtnlq7c1fIHC2GzdOLZTigImQmwqgHPWHe7hcyx8DE5OkBc/VRIXOsGHz6weSmhcxxMG6ZFkGdjZ8VMpNg0kVQZ3+6JmQmF3pQDvPygpD5Ej6OPBUw994ZMlNg1B0dIC89HDLVMFo7/WHO3hQyNTDx97UR6uz6V0ImJ4aNUAWzYk/ITIXRnIq55IuQiQtMLzbC0A4h82UYVd2H5V7bI2SmwWgdaIucPyhk/gVG3RkAs3lkyExXd25X3+rdyWNC5ngxB9IKnp4QMicQTRXgY4fVhMyJBR8dOnd/OWROwkfj4Ziw9l8Nma/AqDsDybPi6yFzMozy9MTnk3+a7a/CaO3omHj6wpA5BcbBqIKll4fMqTCqQFV/el3InFaommNC7xBF9elyYKp7+GMiZGbAxBTWK7PIrjk5ZP4VxsGUwTTuC5mZhSR6ylcNDJmv4aPFFsHsmRMyX4fRYDrBxE0h828wOqj09J1TETLfEEPVeso/flTIfLNw6GjLt54eMmfgozyDYHZfFTLfgknWpNEa14XMmYVoOnROejFkvl0YaS+Y4e+FzFlES7tTZ6+0C5mzCz59YLZWhcwsfLSoB8PcNDxkvgPjGKme5f0nh8xsGB1Hivb+qSFzjhiiDYJ59JyQORcmHWmdVc0Pme8WRqpN+tdbQuZ7+GhJKc/2NSFznhjyaKS3bAiZ8wsjHQJzfWvIXEAeB6ND5/MXQuZCRWOkOqjq3g2Zi2C0duTT8mnIXAwjnwxb5L7KkLlEDO+o2tjjeoXMHBjNjw6QlUNC5lIYHSD42L7RIXMZjHzYVu5rx4XM3MJIq9hWvHsX1fNwUNPKta2OCpl/h1Godhleq6tD5nIYnRFZmMaXQub7YsaqsMU2MQ6ZK2AUTdtqxoqQuVIMy70zzANvhcxVMFo4WrqX9w+Zq2EUTc9lmx4y18BoPH6LXBQyP2BCtXC04TbeHDLX4qMK9Ir89vqQuQ4mbXStzdwdMtfDqAItqX3tQ+aGQqO1Rd7oFjI3yodFIJ+5h4fM/IKPFvXZY0PGRThpQAp3zLSQWiBK8bTcnv1GSC0UZVB6BTjtkpBaJEqVa8n3ciG1OKJFjjJU4P7bQqo2Cip8866QqlNAVaiH8BM/C6l6UcWn8G+3htQST3VNd9HeV0PqJk+xjSKo4R+G1A9FaaqGsL7PikLq5mLxQ6FO7hhSSz3V2dp36BBF6Sd/6S8AluGPBKPLev5+wKB1U/d/MnTS0xOfHTvp80+P+8pfLi63ioZKWBuTmR+5KFoQ2UK+ifn05fs1srrI6iNbEtlNkTVE9iBfrNsis8phVxti6FS+ZvmG3dU+APFPcxlzE3MHAVfG7KEaZBEcO7VAFYF7AWO5l4CnfIoS4NrM35nMtuFpVmb2LMBVm9uC/F5NmcX3A7LNfEV7icUgD8x+Q9ZOWNiZgDXckr1zqcJdjNVe5FIpjuPHAzlL7vAyY8nmAMRPYiLg8vx4DLM3pXiQH39GeZOXZebO8cAsxuItKQajeAkLJOUyokXk2wIjkLyMaTOK96X4G+AzFKNxKZ+K79kE6TDV4qVeYtHkgTkC2j/ksg/Fu/zYj2xSdIB9pvEKzCDgfyGtmm57oInY5oFF5q4FLZPxCg/M/SfyKSmeAvyR+jTgPsQViBcB3L0eYNLDAy/t0ILCPqS745CtCnIqQFGvTaVfO6PwaqeJBdiPagi4MQCeSt4LgKeS4ayCIvCUVQeAC3A3qYsgpUgBIOvXuLNWNNxJ1CKId+cAMiwCLgAxuFJAjIx3LwFdDRmCJmVoFzN4AetMmA+IsEiDfwHAAkzoFxLFtz0wNww5k7F4MKOVHEtJVgQ+h+tPJAEbQv/3Ed99kwlm5o1wSBLu8MCMhIlWnq+AqZV0S3L0CkBtFln8ClFuwkYgfgKbX3LnpViPYg/3rdx7ULhTPEiL25qjFIA7BMZOQaMliykSBb4AcwSzPSgUXR2UJJ29og7Zsbgot4Bbh8UqBqnc9juGvR/TQ3OWjRiSo0MakrvNS4b0Kw8seZ+ge3FxlYxxKy5IV6/qAIwxZdxkzD8jw8cUQ0/M5pFyJ/JX1Vg8DqD/druX5D/WA7N3qKMWF1VoXVEiXR3RBajd2CkdqcDnAbgx2Ezk3ienWYBFOCqs2hJv8MDPhe1HkbwBGEdpSKKlivhx4jyHQp1wj/FjLzcDR6KY5YE/IeOdUnQkBhMnSR32mlobr0CpkbhJHvgda9eQ0r7ECCpRSs7PMRJAvIRAAq4R5i5M26RgFpIPUTALidF0dyaAprtlXjKgzR6YexO5D5fkH5jv4AcyXkZ0AbsCYId4QNTOgOHUy5TYH6jInQ+gK/5w9W1a64HFm5CPSNEG0Gn9e9w6Eiz+O4oWMS8DGF5hvMZ0LMNGjbLvemBWw/2KFH2o6xl+dOFuIIrbEQB3PyZuOybP8qMJ5lUpHuYHQQpRzUVGissA5+OnFV0CXADOBK4UpNsUqgTsbozdBQWQ7ChQs7UdBZLVBFwKtYuziQuvlzAWKCT155XtQfknzGJWxUEgMzshBKKsofogiJVF7iUAlY4qaeXHxzVU03lqSscjA8DFAdcjAPSSinfgJU2ytgD8OJ+D8sBr7ik2BeADOorzoJDUvqwC8ih3y3FkALgAWpJFkDrKuAR25+xVvQUkq3D4gnlLtnvgz9zkdRRWQcFPoUSaHlYC7oYCY+MxPQD7J9aU2wM4l/WoVbexmkW2AcDi8k32m+oYD8zeo6xrcbFpbJ12KJG2QNEB7keKDkgU8E0UXdkyNjZnDSOmWnwHR9sYFPFGco+nGJZmcgwK5Y2/RLnI7DQN8W8ewADcBEwZb3IkCvcqkXkN0nqdPQhTowGun5jvkKYnIzsWiw4o/LY7AGvcL6qyk1F8QSBcJOnerSDtFL1cANJxbpYC5/gRFMhkYY4JBPjueXA4t0z/qFbMAixkltSshSiSX3hgyVbkbileAxxBIKTTwSmQPMyPrcinUTi5kL9QkD0UUd1sHq5+xgW4WJY7oYsg1oJxc4qAdy2mmVBnAFhgbgLSTxUFW3aK2RymSs7WWI0sgvtrANOgfiLbJsA67rcJ0E7RyqlSHe1IcXeRx3qSsFgUwDaVU6rvc6WaDkj282MPt5Zh/Ab2GiYPxrhJireJ9nMUH2GhBZNEjM6hQLrpRcV2CngHy0lUlWwBsPqS5V5SlSpCYX+mVFnYbMCvuZE+hgfzsWpEKgtPH4t/Tsrx3KrDIgCF2TZmSpXa7fhTlGQ6FoFB1EIPbJQUU3GZxDpd7iWFbfLA4t8XLRi+d5HkKcxz6SXQCYQXSBZwP43tHSgc5wefBxYTDYnzbA94LCG9hXq9EH+kj+FBeywmc2/TuGcBeHAkxECSpdED/4rqLZTWOhAHSQwqkq07TMVe5IHZiZgMQuEOS7eQZFYdEHD7uHGM36QAuxCwg0EQA4kFewTAeztSFjqH5CLpYwiYgjahHIgifhgL0iqG5HP+8c2cx6vxFzCG6V93f8gA7HmA5vpWL0k5ygNtPrM6WVzGPFWhPB/FHTnWKCDRm4KA60ZAlrNpyG4EOZkwp9yawXibBxxsDF0Wu1jWu7pTDHXwrGWrCaxW4+IXsdUzUqChIyPQuuyLU8z2dQzFh1UUYxMCzB1HF2ThH8W48LVl9gZhPVhJMA8mcE/i/gvD0TuHptAP2M/peg/SOd2Lwv2G6HRBdSS3EEyAyuytDGWqCMzx+6kH6VNgkxS/BhxgH7yA+Uj8/DIdSRHJ32E+JecHyAdk+jogS/c0xHnVlPkIgK776H4axnnAaHC7ERc2orkOKJHJYkUH8GxPGXsM5k4YPy9tMPtRDM6pvwT7OiPhtSomOpKCmj2w5FUsPpWLKtQ2U8nriO4HsQ5Go0qex6wJhTayewiwF8VyL/E9wwP/0LMXUbiOuDyFUvKHBBOwhQVGp7s31dmtbw010RFMco1OZrsaq3byIwiHIGPdUwDuRux+0kLSU7A5s5WdgfOZrZjwrm/fEhiBZmYRtBOoA3RoxeldD/hKzzHVRPG1bG3xC8mmt2B6CiCZAhhXnWa0XcyoB1eTsV3O2nyJ1Oq/Em0L4L0aQvXBczL3EMzuy1HqEbmCo5Z4EXin2eyAg2BIK8Z/k2cR+KeH9l8JiOLdoQCaAXIvVKF6xuImVcLiLYHknRwRXRFcl9MfL2jD97Hh7Ck4pR/LbEwu/PIoS+AC/GxUCETpZZQrBenQoA6CVRjL/SDwFClKQNdP1cn4w0LQJAmBnjLxfYCJeC/0ksLpLSB9d79QipmAW1CchmwlmcBsn6MqdxC4Zmxdd+xcIZpD4cOj8PmW4CwQy0c1lYCu8yjUdhaUWcovAS5yQHGlIP5ljl6PLGroEFcKvJeoErDuGHsvnvV/UD98A7UDk9UesFmfo8ZGRvEuilUo4i9QLOAH0o4uKOwZdv87yOksxvhXAK5klZek4E2ZKwXkAihPCazTCSzkbs6lKhYG47/LAwI+5oG5zcjtKPQyqWe8pBtLDR6chUIWP0BhGwA3c98NUYwKMKdjNNlPVqUX4CLXlgC4mXK4rgg+KVavlS/ghkDNVpaXKUrr+T+Qy6SYAViDAmmadw/eQiHLT6Q4lKcG7dbcx8USAFRl3QjbJBtA8hOcRqNYLcWJgOXc5IqX59IqS4CPHsIQD4DtaR6oLzrpUSjaCyiRhLe1/tviCX48A+vBy5g+hHxbCrqecKC6BV7iP9OD9Nh8C4WrwvxFLJC2JUdjtBG2wAjE76F9k+XwDxRaZQ0c9QqGxGKdB+aeJ+jnWBjm7n1ckIkKEnDrUbxGlvulaOPHStgm5M1SfAC4iluyb1GxmtQ7kO1ZH44s1pcHGmmRKHTgoLA8lVZhYeMAD3BLZjWG9lhkFUxgP9pRyI2YutMAjulTMIdCawpg8aPIdShcM4DXEC9VkIA7npLXovgWingN4FKUi71kCY0OgLtHYIkHTMATON7LjXTP5GyFVqyqif9vNuausaxWGTX0DYA3ElUCutJCXXHDsWlZoiwoAOkf8+B/ZRsv8V8mJ1H1QpkB7FnM+ExI9kgxgCBaZiwTJDNyqwfmGth+lVQsYDEg2RGA2RXYxrtS2+QTL3lv5EEJMMsiFT57FD/I5+W1BYXLEAgL/hhHAfxJwUY06/1GEgVBAT6LNfKM90B/DPWVlICbgi3FytZd6SXV9/dAXSuEZ8A+H9JuyNEXAK1QU3pPFcJGYEPO4s7IPApXTpF7UbDdkChe9cCX4nYTRcBWKD6M/8zFFEkL8AX4P6ew1LEgug2FRZKOxK4Lv9QMD4Zwj+Xeha07HYBzXOcl87zSg3TEK2vSocf+9LqTUlQSpkh8Z3ig9aEvYxSK/gQKyWtzdi6p9Y5l3Vppw4XV1N5CnKvQjGnR2ysHSDWMwGuksv74lUDPGmwFzmj2S9FcC4o8tn9oKYa1mzLKsZMCtNb14C0BLiJBcaXgf/4EpoVvMK5JrDiB2Uey2tjk2SwKTaT1QbHCSyy+54HZFJxl4brhi4uXk4hvZ3vAcACJNug85EgUbkHOdvEFo2BIoj/oQfrtLgt7kmNaLkhiUCwFAexz34pRmK3OoWW2AEzoakCeuxmzj1AY9toycXvSaA8lwzywhqORH2LhphN+O3mPR3E7wewEzBfDCLjJOf5nCYu/1mB6LOBilssIZFKNoj+A7xPX3kuiv043pGhCXoiLP3Q+o+VU6C5RdGouAS7APcWpAdB/AFQJaEgM9RlUviiA/h6e/A73fWRIWJR6BfY16JMsq6JQzB6O/AhFMoZxjMMFmf49HGCPExALuoWiHxbEiYmBJMufyYJCfyeKd0pBWq12SeqwX/v+UzAXdQJ8wcmt0O3U5mc98H9fcQcIELNIk90okfEzBYVbh+Jj7vtQ2PsAVoK9iNTz1e3Bt5YfB5AXochWUPdJrESk61dU3MvxQLk2mKG63wC43BovM74yXRRLL52edAJ2Rw3gPg/IvMkD/5VnCYrkNcAHxEW6gSTy4FJK4XxA4ksQQCEuc8Tz5TYPGBn7CJDKp4uKP3KvJKxekuRTAjLVx4e7DvwIyuTJnHoH+LAA4h9BLYFiTTMYjaulCG6gkJOhzIqaB6qRAl8teHHwpHGsIpeCQi6ft3QiqJgS4AEJ2BkAT2WZtRLwVFxVANaFWcm2EvwjSioCLihScKUAd1vhX/JvRTuNdntwG/ej3HqRsecAee6IAHkUbpAH/k00tZgCuA2FpI8hsJ2RyyJbXXBpbEpjNDZhoaBSKIssfFq5SE7j/m8=(/figma)--><span style=\"white-space: pre-wrap;\">Наш проект помог более 8000 студентам обучиться различным профессиям, и сейчас они работают и являются хорошими специалистами в своих сферах.</span></p>',NULL,'rich_text_box',19,'О нас баннер'),(31,'o-nas-banner.about_banner_author_name','Имя автор','Садыкова Д. Р.',NULL,'text',20,'О нас баннер'),(32,'o-nas-banner.about_banner_author_company','Автор подзаголовок','Основатель “W.H.I.T.E.”',NULL,'text',21,'О нас баннер'),(33,'o-nas-banner.about_banner_author_foto','Фото автора','settings/September2020/AbYBrSxqIFczxbXGnije.png',NULL,'image',22,'О нас баннер'),(34,'glavnaya-banner.main_banner_title','Заголовок','Уникальное торговое предложение',NULL,'text',23,'Главная баннер'),(35,'glavnaya-banner.main_banner_text','Текст','Одним из основных вызовов нашего времени в образовании является несоответствие технологий обучения запросам экономики и общества.',NULL,'text_area',24,'Главная баннер'),(36,'glavnaya-banner.video','Видео','[{\"download_link\":\"settings\\/September2020\\/UAYq4VGtFzCIUkbi12E7.mp4\",\"original_name\":\"file_example_MP4_480_1_5MG.mp4\"}]',NULL,'file',25,'Главная баннер'),(38,'glavnaya-banner.bg_video','Видео Фон','[{\"download_link\":\"settings\\/September2020\\/e2eUMyLDk2pDdRjHgzIe.png\",\"original_name\":\"preview.png\"}]',NULL,'file',26,'Главная баннер'),(39,'site.favion','Logo','settings/September2020/a3FfYfnpNyFtEUYIa3vO.png',NULL,'image',27,'Site'),(40,'site.count_students','Количество студентов в курсе','72',NULL,'text',28,'Site'),(41,'stranicy-kz.about_page','О проекте','<p>&laquo;Мамандықтар академиясы&raquo; - бұл Қазақстанның жаңа буынының білім деңгейін көтеруге бағытталған жоба. Мұнда әр студент практикада, практикада және таңдалған салада біліктілікте қолданылатын білімді ала алады.</p>',NULL,'rich_text_box',29,'Страницы KZ'),(42,'stranicy-kz.student_page','Для студентов','<p>&laquo;Мамандықтар академиясы&raquo; - бұл Қазақстанның жаңа буынының білім деңгейін көтеруге бағытталған жоба.</p>',NULL,'rich_text_box',30,'Страницы KZ'),(43,'stranicy-kz.partner_page','Для партнеров','<p>&laquo;Мамандықтар академиясы&raquo; - бұл Қазақстанның жаңа буынының білім деңгейін көтеруге бағытталған жоба.</p>',NULL,'rich_text_box',31,'Страницы KZ'),(44,'stranicy-kz.contacts_page','Контакты','<p><span style=\"color: #222222; font-family: Menlo, monospace; font-size: 11px; white-space: pre-wrap;\">Байланыс құралдары</span></p>',NULL,'rich_text_box',32,'Страницы KZ'),(45,'o-nas-banner-kz.about_banner_title','Заголовок','Мақсаттарыңа бізбен бірге жет!',NULL,'text',33,'О нас баннер KZ'),(46,'o-nas-banner-kz.about_banner_text1','Текст баннер','<p><!--(figmeta)eyJmaWxlS2V5IjoiV3J1UTJxQVFRZjNhQnpXdUNSZlJFVyIsInBhc3RlSUQiOi0xLCJkYXRhVHlwZSI6InNjZW5lIn0K(/figmeta)--><!--(figma)ZmlnLWtpd2kCAAAAPx4AALV7+Z8jyVVnREqqo6unp+fwiTHGGGMMmJ6e8czYGOOsVKqUVZIyJzOl6h6M5SwpqyqnVZJQqqq7xsYYr/diuTFm1yxe42XBGNbc5xpzLLvsYczlNcvCgjHmPj58+Av4fiPyUleb35jPZyree/HyxYsX7714EaF+SzdO0+goDs/nsRD37bpObxiEph8K/Ndzm/bQapu9HTsAKvuB7VdwQ3HbvSbgWuDs9MwOoHoQ3uzYABoKGAY2Za0pXiV5GOw53tC3O67JL9d7bui0bg6DttvvNId9b8c3m/x+IwOHTbdHfDPHfbvl20EbpEuBZffsIchee/hU3/ZvgrhVJfq21yHxsnknSaHyDcCCBGmORpg6SL5tNoduT7EJhez7TsgRZW82jr3jKI3BZqErtKkxmLruQIFyP5mOk+mRfzohT8/tPW37LjqE21T9lKBt+wA6bZBE07X6XbtHq0jL7A3MAJCx47t9D0Ct5Ztd8tW3Xbdjm72h69m+GTpuD8TGwLZC1we0RluiXe84SuyG3ek4XkBw0wcTFkmtwiXf3ul3TH/ouZ2bO0rIFobqNe0mjFPyXQ7tG1TpvqDjWCRcCW52t12u6P1OD4P1FPXq9iSejruYlRAPeWYQDMM2xO1wNeAvflf5gGya/p7NsYxuvxM6eg1qVBWabPd9dtUtt+MWWKPj7LRD9c1aAFsrSE0OXzTd5o4NfEN/kqObWAW/Y1L2pcBthUMlA9hW2/SbBXa56bRatm/rGdxn37A6/UDb80q7T9r9gRn2CyNfVaMAeKDT7zo9N3BCDvGgFyXTpV7M9cDtOFxgATdrOlhNjEZVQZEFia2yB1YXIEkwN1cDtFpBA1PXVVFUd7qmmlkDHrbrAFhzThCdwSiaxNroCC/fDi1l75bD6cmW01GDhI5ayZp9eBiPMkXrTq+HoA3aZtPdR6do+q5XorLlwj+wgL3mcLvTp17GtmntrZJqYXxnaakwWHN9Z8fRkS76HlwTrey4+wqACqHWIYAjdIaW6dG56yU2bLm+pUKnQaHNeDRbRMtkNsU3eYBgZCwrzAlYYrrOnl06mdE7PTmIF/1pskzxjW9yGsJzbtidAICERgh/2sWwZtN0uagsGhYTdMF+pa7smswHBsbITFoLLFNNoN6CxOZQf9HIEMW9FiwXs1uxOUmOpvigECYQJY5KXNLthxloaGYrmkNKPj9MRa22DJ7qmz5Jhun77r5yIU6iplH7qb7TQc7xlbXrWtTuLOGwXWQoNeq2PbDZLXOpxvZsNomjqTuPc8vW+z3t2dARnwUIe8Ay6G+Hvqlg44ZyeLXQambt2SJ5djZdRhN83rFbZKoYDk6gQsvY7QfI3o5a0fLrQbxYJvBZ0lwPXZVPt90wdLuAjO7sNI2t00U6W2BxmnbLRK5Ah7B8N4CLOj5gad+06bNYV2AGNh81lGdiKsgdFnwDeN1T+aKBxnI6gNYGCIHZopssFpRe+BbiT62vVADCEWnC7u2EXHyjGaXHOsoMC8kUJFG6hlSRqD2p7vV2QBK7ns1WBgM2htdsoanZd+azxfJu76tZLkwApXMXEzlh32mq8WVOaNu5eTvR+ex0ubNIxlpIXTtkxZylgob2z1r5jRctl/Fiii5wOZ7yLSQslbikWqzT5cyP0+RZiC5MpNRRlin0kAUEhz6fxEGcTQoG9wM3SwehbXJdpQWf0CuMfRq7cs9i+qyFdtdzfVPt0XBmLQZWWsaFiS5kVYAyz4kYOhrd0utTKNtGPnoaZlMaSGwHoQPzAtbcyhvBfsFs2laayZqdQolFxtv4jLyFpWtmP+Qmj1ng893TdJkcngP9jF96pmUPEai6yKipzwJldUOlFhBRVATO0/YwdIdZWodppnBiRLC2TpE/4Pm2D5sPWZ8Bl31fzXgbiRttzeq4qg6oO5xWVBFx2e0N4dmKTZgtiBmGTtdGvgIuuy4KvKGag6Fh3VHDV21utYDrugO7B9kaGlOFyxq4PEyCToaaTqm60fRNRsYm+vbsm/lnl4AOXF1mbIWLaJompY4vQB5FtREOkZuQUbM9WTSdAN4xsAHKFqpAtAZKFZSDLd/tIohViqpVSHmOqldoOhs1KpQiHa15/aCtaZmw9ZKSy9ooSVrUZkkoJF1idahpmaStkpJLulyStKT7SkIh6YpWFMsAplzY/SvEXN7VFaoW+cAKrZD6oBopo2ZCH6rScpkPV4la5HOqpELicxGijjVkH7DnYbtHmW/2ELmqjn6+HaUokvX6buAcYPW3HQsdgoJyRKLUqqAGd0NdKeEL+nbRVSffCqWhv12hrek8VODrwWgxm0yayUJHFeRkbvqPZBFMUUW8/hYhuWRAxWOE8DJGv33DQ6bUEWxBAvdThcmdPlKZNFIcMjAY4HUhJzNsigpEcTLBxiTrC7Ep5BH+GAf4U4vwp673Lnx8B5g8xx/DBwncJeE2/tSO8aeuJAXL2RwfjAiLUMj5TMcUGIxutFwkd4RcO7l2Dbg8ufYIGuPk2nU0tZNHSKyfPEJi4+QREte8aIGs7EzHMb4zjk6TsfArQrfyMgydZ9HkNMY38lSVZM8XRgtW6kUnsZC1w+gkmZyDX6ZM+AAMCFmmo0UyXwKrkXcQLZIIn5yexItk1EqOThcwLVJ8dpoQ8ARHbbjS7TTVqRKwGmb102AejeBnK996qB1crGe2ScnQ3M4K8HsIaHFxOcGqBJTnODcpGLstPEytb/VrK5qn8K/yEwSAKsklmmGOGJ6N8piq10AYFhirM8tUGbsBEia7A3CtIt/L7V5VC9Ub/qKIwxYMQOkTKCNjcQouBz6tvF+iHlQZthVHS2XgP5EeKnJ0Ceu6p1gyLQzLC0ivURu0SkG0jexsuxY4PRY6667f7KHdMFs++zebPZUNLvX6Xaq0hQOYifYythxO6b6mbq+0dXs/iny2V01T1X0PWLp90LdU+1Cg8Yf9gToiPoeBifa5wb46/T/PCvbZPh+LQ/oLLKtLvV8Y6G36s9pOQPqLuLGi/WzX71G/F9MoaD8HGwyX8iXNUJ0dPrfVMTmPl3Z3fO6QnxfA19C+bA/bLdrPb6E0Qvvytm6/oK3HfUWo8S98Srev9HT7RSyO0X5xp7VN/EtcT7Wv8kPVfqmnv7/m7fVop0c6SB9or6Olno/6YYf4Y2iJv9rc9gdoHze3B8SfQEu9nxxoOa8ZQCG0r93u7HN9vgwt+V6Hlnxfbu61OY/XW7uq6P8Kq6UC4Q2Wp3DT6vvk28ZeS9xCcmPbbGn5dgsHP7QttNfR7qB9FG0bw3I8By3l77b1fDDaDvXptN1d+g3KI1XZ9Bzs5GjdXe+JJ9F6u96TlPPUrveaa2j9Xe/aY2iDzm6X34Ud1yJ/H9sK12XQtZs8G++jpR43untd0m/2OqqyebrX3wvRfiXKEer1RrQB2q8awOBo3+QFIelDtKS/2d/ziUe+12Z74Pe3ue6joOuRfxxqPeKwpwrcQywT1+9ogFsDtMcD3Z8M9LyfGewpf7k18EMf7QTtdbQnQYDMK8QULfEZ2kfRztE+hvar0b4a7QLt42hTtE+gXaKlnU7RvgbtWRAgZwtxGy3l3UFLeedoKe9ZtJT3FrSU91a0lPc1aCnvbWgp72vRUt7bZRBcp8Cvk9ZAafgOAhT5zwhQ5jsJUOg/J0Cp/4IAxf5LApT7rwhQ8L8mQMlfD0Cp+m8IUPI3EKDkbyRAyd9EgJK/mQAlfwsBSv5WApT8bQQo+dsJUPK7ACidv4MAJb+bACV/JwFK/rcEKPnfEaDk9xCg5O8iQMn/ngAlfzcBSn4vgEcp+T8QoOT3EaDk7yFAye8nQMn/kQAlfy8BSv5PBCj5+whQ8vcToOQPAHiMkn+AACV/kAAl/yABSv4hApT8nwlQ8ocIUPIPE6DkHyFAyT9KgJJ/DMCrKfnHCVDyTxCg5J8kQMk/RYCSf5oAJf8MAUr+WQKU/HMEKPm/EKDkDwN4nJJ/ngAlf4QAJf8CAUr+RQKU/EsEKPmXCVDyfyVAyb9CgJL/GwFK/u8AnqDkXyVAyf+DACX/TwKU/L8IUPL/JkDJHyVAyb9GgJI/RoCSf50AJf8GgCcp+TcJUPJvEaDk3yZAyR8nQMn/hwAlf4IAJf8OAUr+vwQo+XcJUPL/A6BS1O8RoOTfJ0DJ/58AJf8BAUr+QwKU/EkClPxHBCj5UwQo+Y8JUPKn5d23BiitltiuxTUh8xLLYE3ZjeZzFjnSOFzMTliWLWf4a2xPZgdCyoPzZZyKmtTXFcKo4fr6mPiUFRnqr3G0jBTvOqqvZIITosWi0Rw/g3OskBtLjo1yLj2OxrPbKUDjODk6xuH4GOUdCsZxvIySCaB6DJVT1hIoHM9weI5x3QB4bRmfqMsn3bV+lhzgjDcivKHuUPWw2cuDMC790w45QmG0iDC3TbF5sKDMKUYGdkkpI4wHlJ2vCDmiIVA9GzMWkkvW2bWzJE0OUFRJUUeTXX1fFo0UBXcqnpZrkD1ND2eLE/FGsZ4oo98RGwoIj1EkT6k56vZoChpODg57QLiqCSjrUHViadbFA8Crd71XxaXFDOcMsECTrZQdAC4fKvNZVDZbtWfFfXPOpaV6xFvFlfhk9kxiQYqH+0IYcV3ezwKxC0M24QDCaNyKzwUc5hDUTjKN2zEtA/EGKc3kKIbcGip4YLqsnIo6kX3N2ECxihskLWxrdByxdI4XKVxMFpj60GlyeCMl7J7FC1xMxWEEYyIFyNpE3Vapy5ABTIxL5gm0SbG9yMbR5Hx+nGJfkWvj4qI4xa4i1/VnAwwIEmy3QdWK2b1dys3DaDI5wD1LCx2pOJCXjrHKCwi/tT27gwHeKeVWu0ISRv0AF0HjVNzAWWYxwUTyg0/tOOdDXdfAy0ympTDW4Y26NB8IeTsZL3kiM9h3E0CNQGHYOjEzHeFgBWz9MFmkSyu3FKbQgHdV8bUdTl8Ya6PZyUkExbKoLY9hA6GtCq0QzIeYqLIjhrooPBqfZQGx1ixsKQxjgYMlpixlKcnQ509lSaN2ppBevLw9W9zKVZjC36MJBhurEXNFLi4vMxauITENSWOmwpcyOD85mE0y8alCMC4SmYZzISkFGDhVMrgCOn8Ls0GAwrC52DwZGoZaKDkHDRUFroYwdyinBPrxYYzjLCZvbB4mk3gPng8vTVWnGtnAkHSkdoRciVMpVfUgKhOfogCR9TyzNiYJksvinDqEs+D0gKfZA7CRIJaS6zWfTbHMeqD10+nhhDexU/BUJW4kaT/visfIMJtaayv/vhulWL3MUKOcqqXK+enBJEmPIYzjUttwFsbRSafUjoMYdw+SPQ/Bd1Xae1BU0t7hYRovsZq1RTROTpkj62X+a6Ap8t9aOl/E0Rgc6yEToHJIZ3o4w1IoubtCjk8zL0NIeMhkM3Y047NklF+j5/cvLNDVPb60cGRSh0hD0XAlw6M78Jr+0M8TIg+5+mPL2h+qTVneNQgimghqPCx25qbQGlN0xrBjcpggNLDa+ErLfC+SPL0PycXLYiykALw7QhN1zBa4BsvvzCThoscglt+c1XBvhHnknPUMLZgbGSHnX+uavb46nKxnCmwjdR0tmJCc8hYXoxSz5iUvnq31fS5v5LInJ3lBgJ5D8SUOX05zmL9xXmQ35/MYiUPFi3FQkJWU74MpS5KVO04vwl6sbKi4sLDmAGd/db0hcCmYPdLKYF9dOBhs+WMAxZC9lwTYyuHMqTA20tPDQ1xYwcnVjqhkvkrgcquojRailp4dMTJ63DuxbkBRG9E5PwRXBeaeLplwuUmhH0EJM2IncKe4j5JiHRyt2WIUB+pVDZF2KwV5I9NlsJMJE4bTGvZsO7viMzv75s0AgOyoDYivLMgqS2p4XciIPzIwkE6KoKlNT08ChBtMkwpsHVmIoXpJNTWgYyIpH50iQhcZtj7KLLsxZ+DiCecxsbmDpIQlqWWDyEJUsU15SAJYs9tJ+ZuEDYHwXtk+8OaBTB1SY15ZaZ/InpBxv+W7e6QY2c8BajaeztXtQB23AbhIA9TInpDWdLpS8io5Vm8FWZaCc1USa56WyQCTY2ZcQswpJSX7BM+B5Y0XvilTdnYLux0fw99gH8jDU2FHXd5gCnhIGe63bYRE2+k0h24LT23sxoUa7tX1ryqkuRgVY0Z4pZwemdMjGArlJ7JbBTUSPL8s/DwR1gK1XXRQBODb00UCfeQ4SeeT6Fz54BZKa40ql4O23uT0KJlmo80VArvhM13P44Nbelqe6vPjSXQ6HR3f44MTFKwIBIAIArWaAGv8bQn2+Ck6jL9R2yucQLVhdISVfvX8GIWKWBOGAjTx8TlWIL/afZOoVVDN8MSSrnFJqNypSU9OIzXBBltNek3p4msZqDteizvuW2qjWdeQJn9ZWVJvZKDueB2+LHaVzQLRnV8+QppZArikAE18fcogGaAgRqtJX4G0UBThlwtEd75hDOdDaMDbsBXJ+yqoZjAj9QzKyUHtKyWmu7fLhGdPWdhwcvdfIGpm6wSZBP1X2WpSM1Y5xVpNQA9cpGp2m186qavTFzgfXCFoplY5vKutCcM+dIGomXdQ7lVd+eEqrlnaleLxOTmsuxx4SHS0iObHdBKsxqZ47l0kzbhbUPN7+E3xvLtpmnWPsecwvlRdB8bnr1I0W+ckwSp1EjRgeQGaDNPd3VTl7uxAsileWMU1S2+JWAyxe97C2GD5rCquWdzj4qcOWAyIUBvMC8WL7kXXn3jAMJCJA+pUvEh8dgXVDE9pihXNxYvFiwtEd/oaVz/keIn4nBLT3QFVVLLahQLiZeIl9yDrD8KiZ5D/7OLl4nMvEDVzn3QL2UA8LF6aw7prQLRyNniu+LxVimbbP7j79yUvFS+7m6ZZb5xlY5cGhGE//yJVs99Epp94xFPxNvnyEtPdT4MZltIkMHxBFdcsX8kIyQ5cbxavKDHd/UZ6dg+BjYPvF+aw7voqNVVm3ndI8coc0X1vilXFnOJCUX5RBuueIbLvGFuZ+pUJPEq8UnzxXSTN+GYd7UFe4/yQlF+yStJ8EUc2VQJKEYHicfGqVYpmO8AuM9PVR4rrQPmlFVxzjPSxjZPAnau4VqK6f6x2XOwu6+KRDNQdcZlErKwIuX4XSTMecn124tlJvFyc475RPlolaJ4jvUQ5kVyPrZI03zGiP/tpx+tEUiC68xmFZ/kDMXyrimuWiSJ50ZgbOFhOqrhmmXJfRNpXx8NZjui+ear2dloHl8/iq0tU9y8OeUPTRRpuJqlK9kjL6QWiZl4u9ELNWshaUuBCqkA1w5le+G1oqI2afw/u20pxC1SkOhW+4g3ijiLu4qKHPzPZFueprqKUlmXh9S4pnk1STfX04ZBiIfUtgIoPqifQt47x6nmW93DCPHN/TZV9oAs47P5vY8RkL5IWqpDZtMOinxPEGF+70gv17yxPI5RLJcfb1V1TxoI5jxYxUwXOqlWur6tyteELiCLkiirLO6os7gJrjJQn8VZRIQcT7PLx+Ol4MUPXO6tdveytV78zj/GicbEz8y5xiHuoi70tbCBUXRzj8aPSjRSfimdwX1WhFZXsBM8idDtM4cek/HqJzJcdm1nHIRJ9vJLMcRZVJ9gA2+Gy6PiGsqN0GxWLCM9vlEiAKGaiCYsIzPab5OxMXaFgb9aLqIR8c3bj0Yxhejy/Y2Ss6rdI3gChiMSmO5t34kOsXlkdIJa+dYXBZza9i+PbSo7t2XI5O7mHlG+/m+degt5VMpU9CWsMvF1jMoyn77ibJ8TWs8ryblqLIYYZpvBFZJwIOwHj6zul9m34r75MQfzCdsrz3y2R4MGarYq6zHiPxONRSQuxALjZeE+F1CwvOb5LxlHxO5cOrh1gZxxXyh+c9PCmNFJKByez2ZJ3N/jsfTKZHsOteHs7CXQuxnK9NycHKmGWHe/PO0LEWEn+/pxsq/RSdnyg6FBbV9nxA3kH942S/MGcXNGnxV+YUA30/6xM0qILNv1u4Lozp3yPTAkpO/yUxCOZQlf97hfkaX4tBTNUk9L3ygn2RNgoi8E3400NX8KSrj7xDnANAQfP0tIPZksacIzKcv6cxC5b6SoT5c9IvK4l6WqO/JCMld1oVDPFBQAB0H8YnMHsEGUQtMpEgfwjIPdm0/58jC07E/GjmZpwOfjHSHGjV3gI+FFJw26AKfy4xBUHHPE4mYyhVjM5Q2rgddRPVJzLQ8KLF2d4E6BcDPGTFDTFKqJTmbcFA5ck/hBwS/w0/V9ni+wi7H0Sk06VkOLw/GEJE6nMAbXwbQh20cbLXzl8mJzEKCvgox+ucnYjIPhfRdTPSyB5TyUYPiLHMTasqcJxesGCoUjBB79YuUDStRtquV+S9/S57YITfvfLMsrO7h+ReFiEtVa3ro6qgQaZYzTw5DjFTLFtAFWT+6DE6+PsTCmSp2XV8X6JbS/r4Cl8CcE5A5bqV/O+Uh2nnDOefvFyeYHDLG/RPiDxoqm2hEy3LTxsLuFefSxuZ0Xrdbx06oM/Z4Qpy4/iee8IyW7sTt2wpX+7k4q5/LWCfni40vGxygIGx7PTyTg4wV5iqtcmuumvy5T1hK4uXo/XUoWWp4qsbMIa/qbugnKqXi87fkt37KsHj6b4bY3qUhv4x5U5kFTUvY2PN9a5jjWsLu8RPpHjKt/8Dhw4y8Zk38K7a5Ja16Hp7+Z88XiQGWgLb7DaQFyo4rrkV6T8PYiB+nDLRXA6ZyhnWYqZyeR2ycTL+uH3tbpZlYV45KSaeMEtBKSZhM8g4A9k8SAEU+Ch91Z8Hi6SoyME8G9I8UnoHzDyd+AJc/D/URmQFcdJ4TbyU/Jshgi1zzB77xjPlLTPH8NbcDXZ/wwJ8tNaf2+BFV2cF/r/yQpZLa+DZ9EUFeOf6q5sxpWu14s/y7qYh7JPoTZ/XfjnuidbdV+t7ab4ixWq3stB/ktJV2e1xrJ6O8YEkHyQMjFRvPn8lf5KjaKGD+LJIUrbv85qkg5MmSI1yL8pL/ErpsJNvr7cimknRI8wdEcqPopHpiRVQ6l8VC++txWvsZaUckKQkeNkhbSSzHDnV3RUclltdX3r91iyRhl0ZdZcK3QxlUhh6LspxVYUd5V4DcGK+sIoKVUtVqqLeslTDljR4p6hz1vwbKtQYlq8ac4pevPYYOhO7pkHNy/m00vlgBf2qi2tbwtByn5cvV3OjNjUu5Jo7Nk3t13T52Wy6Pf2eu4+Lm/5K1rc2qp3Enlj272BVw4bsOEFj6GpBftOaLWHnvotYn2vXBqD96l888ZNu4RVFTUb62NY3DaU1kFrGPqBVxXkWAJjkMS3GfBwtFE0PYtSFh+oVJHI8Tgq5Bx79QQzPAMfpmYovBlz6rx5q+mPdrS0uvqHLRSl/23LK4TU/UpoZzZSJoRBjQoZAaGXgU/RN+6WaE2S0S2Bx7wxtgg8AMNP+b22dbFE0phi9uDP9npsDbpeMkJtDOwWenWFrM00lI0gj2fLdD5bZqiR3o7mGVy7+2OVcY3GTGMZ1z8mYJ6HgVOGV9ZXzz7bxo34HPclS2eM84towNYp4gv7OxMpFuwAcRbgyBjzShzDZaOnSMYS08u9sCy2hdFy/f3MuXwbj1ABvUjiENOJz7Ca+PpA5SQcJjDC2gzhogb7JB65pvHtAjEu6NikjjVA+WxAwVyStK05nWkvvn3XFDCpcaHcpxCLqwp4vKKHd/M3kg4expTa5rbra1BabrfrhBoxVj/di88PeRfBRwMl5U8xAdj8CArwWGUskSDSZXQyB5K9oWT7CT45WJ1Vblgeqe7A2YxU8ReuhMcKPbYufeEHOGkvc6NqhcSnIeciOYAdcM77c1hUC82USLF7yFpVybrycBRHZaw0+sguWo4wHlz5VX2WwnQGn9IQeBwZZafjOnLfUaxzW4Phq8L847D/iYrST+ChIs1jDzvVxuwAA51BLbEuN8cxs0dPy7yE1cOCqlhMUaXILT2NPP5S1CYSGX41WlLUG/I+DLWAtlviirJLzpP5C5zn/hW6d4+Iwee+uLrMWXLxTUYjguCBObByYVLsrfLBAAqjDMH9+1OnMS7g+DiHHQGz62WZAgdn1HBYZxK0fdNuvIwgIxKGPMCjIeqoeMI6kx4Ae3dhfNhUGA9TQ/ijrC6HARUUUJuWElFfyzptkON/K2VDyRZnci1FQRBNMiuvRyMUEqmoi42UB4EgVte06NnM8ZDDPiku5biFug0Lo8ivFVtzWJJba0NcVmCm+YA/kgKKoo4hA4FX9MBedD6ZRWMQ7k9X7JVA0b+T8mplIoVp/h5POIeQNEBJiKljvg8q6U7q0cDRZHLuni7TZBzb09EEHoKdUAWpFA8pRg8mRLLzxcP/ABEVAADFmmmYFdW1hledHpgRoWVS4CiCiICoiKjNoeJ1ipqIGBNiEkQjMeFqMIpx1t3d0IDABUVFBrWd4qyNgiLdtKWiOF083TjihMZEomhEb5xwuO+365zD9sf9c/+knqdcX61vTXvvtXdVH4yijJVZeVlklrHyqOLwab8976wpf5xulVH7y82sg3Wz7maReTvb3cozFeNPPWNKdr8dFp0luLzYKZJDD+H9L3v+ueeKtxTnE+iNig92U6iIUF0qTjzvtOl/mH7mFIK1s0K4TrPN7TnTbF0ad140+0Ef+opo8pNdrKsvqMp2qTOLe1ov61MD11cGu9pu1i/T3wZYlkL3sIE2yAZHkWUuWbpkSfGWYZn+w2Aj28uGkGlzZu8J006bNn2aTZhyxnlnnnqOpY/Di49Do/yVrdfmH86vbL227ZYsoDHfzL22dW6+mVvEXBErsGribgbmV7W61joe1uZX5lflH2y9Ngv0AAf+m22twXft8LZl+cbWWpnnm/Rf+LVpHsLpMZtvaVvWOre1trUu6w1nEqgF45b8g/nVrQtAjdgRy1fROj+/BkomzfnV4MYsYFV+bZZMLW2LKLy5aFrTtoK0fiRUU1uMg0trzcYl+UfwXtVak5UgC1E0IgojdhOGj6qeRuqcC9uoWRiRtfLiAlaUR1Znm4dkZtl+K+myuow93o51y1ZY5XB6aoadfV5mtn08oExMQA+vnAI908bsg+uy78pmwAT0lMpraEibmVm9LDPTknvKZmbcCQF/TVR5Y2TcrL0vQLlpF9JeZslhFkWZWksWhUxUeYnZNro8U2eNvUImg4+VW1QGM3JNyJSJOVDRZtgdY0OmvBCtHGbh6SFTgU882qIKmOueDJlK+WxXBTPs6I9Cph0+qqCSwR4+IGTaw7ieFrWDefqYkOkAk1yc+gypD5mOMPJpD3PPipDpBBPvZVEHmFffDpnOMG6+8tTb111DpguM8nSAuWtYyHSFkU8GZvWxIbMTjMZTBtN+csh0E8OMKtqwC0JmZxhFK4c5ZHHIdIdJZ7TeLrk/ZHoUZrQjzO8fCZkqfDguWLl6m/FCyOwiH1auE0zutZDpKZ8hqc+kT0KmV8FHs9P765DpjY9mp4I2fq9TyPSRz3bVNss2dQuZvviots4wW3YNmV1h4p0s6gJTNzhkdhMzwKKuMA37hUy/ykvNvaeqZ1mfQ0Omvyqg6vYwn48LmQGKRh+UwdQcGzJZGK2Palv0i5DZHUa17QQz4rSQ2UMV3JtWcPXUkBlYqECz86dpIbOnmO1pbWdMD5lBykNtquDTy0NmsJhCBfOvCJm9ggo+uypkhigPFWRg8otDZm+iqUcV7cubQmZoEG3SXSGzTyGaxnPo/SEzTAzj6ZbxZ15RPVxJOqvda82OD5kRMGr39pk6++TGkNkXRhOwM8fE+GEhM1KF9bWoO8zsiSGzHz42QofBDNvyUMjsD6PDoAdbfmJlyBxANNuqiZ5pd+wdMqPw0UR3gan6WcgcKIY27AQz3YXMaBhtHkVbeV/IHARTjJZ9LWTGiCGaNlxlWcgcrOlkotvDJJ1D5hD5MDvyeXlgyBxa8NEBsnB4yFTLZ7SWrd7ajgiZsfJh2XSAtPxgfXL4aJMqz6YpITNOPuTpAnP1tJCJ8SmOp2N9yPyo4KMK1i0ImcPEbLeoCqZxScj8B9FsT612vbnGkDlcDKutQ7T30yFzBIy6qgfM4PdD5sjCaneFWfp1yBwFowNETf1UZcgcXaitB0xzp5D5MT6Kpk26sCpkjqECrfYuMPsMCJlj8XFE05bv9YN+O04+rGkVzM2jQuYnMJqDTjDvjguZn4qh3+RzzrEhc7wYfLSxN/08ZMargnst6gkTnxIyJ+DjqKAXzHNTQ2YCjPVJK3jyvJA5UQwVVMKcVBMyP4PRntMxPnpeyJwEow7pAPOnxSHzcxitnGbny7+EzC9gYmqTT90DITMRRj7lMB0fD5lfwqQdzypsCJmTC2vaG2b3jSHzK/n0sKgPzHtvhsyvYVxVOtcXbQmZ38BorlX1u5+FzCQYVS2fs74PmVNg5NMuM9tNrQiZyTB6mfaEeblzyJwK44jWh4/J5d1D5jQx1FaJT6Z3yPxWTE/NwWw7t1/InF6Yg3YZ/wVaVE/BQek767B+PWR+B6Om1mE9cnHInCGGwvS198leIfP7QhId1g3Hh8wf8NH2rYKx+0Jmqhimpi9HZUN5yPxnoXX1tTdmMHeJORMfDVNfiM0nhMxZMBqPvgN3mx8yf4RR1foOPLopZKbBpC01007/KmTOhklbqt7+pypk/lQYaTeYzf1D5hx89PrbFSZ/QMicC+P4Y1GH6KajQmY6jLZIJcz4SSFzHoxGqpdC9+kh82eYdDz1NmRuyJwPo/GottF3hcwFMKrNH5WPhsyFzLUON1XQtS1kLsJHFajq/PshczGMqlYFR34XMpfAqAJtkbu6hsylMKpaB8iBfUPmMhjl0fbtOShkLi/N9SzrPDRkXISTBrQb1IxRIVUjKuliUT+obuNCqlaUowjt+mXHhFSdp9haOuTjk0JqhihtCJXx+ikhNVOUylDtJ04NqfqoULxy/XhaSM2SVzHXxxeG1GxRyqUTeM6MkJojSkdwO6g+C0PqClFqfgXcdkNIzRWlgPqW/sOdITUvYun1LtSn37sPhNR8X7x/hc+yRx8Oqf/y1HZ9RcyyVc0htUC59BmhY/CJ9SG10FN7puMq2xhSV3qKcenIX/RWSF0lSu3UH6rvxyG1yFMspSq87auQurpYYQ9OPP6mLur5M7rY6rXmRoTUtT4aPdiRM2/8ESG1WJQG1QFq5OchdZ0oldeJs238+SG1RJQGpW/U/MaQWipKuco4dc7cJaSWidIfJDqqVv6gjOWilGsAVL4upK7XuFwXTcVM23JdSN1QmIr2HTpEUfojUOk3Icvws9Gwsqo3d+23Yty2L3Yf89iop/Yd892XB/34s6nlVtFQCWsjMpdHLopqIqvltw9+4uBnisjqI5sV2ezI5kTWENlt/C7xbGRWmf1Cv2Nky8dZvMe4jLn9cjuAeyWXsfhBD8os3pqz5OWcZSuxXYMi23OcJdejQLpfFhT28ViiIs8ZW2bJhzkzO9RspaRlzG6GLYHR5FHmEiAzxSi1NZLag+vHAho9oIYXPTDbgvwHCvuG6vryIHkyNQjYPCrFguKo4SWY+7kfgChFJeBjGrgbyoMvaDlRiyBuR0GiSkAX0zV/rGX3GUcWQDKSyu8Yaw2jpFg31twYFF97iaI3KaUYnCtYjKIguSDTGAA3CAUWye5S4GL9URADiYKgAJ8ltSCtd0ESw+7jR0xLHibOOo1U4BWKvhP5rhRLifwRDzVe4j/BAzNNwTsoXDfMX8QCaU/kGP0EUj4BIxD/He3b5P4GhWahoQMrTTAkFis8MPccQb/DwjB3H+CCTFSQgJ/218lyixR5Hq6GbULOleJDwJ+5JXsXFctIvQHZngV2ZLHezT4tEsUgD8xaqbQbFjYScCu3ZFZjaI9FVsEEtqHdB7kaU/dTgGMOFcyhsOUeWHwPcgUK1wx4FwtJFSTgjqDk+1CoyeObAGehnOEl7TEsAO56gdkesAAP43gDN9Kty1leLWd1VLR4LHU+Afi7kvYiwsHcAzC7WQH2yqWtZ9G4HcA7Te4eggEtGH8uzyLwLfw+gUtAlK2uLoBmgNwLVaiefXGTKtkYgOSvOSK6Irg4V1jBc7EZxJ066RwhglGK8iWtaEvgDBz91JeAKO0vrhSkY4PaAZZgLPcdwFOkKAFdkcVV9N4BLai+ZtqKwJYwAFElAIX149oq9iwGZgzjKYCrNvcE8nSWgMGZZZu1kJJY9PPAbCPldsbCTgbcxC3ZU1MBcFOx+gg5T4qDeLiVGbvGS6p/PADxI5gIOI1pJWZvS3EbDx+jnOMlvXCqB2YxFn6L9kfxEhZIymWUrByAfIDkFUybUXwgxeeAb1HQiHE5W9T9hiBs0Xiel1g0eWCOgKZdbZ+geI+HbcgmRQfYtxqvwHgCalKtmh7wQAv3rAfG6XkRaL6MF3lg7i/INVKsAdB9fsC9iCsQ1wHcDR5g0sMDL21gQWH/ZHZHIlsU5CcARb2oINVsSQsP/2JtJ3dhYGqJeGgAuHiX9AhAso6syQa8pPH7WEDNZs9AeeA1erEUgQ/ojqREgUJS/vmIJko7EGUryhIoNXkJiFKTc6XAhxK1A5SavAQ8RYoS0LUoo8RyWCG7ZR7QPc+wao3MMCtIBNr4exQ1PCDtgIJCrxF2sdnhzGn8NIArWeIlKRgsVwrSpMpTAitypN68r68jYw29A+CNRJWArrRQNzeXBuCUYGWWekB6Gh9gjnaw51EkeUBE1Ui3LxV78GsUsrgQha0CzOVeDlGMCrBN2tJ+HN9jljzvgcUf4vsGCqtg7degRJo6T8BdWmD0Coy3w+orwm0FnMYskZujkjKVk90fX+klFgd6oPPa7CJc7DAG0Q4l0moUHeAWKzogUUDenG4nbTrOyoYhzNI1vPlHoIhXk3s/illHqQeiUN74EMpFZg9jLhOOcgAMwO2P6RZM90bhNhF5dxRNOZvcD1NjAlwfMaeQhvPORmPRAYV1AWyHNe4XVdkxKL4nEC6SzN5C0GtQOikA6TgflwLn+G4UyKQ2x14A+NnzYDC3TN/XVEwC1NI8mqxaFMmDHliyHrlFitcBexEIyXszVSR38bAe+RgKJxfyFwqyO7XVJ9P9vrUEuOijNugiiLeorDOL4FSoOoWaCGCvuv2Rfqko2LJ8hZ7JUsnZGquRRXAL/ak1s9tl2wRYwf0uAdopWjlVakY7UtxS8lgVCYtFAex17c14ESa+UcZ4oJkxu0ARDyFSJUrJyxUAEM8mtIBrhFmKaV6KV5mzf6IYSC5jBfmiTY/r+V7SOWwKgLm3kZ/gknyD+QYekPF8ogvYdIB18oCoXQB7MoqDkX+jIvc7gN4d13hJ1Ps8sPhR5N1S5AF68b2JW0eCxV+hWCtG7xuGVxiv8Q6Yj43/uPytB2ZjudVT1ou61vHQlbuBKG5DANwtmLjnMXmKhyaYTVLcxQNBClGtQZOblDHTvm0AGo72OAWT4gUAZSQ3eIniVx6Y2wM5gZX1YHwL8zGP8RQB6wbVl0gC/rtLs+l+QTlMrxEOSUIKBfjP0kSvZ1/Bszwg3ewc8w2gNqMFXiPKHGwE4oexeZK7VYoHUGzlXsi9FYU7zoO0uPU5SgG4TjB2HBqWIsEUiQJfgDmC2VYUiq4TUJJ0dpN2ip3PQzsFWgPjx7S1ANxl2N++lkjHYXNyS/q5cHILJkuYkV8KDEEzoQjaCdQDOrTg9J4HfALl+NAhina+rV9r7iDk4WsxPQ6QHAoYWZ1mtM2FCS5UZT+iQiYi3ac2NABcAPV/EXhHb1wCHH3vqA3cAhw0J/EdHqSn+6NS/DdgO84vkHCoYm/3gPX6CuZL4n+IvFWmbwCyY/UFZXZ2NSO8G6COWeAlIxzpgdlbuF2Gi43BvANKZDJD0QFuHtEFbCXMtTBtUuRhtqHoT90RDeR+Rg/QQDHRkRTU7IElm7D4Ui6q8E1ulay3ux/EChiNKnkOsyYUeqO5OwEfoVjgJb4TPfAvM3sRBZvVz4qXVxBMwGoLjF87mepMVq9rEh3BJPc1WrgOt1m42dXVO4C7FyCqBKDsvggH90e0v0OrjiwBLsBy5qYI/GKKKgHe5lR3RgFon3lqsraTgL5xmGM+KzhiufB6CWOBQlLSZ7uxC/Xln2xDVQT0NV9+UCUAZSdir01h/8gxiCtDoKB2ZAhEWUP1DhCrJrmXAJS9pra00Sy+9r0AC6e0FrdK8SpTsI3KBvI2993wK+aOxXdXekk3PO2BJR8QWSvq9NPJelyQTgsgEOvsE9ARnnxLhn+xgJxHdDAp25BPV2PxEECNe5WX5B/tgdlfqWMmLqrQdkKJdPVEF6B2YyU7UoHPA3AjsBnF/YmcJgHqcFRYv/1WeeDPQf68ppK3AOwaSaKlivgh4jyDQjPhVvJAo2rgSBSTPDA3CkvtHKW1h1EgqcN/aeuvzuTuHKv6CEpNvN6OHsSLoWZDuU/x8+u2tgguJcoxUMZ3Dxfg1mqkwLEFL8sXl7Qil4JCLtP/9WNtBWU2fcWngAt7KK4UxE/mcBxa1NDnXCnwXqJKwLpj7L1oaKfGSbb5B0YF4GJUTwTATZADZaXgi2J0/QUv4PTWmszU2Sus5rl43oicL8V4wE0okNZcUNg7KGT5hRQD6UjqMBeUAKAq25mwTbIBJLfjNAzFMimOAizgJle8IJdWWQLsB8IQD4DtTz3QJ72OXBSK9gJKJOHtM80AJ5O6gNWf4AH/6oTVmyisIw8buJFuNZHtaEpfLQbgAzFa+5sUm5jur1H0z+n4QHE8QdhUio6kHWlFgP94iZXOvgSsxwVJwxIdgHnK2BhuardP6e14E2AqGR5FJtWUeitAm4roSFyGemD2BgWNwUUV8reNl+xYondkEAcrukAl93Bc1sv0BEAtpgrmP51v9MDsQeRbKOKnAP0o9xncziKYOyoAiT88dYgsJzz9aPFj0A8gX0GhaO4jAhBe0v3bz+w5qkCfV24adpq6EuACLC1WAEgpawqAfl7zVBHEPnFrLgBbRBGwBFJjJS2BaTm7SqW4NhI3NqFdEgL/nXhSCDy1geJKYN5YhnUklAB/NaYV2IeFmhxzznoDWB6vSb4oANcAJS+fvQQam+xZ7Qr+SrDNxb4FmHsVR319qs0ThUO6K3JsPIGaAuPGwH5AIL0d4tcB51BLgtTbIb4NQJsm9cgf/JD6MoOZiAu/D/jyvZxKdA+uAugrBIDJswB9waxCvoQiuQnwMbmpGUnUPTzAEt+N+FoNRXwqprIwGkwlOQDrsZtB5vhGD9KP3ZdR2JOAqpzF5HMTFaVrCI4lnID+FtCLx17AR2eIghSi2hzNpbURRHOuE7wEuIgExZWC+P99lLNeb1GSfvMXmLw3b3P2ajaLItY09UKxyEssTveAfxPBWRZuZ3xx8XIM8e03HjA+QKKfVM5GDkXBOtvmQWkwJNFv88Ds/oKFPcIfTHJBEoNiKQjgv33+j3H7PbJPALgAjJsrBYwynbYS0LVI28cWYncYk+/Bldz3cK+Q4hlAK3dEyFYUrp8H/nWSWjAH3kXSxxB4vjq1yFYXXNgVPkZjExYKKoWyyMKnlYvkYdz/Cw==(/figma)--><span style=\"white-space: pre-wrap;\">Біздің заманымыздың білім беруіндегі негізгі сын-қатерлерінің бірі оқыту технологияларының экономика мен қоғамның сұраныстарына сәйкес келмеуі болып табылады. </span></p>',NULL,'rich_text_box',34,'О нас баннер KZ'),(47,'o-nas-banner-kz.about_banner_author_name','Имя автор','Садыкова Д. Р.',NULL,'text',35,'О нас баннер KZ'),(48,'o-nas-banner-kz.about_banner_author_company','Автор подзаголовок','Основатель “W.H.I.T.E.”',NULL,'text',36,'О нас баннер KZ'),(49,'glavnaya-banner-kz.main_banner_title','Заголовок','Бірегей сату ұсынысы',NULL,'text',37,'Главная баннер KZ'),(50,'glavnaya-banner-kz.main_banner_text','Текст','Біздің заманымыздың білім беруіндегі негізгі сын-қатерлерінің бірі оқыту технологияларының экономика мен қоғамның сұраныстарына сәйкес келмеуі болып табылады.',NULL,'text_area',38,'Главная баннер KZ'),(51,'site.logo_kz','Логотип kz','settings/September2020/w9g97CKwrIMN6dOCzLic.png',NULL,'image',39,'Site'),(52,'site.logo2_kz','Логотип 2 kz','settings/September2020/XStQh4jiISTC5PE7iFCY.png',NULL,'image',40,'Site'),(53,'site.send_email_student','Почта которая поступает заявка от студента','zbulanbek@gmail.com',NULL,'text',41,'Site'),(54,'site.site.send_email_partner','Почта которая поступает заявка от партнера','zbulanbek@gmail.com',NULL,'text',42,'Site'),(55,'stranicy.partner_page_text','Партнеров текст','<p><strong><span style=\"color: #333333; font-family: Nunito, sans-serif; font-size: 18px;\">Информация о программе стажировки для Наших будущих партнёров: </span></strong></p>\r\n<p><span style=\"color: #333333; font-family: Nunito, sans-serif; font-size: 18px;\">Студенты и выпускники средних профессиональных учебных заведений проходят курсы по выбранному направлению и получают новую профессию в Нашей Академии. </span></p>\r\n<p><span style=\"color: #333333; font-family: Nunito, sans-serif; font-size: 18px;\">После регистрации каждый студент получает доступ на платформу, где начинает обучение. По окончании курса студент проходит итоговую аттестацию и получает сертификат об успешном прохождении курсов. </span></p>\r\n<p><span style=\"color: #333333; font-family: Nunito, sans-serif; font-size: 18px;\">Мы передаём Вам учебную и аттестационную статистику студента. Далее Вы сами решаете принимать данного кандидата на стажировку или нет. </span></p>\r\n<p><span style=\"color: #333333; font-family: Nunito, sans-serif; font-size: 18px;\">В случае положительного решения Вы предоставляете студенту условия испытательного срока и объем работы.</span></p>\r\n<p><strong><span style=\"color: #333333; font-family: Nunito, sans-serif; font-size: 18px;\"> В итоге: </span></strong></p>\r\n<p><span style=\"color: #333333; font-family: Nunito, sans-serif; font-size: 18px;\">Студент получает знания, новую профессию и опыт работы в топовой компании. А Вы получаете квалифицированных сотрудников и вносите свой вклад в формирование конкурентноспособной и образованной молодёжи Казахстана</span></p>',NULL,'rich_text_box',43,'Страницы'),(56,'stranicy-kz.partner_page_text_kz','Партнеров текст','<p><strong>Біздің болашақ серіктестеріміз үшін тағылымдама бағдарламасы туралы ақпарат:</strong></p>\r\n<p>Орта кәсіптік оқу орындарының студенттері мен түлектері таңдалған бағыт бойынша курстардан өтіп, біздің Академияда жаңа мамандық алады.</p>\r\n<p>Тіркеуден кейін әр студент оқуды бастайтын платформаға қол жеткізе алады. Курс аяқталғаннан кейін студент қорытынды аттестаттаудан өтіп, курсты ойдағыдай аяқтағаны туралы сертификат алады.</p>\r\n<p>Біз сізге студенттің оқу және сертификаттау статистикасын ұсынамыз. Содан кейін сіз бұл кандидатты тағылымдамаға қабылдау-алмауды шешесіз.</p>\r\n<p>Оң шешім қабылдаған жағдайда сіз студентке сынақ мерзімі мен жұмыс көлемін ұсынасыз.</p>\r\n<p><strong>Сайып келгенде:</strong></p>\r\n<p>Студент білімді, жаңа кәсіпті және жетекші компанияда жұмыс тәжірибесін алады. Сіз білікті қызметкерлер алып, Қазақстанда бәсекеге қабілетті және білімді жастардың қалыптасуына өз үлесіңізді қосасыз</p>',NULL,'rich_text_box',44,'Страницы KZ'),(57,'site.address','Адрес','г. Алматы, пр. Абая, д.1, 3 этаж',NULL,'text',45,'Site'),(58,'site.phones','Телефоны','<p>+7 (777) 123-45-67</p>\r\n<p>+7 (777) 765-43-21 (Call center)</p>\r\n<p>+7 (777) 723-00-67 (По учебным вопросам)</p>',NULL,'rich_text_box',46,'Site'),(59,'site.email','Email','academy-prof@info.kz',NULL,'text',47,'Site'),(60,'site.phones_kz','Телефоны kz','<p>+7 (777) 123-45-67</p>\r\n<p>+7 (777) 765-43-21 (Call center)</p>\r\n<p>+7 (777) 723-00-67 (Білім беру сұрақтары үшін)</p>',NULL,'rich_text_box',48,'Site'),(61,'site.address_kz','Адрес kz','қ. Алматы, пр. Абая, д.1, 3 этаж',NULL,'text',49,'Site'),(62,'site.map','Карта','<iframe src=\"https://www.google.com/maps/embed?pb=!1m18!1m12!1m3!1d1764.6092231927048!2d76.9342877437994!3d43.24245630713528!2m3!1f0!2f0!3f0!3m2!1i1024!2i768!4f13.1!3m3!1m2!1s0x38836ec4e8c0e843%3A0xb63e29fe72863f58!2z0YPQu9C40YbQsCDQkNC80LDQvdCz0LXQu9GM0LTRiyA5Miwg0JDQu9C80LDRgtGLIDA1MDAwMA!5e0!3m2!1sru!2skz!4v1607871257625!5m2!1sru!2skz\" width=\"600\" height=\"300\" frameborder=\"0\" style=\"border:0;\" allowfullscreen=\"\" aria-hidden=\"false\" tabindex=\"0\"></iframe>',NULL,'text_area',50,'Site'),(63,'site.send_email_partner','Почта которая поступает заявка от партнера','zbulanbek@gmail.com',NULL,'text',51,'Site');
/*!40000 ALTER TABLE `settings` ENABLE KEYS */;
UNLOCK TABLES;

--
-- Table structure for table `speakers`
--

DROP TABLE IF EXISTS `speakers`;
/*!40101 SET @saved_cs_client     = @@character_set_client */;
/*!50503 SET character_set_client = utf8mb4 */;
CREATE TABLE `speakers` (
  `id` int unsigned NOT NULL AUTO_INCREMENT,
  `first_name` varchar(255) CHARACTER SET utf8mb4 COLLATE utf8mb4_unicode_ci DEFAULT NULL,
  `last_name` varchar(255) CHARACTER SET utf8mb4 COLLATE utf8mb4_unicode_ci DEFAULT NULL,
  `position` varchar(255) CHARACTER SET utf8mb4 COLLATE utf8mb4_unicode_ci DEFAULT NULL,
  `img` text CHARACTER SET utf8mb4 COLLATE utf8mb4_unicode_ci,
  `description` text CHARACTER SET utf8mb4 COLLATE utf8mb4_unicode_ci,
  `created_at` timestamp NULL DEFAULT NULL,
  `updated_at` timestamp NULL DEFAULT NULL,
  PRIMARY KEY (`id`)
) ENGINE=InnoDB AUTO_INCREMENT=17 DEFAULT CHARSET=utf8mb4 COLLATE=utf8mb4_unicode_ci;
/*!40101 SET character_set_client = @saved_cs_client */;

--
-- Dumping data for table `speakers`
--

LOCK TABLES `speakers` WRITE;
/*!40000 ALTER TABLE `speakers` DISABLE KEYS */;
INSERT INTO `speakers` VALUES (1,'Есен','Бисембаев','Менеджер по продажам','speakers/December2020/Tth9dCKo2JwJ1Ri2tGIa.jpg','<p class=\"text\">Спикер курса: <br />&ldquo;Менеджер по продажам&rdquo;</p>\n<ul class=\"text\">\n<li>Эксперт по построению отдела продаж</li>\n<li>5 лет в продажах</li>\n<li>Прособеседовал 1000 кандидатов, обучил 400 продажников</li>\n<li>Заработал для компаний 5 млрд тг</li>\n</ul>\n<p class=\"text\">Построил отделы продаж компаниям: <br />World Class в Москве, Business Expert, Rams, Qubid, New A-forum 2019, Hasta la Visa, Металлсервис Казахстан</p>','2020-11-26 13:12:00','2020-12-22 11:19:15'),(2,'Диана','Кулакеева','SMM','speakers/December2020/H7oORNaaziKB7vLPS9sZ.jpg','<p class=\"text\">Спикер курса: <br />&ldquo;<strong>SMM</strong>&rdquo;</p>\n<ul class=\"text\">\n<li>Эксперт в области маркетинга</li>\n<li>В этой сфере она работает уже 11 лет</li>\n<li>Последние 3 года занималась Digital Marketing</li>\n<li>Заработал для компаний 5 млрд тг</li>\n</ul>\n<p class=\"text\">Является директором маркетингового агентства &laquo;Qamaladdin Media&raquo;(маркетинговое агентство которая на рынке уже более 3-х лет и сотрудничает с 200 блогерами)</p>\n<p class=\"text\">Основополижитель проекта &laquo;Charity wish tree&raquo; (крупно-масштабный благотворительный проект основанный в 2014 году, целью которого является предоставить детям из неблагополучный семей&nbsp; возможности для саморазвития )</p>','2020-11-26 13:24:00','2020-12-22 11:23:48'),(3,'Дана','Садыкова','Нулевой блок',NULL,'<p class=\"text\">Спикер курса: <br />&ldquo;<strong>Нулевой блок</strong>&rdquo;</p>\n<ul class=\"text\">\n<li>Эксперт в сфере прямых продаж, digital marketing-а, ораторского искусства и коммуникаций с людьми</li>\n<li>В 14 лет начала свою карьеру с позиции менеджер по продажам</li>\n<li>В 17 лет вошла в историю как самый молодой директор в сфере образования в Казахстане </li>\n<li>В 18 лет стала Генеральным директором свойственной компании - &laquo;White Development&raquo;</li>\n</ul>','2020-11-26 18:25:12','2020-11-26 18:25:12'),(4,'Александр','Ким','Управление проектами, Интернет-маркетинг и Контент-менеджер','speakers/November2020/hMtizUNxL9RlpjoFoF5Y.png','<p class=\"text\">Спикер курса: <br />&ldquo;<strong>Управление проектами</strong>&rdquo;,&ldquo;<strong>Интернет-маркетинг</strong>&rdquo;,&ldquo;<strong>Контент-менеджер</strong>&rdquo;</p>\n<ul class=\"text\">\n<li>Построил 2 лучшие команды по маркетингу в Казахстане</li>\n<li>Работал 10 лет в маркетинге&nbsp; и из них 7 лет в управлений</li>\n</ul>\n<p class=\"text\">Работал с такими компаниями как: <br />AstanaBank-лидогенерация и управление проектами, TenderFirst (Личный бренд: Нурлан Байдильда)-Управление маркетингом и генерация оборота до 150 млн./мес.+рынок России, New A-Forum 2019-маркетинг и продвижение &ndash; больше 500 участников</p>','2020-11-26 20:06:00','2020-11-26 20:07:15'),(5,'Диана','Тажимова','Маркетолог полного цикла','speakers/November2020/z1jeiVsMTQGAWPSQfyQN.png','<p class=\"text\">Спикер курса: <br />&ldquo;<strong>Менеджер по продажам</strong>&rdquo;</p>\n<ul class=\"text\">\n<li>Детальный специалист по упаковке бизнеса</li>\n<li>Упаковала более 60 сайтов, лендингов и коммерчесих предложений</li>\n<li>Создала 600+ рекламных креативов</li>\n<li>Сгенерила 100 000 лидов</li>\n</ul>\n<p class=\"text\">Упаковала сайты: <br />Tender First, Smart School, WinWin, Альфа-банк</p>','2020-11-26 20:11:10','2020-11-26 20:11:10'),(6,'Данат','Сундугаев','Контент-менеджер','speakers/November2020/AjylZ6IOG17OWwV7C6op.png','<p class=\"text\">Спикер курса: <br />&ldquo;<strong>Контент-менеджер</strong>&rdquo;</p>\n<ul class=\"text\">\n<li>Основатель учебного центра &laquo;ENLAB&raquo;</li>\n<li>Обучил английскому более 640 человек</li>\n<li>Сгенерироваль для компаний более 730 000 000 тенге</li>\n<li>4 года опыты работы в Digital-маркетинге</li>\n</ul>','2020-11-26 20:13:44','2020-11-26 20:13:44'),(7,'Магжан','Тлеуханов','Контент-менеджер','speakers/November2020/JpzAR2Zpw2a3CWHSMRE1.png','<p class=\"text\">Спикер курса: <br />&ldquo;<strong>Контент-менеджер</strong>&rdquo;</p>\n<ul class=\"text\">\n<li>7 лет опыта работы в маркетинге</li>\n<li>Более 1.5 млн долларов реализовано на маркетинговые активности Tender First, AlmaU, Halyk Group, KitoLogistics</li>\n<li>Сооснователь проекта &laquo;Поток&raquo;</li>\n<li>Директор отдела Маркетинга &laquo;Tender First&raquo;</li>\n</ul>','2020-11-26 20:16:30','2020-11-26 20:16:30'),(8,'Тамирис','Кушалиева','Контент-менеджер','speakers/November2020/8Abxf3YekmzKUfky25Yz.png','<p class=\"text\">Спикер курса: <br />&ldquo;<strong>Контент-менеджер</strong>&rdquo;</p>\n<ul class=\"text\">\n<li>Предприниматель &ndash;маркетолог</li>\n<li>Сооснователь маркетингового агентства &laquo;Синтез&raquo;</li>\n<li>Участник проекта &laquo;Stanford GSB 2020&raquo;</li>\n<li>Заработал для компаний 5 млрд тг</li>\n</ul>\n<p class=\"text\">Кейсы:</p>\n<ul class=\"text\">\n<li>Марат Оспанов</li>\n<li>Максим Сарсенов</li>\n<li>CV:\n<ul class=\"text\">\n<li>Резюме рассмотрели в Google Singapore на позицию Business Intern</li>\n<li>Выделили стипендии на обучение в вузах США и Сингапура на сумму свыше $20 000</li>\n</ul>\n</li>\n<li>Ларион Лян\n<ul class=\"text\">\n<li>100 000 подписчиков</li>\n<li>Проовели более 50 выступлений</li>\n<li>Вошел в список 100 новых лиц Казахстана</li>\n<li>Выступил с докладом перед&nbsp; первым президентом РК</li>\n</ul>\n</li>\n<li>Серик Байгиреев\n<ul class=\"text\">\n<li>Выпустили книгу &laquo;Исповедь предпринимателя&raquo; 412 страниц за 3 месяца</li>\n</ul>\n</li>\n<li>Business FM\n<ul class=\"text\">\n<li>Организация October Fest 2019</li>\n<li>Организация Young Enterpreneurs Business Forum </li>\n</ul>\n</li>\n</ul>','2020-11-26 20:19:00','2020-11-30 04:54:31'),(9,'Мейржан','Рыскелді','Основы программирования','speakers/November2020/g6eshH8GTL6NqaTfL2AS.png','<p class=\"text\">Спикер курса: <br />&ldquo;<strong>Основы программирования</strong>&rdquo;</p>\n<ul class=\"text\">\n<li>Более 7 лет работает в сфере программирования</li>\n<li>Генеральный директор компаний &laquo;NIDGE&raquo; (компания по разработке программного обеспечения)</li>\n</ul>','2020-11-26 20:21:39','2020-11-26 20:21:39'),(10,'Назерке','Елубаева','Мобилография','speakers/November2020/QeSkRbRQkEP7HAAmyJ09.png','<p class=\"text\">Спикер курса: <br />&ldquo;<strong>Мобилография</strong>&rdquo;</p>\n<ul class=\"text\">\n<li>Главный проектный менеджер&nbsp; Qamalladin Media</li>\n<li>Специалист по личному бренду/Мобилограф</li>\n<li>Спикер курсов &laquo;Мобилография&raquo;, &laquo;Личный бренд&raquo;, &laquo;SMM&raquo;</li>\n<li>Спродюсировала 200+ видео для соц.сетей</li>\n<li>Обучила 100+ людей мобильной съемке</li>\n<li>Помогла разитию личного бренда блогеров (более 1 000 000 просмотров)</li>\n<li>Управляла 35+ коммерческими проектами разных компаний (МСБ и крупные бренды)</li>\n</ul>','2020-11-26 20:23:00','2020-11-26 20:24:15'),(11,'Таукехан',NULL,'Таргетолог',NULL,'<p class=\"text\">Спикер курса: <br />&ldquo;<strong>Таргетолог</strong>&rdquo;</p>\n<ul class=\"text\">\n<li>Более 3-х лет занимается таргетингом</li>\n</ul>\n<p class=\"text\">Запускал рекламу для таких сфер как: <br />Инфобизнес, Образовательные центры, Медициские центры, Туризм, Общественное питание</p>','2020-11-26 20:26:31','2020-11-26 20:26:31'),(12,'Куат',NULL,'Маркетолог, фрилансер',NULL,'<p class=\"text\">Спикер курса: <br />&ldquo;<strong>Маркетолог</strong>&rdquo;,&ldquo;<strong>Фрилансер</strong>&rdquo;</p>\n<ul class=\"text\">\n<li>Более 3-х лет в маркетинге</li>\n<li>Маркетолог в развивающейся сети клиник &laquo;Banu&raquo;</li>\n</ul>\n<p class=\"text\">Занимался такими проектами как: <br />Бизнес форум с Черняком, Бизнес форум&nbsp; с Маргулан Сейсенбаем, Бизнес форум с Марией Солодар, Более 30+ проектов вел как интернет-маркетолог и использовал все&nbsp; популярные инструменты интернет-маркетинга</p>','2020-11-26 20:29:30','2020-11-26 20:29:30'),(13,'Гаухар',NULL,'Сертифицированный партнер amoCRM',NULL,'<p class=\"text\">Спикер курса: <br />&ldquo;<strong>Менеджер по продажам</strong>&rdquo;</p>\n<ul class=\"text\">\n<li>Сертифицированный партнер amoCRM</li>\n<li>3 года опыт работы с CRM-системами</li>\n<li>Более 20 реализованных проектов</li>\n</ul>','2020-11-26 20:31:48','2020-11-26 20:31:48'),(14,'Искандер',NULL,NULL,NULL,'<p class=\"text\">Спикер курса: <br />&ldquo;<strong>Менеджер по продажам</strong>&rdquo;</p>\n<ul class=\"text\">\n<li>Директор по маркетингу компаний &laquo;Tender First&raquo;</li>\n<li>В маркетинге более 7 лет</li>\n<li>Специализируется на создании контента в Инстаграм, контент-менеджмента, базовой аналитики и управление Production-отдела</li>\n</ul>','2020-11-26 20:33:16','2020-11-26 20:33:16'),(15,'Жулдыз','Дуйсебаева','Web-дизайн',NULL,'<p class=\"text\">Спикер курса: <br />&ldquo;<strong>Web-дизайн</strong>&rdquo;</p>\n<ul class=\"text\">\n<li>Главный креативщик, Web-дизайнер, motion дизайнер и разработчик&nbsp; AR-масок в Qamalladin Media</li>\n<li>Работала в сфере дизайна более 5 лет, из них 2 года в&nbsp; Web-дизайне</li>\n<li>Создала более 100 сайтов</li>\n<li>Упаковала брендинг многих компаний</li>\n<li>Разработала более 30 AR-масок</li>\n</ul>\n<p class=\"text\">Кейсы в образовательной сфере: <br />Алматинская школа-лицей для девушек(КТЛ), ННПООЦ &laquo;Бобек&raquo;, Международная школа Galaxy Алматы, Университет международного бизнеса &laquo;Almau&raquo;</p>\n<p class=\"text\">Кейсы в бьюти сфере: <br />Французский дом, Beautimania</p>\n<p class=\"text\">Кейсы в ресторанном бизнесе:<br />Bigchef&rsquo;s, 6&rdquo;INCH, У Афанасича</p>','2020-11-26 20:37:18','2020-11-26 20:37:18'),(16,'Анвар','Бусаков','Web-дизайн','speakers/December2020/D96fCTJR8ruHEG0o3pez.jpg','<p class=\"text\">Спикер курса: <br />&ldquo;<strong>Web-дизайн</strong>&rdquo;</p>\n<ul class=\"text\">\n<li>Web-дизайнер и ментор в Qamalladin Media</li>\n<li>Более 3,5 года в Web-дизайне</li>\n<li>Создал более 150 сайтов за все время работы</li>\n<li>Упаковал более 50 проектов в образовательной сфере</li>\n</ul>\n<p class=\"text\">Кейсы: <br />Web-дизайны в компании China Pro; Web-дизайны образовательных курсов; Web-дизайны для Fashion Индустрии, главного фотограф Merzedes-Benz Fashion Week а и главного makeup стилиста Merzedes-Benz Fashion Week; Web-дизайн для известного 3D анимационщика,&nbsp; который работал с такими компаниями как GUCCI и AUDI;</p>','2020-11-26 20:39:00','2020-12-22 11:18:48');
/*!40000 ALTER TABLE `speakers` ENABLE KEYS */;
UNLOCK TABLES;

--
-- Table structure for table `student_curator`
--

DROP TABLE IF EXISTS `student_curator`;
/*!40101 SET @saved_cs_client     = @@character_set_client */;
/*!50503 SET character_set_client = utf8mb4 */;
CREATE TABLE `student_curator` (
  `student_id` int DEFAULT NULL,
  `curator_id` int DEFAULT '0',
  `category_id` int DEFAULT NULL,
  `is_finished` int DEFAULT NULL,
  `is_active` int DEFAULT NULL,
  `is_see` int DEFAULT NULL
) ENGINE=InnoDB DEFAULT CHARSET=utf8mb4 COLLATE=utf8mb4_unicode_ci;
/*!40101 SET character_set_client = @saved_cs_client */;

--
-- Dumping data for table `student_curator`
--

LOCK TABLES `student_curator` WRITE;
/*!40000 ALTER TABLE `student_curator` DISABLE KEYS */;
INSERT INTO `student_curator` VALUES (84,44,25,1,NULL,NULL),(108,44,1,NULL,NULL,NULL),(109,44,1,NULL,NULL,NULL),(110,44,1,NULL,NULL,NULL),(111,44,1,NULL,NULL,NULL),(112,44,1,NULL,NULL,NULL),(113,44,1,NULL,NULL,NULL),(114,44,1,NULL,NULL,NULL),(115,44,1,NULL,NULL,NULL),(116,44,1,NULL,NULL,NULL),(117,44,1,NULL,NULL,NULL),(118,44,1,NULL,NULL,NULL),(119,44,1,NULL,NULL,NULL),(120,44,1,NULL,NULL,NULL),(121,44,1,NULL,NULL,NULL),(122,44,1,NULL,NULL,NULL),(123,44,1,NULL,NULL,NULL),(124,44,1,NULL,NULL,NULL),(125,44,1,NULL,NULL,NULL),(126,44,1,NULL,NULL,NULL),(127,44,1,NULL,NULL,NULL),(128,44,1,NULL,NULL,NULL),(129,44,1,NULL,NULL,NULL),(130,44,1,NULL,NULL,NULL),(131,44,1,NULL,NULL,NULL),(132,44,1,NULL,NULL,NULL),(133,44,1,NULL,NULL,NULL),(134,44,1,NULL,NULL,NULL),(135,44,1,NULL,NULL,NULL),(136,44,1,NULL,NULL,NULL),(137,44,1,NULL,NULL,NULL),(138,44,1,NULL,NULL,NULL),(139,44,1,NULL,NULL,NULL),(140,44,1,NULL,NULL,NULL),(141,44,1,NULL,NULL,NULL),(142,44,1,NULL,NULL,NULL),(143,44,1,NULL,NULL,NULL),(144,44,1,NULL,NULL,NULL),(145,44,1,NULL,NULL,NULL),(146,44,1,NULL,NULL,NULL),(147,44,1,NULL,NULL,NULL),(148,44,1,NULL,NULL,NULL),(149,44,1,NULL,NULL,NULL),(150,44,1,NULL,NULL,NULL),(151,44,1,NULL,NULL,NULL),(152,44,1,NULL,NULL,NULL),(153,44,1,NULL,NULL,NULL),(154,44,1,NULL,NULL,NULL),(155,44,1,NULL,NULL,NULL),(156,44,1,NULL,NULL,NULL),(157,44,1,NULL,NULL,NULL),(158,158,25,NULL,NULL,NULL),(159,158,25,NULL,NULL,NULL),(160,44,25,NULL,NULL,NULL),(161,44,25,NULL,NULL,NULL),(162,44,25,NULL,NULL,NULL),(163,44,25,NULL,NULL,NULL),(164,44,25,NULL,NULL,NULL),(165,44,25,NULL,NULL,NULL),(166,44,25,NULL,NULL,NULL),(167,44,24,NULL,NULL,NULL),(168,44,26,NULL,NULL,NULL),(169,44,26,NULL,NULL,NULL),(170,44,23,NULL,NULL,NULL),(171,44,23,NULL,NULL,NULL),(172,44,24,NULL,NULL,NULL),(173,44,1,NULL,NULL,NULL),(174,44,18,NULL,NULL,NULL),(175,44,18,NULL,NULL,NULL),(176,44,19,NULL,NULL,NULL),(177,44,19,NULL,NULL,NULL),(178,44,20,NULL,NULL,NULL),(179,44,20,NULL,NULL,NULL),(180,44,21,NULL,NULL,NULL),(181,44,21,NULL,NULL,NULL),(182,44,22,NULL,NULL,NULL),(183,44,22,NULL,NULL,NULL),(184,44,23,NULL,NULL,NULL),(185,44,25,NULL,NULL,NULL),(186,44,26,NULL,NULL,NULL),(187,44,24,NULL,NULL,NULL),(188,44,24,NULL,NULL,NULL),(189,44,1,NULL,NULL,NULL),(190,44,1,NULL,NULL,NULL),(191,44,25,NULL,NULL,NULL),(192,44,25,NULL,NULL,NULL),(193,44,25,NULL,NULL,NULL),(194,44,23,NULL,NULL,NULL);
/*!40000 ALTER TABLE `student_curator` ENABLE KEYS */;
UNLOCK TABLES;

--
-- Table structure for table `task_user`
--

DROP TABLE IF EXISTS `task_user`;
/*!40101 SET @saved_cs_client     = @@character_set_client */;
/*!50503 SET character_set_client = utf8mb4 */;
CREATE TABLE `task_user` (
  `user_id` int DEFAULT NULL,
  `task_id` int DEFAULT NULL,
  `score` int DEFAULT NULL
) ENGINE=InnoDB DEFAULT CHARSET=utf8mb4 COLLATE=utf8mb4_unicode_ci;
/*!40101 SET character_set_client = @saved_cs_client */;

--
-- Dumping data for table `task_user`
--

LOCK TABLES `task_user` WRITE;
/*!40000 ALTER TABLE `task_user` DISABLE KEYS */;
INSERT INTO `task_user` VALUES (84,4,100),(84,5,100),(84,6,100),(84,7,100),(110,1,100),(84,8,100),(84,9,100),(84,10,100),(84,11,100),(84,12,100),(84,13,100),(84,14,100),(84,15,100),(84,16,100),(84,18,100),(84,17,100),(84,19,100),(84,21,100),(84,22,100),(84,23,100),(84,24,100),(138,1,100),(157,1,100),(157,2,100),(157,3,100),(157,4,100),(157,5,100),(157,6,100),(157,7,100),(157,8,100),(111,1,100),(161,1,100),(111,2,100),(161,2,100),(161,3,100),(161,4,100),(161,5,100),(161,6,100),(161,7,100),(161,8,100),(161,9,100),(161,10,100),(161,11,100),(161,12,100),(161,13,100),(161,14,100),(161,15,100),(161,16,100),(161,18,100),(161,17,100),(161,19,100),(161,21,100),(161,22,100),(161,23,100),(161,24,100);
/*!40000 ALTER TABLE `task_user` ENABLE KEYS */;
UNLOCK TABLES;

--
-- Table structure for table `tasks`
--

DROP TABLE IF EXISTS `tasks`;
/*!40101 SET @saved_cs_client     = @@character_set_client */;
/*!50503 SET character_set_client = utf8mb4 */;
CREATE TABLE `tasks` (
  `id` int unsigned NOT NULL AUTO_INCREMENT,
  `task` text CHARACTER SET utf8mb4 COLLATE utf8mb4_unicode_ci,
  `lesson_id` int DEFAULT NULL,
  `created_at` timestamp NULL DEFAULT NULL,
  `updated_at` timestamp NULL DEFAULT NULL,
  `video` varchar(300) CHARACTER SET utf8mb4 COLLATE utf8mb4_unicode_ci DEFAULT NULL,
  `name` varchar(255) CHARACTER SET utf8mb4 COLLATE utf8mb4_unicode_ci DEFAULT NULL,
  `document` varchar(300) COLLATE utf8mb4_unicode_ci DEFAULT NULL,
  PRIMARY KEY (`id`)
) ENGINE=InnoDB AUTO_INCREMENT=35 DEFAULT CHARSET=utf8mb4 COLLATE=utf8mb4_unicode_ci;
/*!40101 SET character_set_client = @saved_cs_client */;

--
-- Dumping data for table `tasks`
--

LOCK TABLES `tasks` WRITE;
/*!40000 ALTER TABLE `tasks` DISABLE KEYS */;
INSERT INTO `tasks` VALUES (2,'',2,'2020-09-17 12:29:00','2021-01-22 10:56:38','[{\"download_link\":\"tasks\\/September2020\\/VdCRxeZwhRNFYvuLnfUH.mp4\",\"original_name\":\"1 (1).mp4\"}]','Рычаги продаж','[{\"download_link\":\"tasks\\/September2020\\/manager_doc1_2.pdf\",\"original_name\":\"manager_doc1_2.pdf\"}]'),(5,'',5,'2020-09-17 12:31:00','2021-01-22 11:01:31','[{\"download_link\":\"tasks\\/September2020\\/CRQWb1HwUitZeOE6jPZ5.mp4\",\"original_name\":\"12 (1).mp4\"}]','Декомпозиция цели','[{\"download_link\":\"tasks\\/September2020\\/manager_doc3_1.pdf\",\"original_name\":\"manager_doc3_1.pdf\"}]'),(6,'',6,'2020-09-17 12:33:00','2021-01-22 11:01:16','[{\"download_link\":\"tasks\\/September2020\\/OUZNusxumxQsIYuG0Ky7.mp4\",\"original_name\":\"5 (1).mp4\"}]','Этапы продаж. Скрипты продаж.','[{\"download_link\":\"tasks\\/September2020\\/manager_doc3_2.pdf\",\"original_name\":\"manager_doc3_2.pdf\"}]'),(7,'',7,'2020-09-17 12:35:00','2021-01-22 01:08:15',NULL,'Отклики и сопроводительное письмо',NULL),(8,'',8,'2020-09-17 12:38:00','2021-01-22 11:00:48','[{\"download_link\":\"tasks\\/September2020\\/2x3T7Hcdf0h7AjvIPXCj.mp4\",\"original_name\":\"14 (1).mp4\"}]','Попытка закрытия клиента','[{\"download_link\":\"tasks\\/September2020\\/manager_doc4_2.pdf\",\"original_name\":\"manager_doc4_2.pdf\"}]'),(9,'',9,'2020-09-17 12:39:00','2021-01-22 11:00:28','[{\"download_link\":\"tasks\\/September2020\\/AavTMUMSYo9IyXmhw8jB.mp4\",\"original_name\":\"9 (1).mp4\"}]','Типы клиентов','[{\"download_link\":\"tasks\\/September2020\\/manager_doc5_1.pdf\",\"original_name\":\"manager_doc5_1.pdf\"}]'),(10,'',10,'2020-09-17 12:44:00','2021-01-22 01:07:03',NULL,'Собеседование. Стажировка.',NULL),(11,'',11,'2020-09-17 12:45:00','2021-01-22 11:00:16','[{\"download_link\":\"tasks\\/September2020\\/FgnWJcErQG9tueNcOKFG.mp4\",\"original_name\":\"4 (1).mp4\"}]','Техники продаж. \"Сопрано\", \"ХПВ\", \"Бумеранг\"','[{\"download_link\":\"tasks\\/September2020\\/manager_doc6_2.pdf\",\"original_name\":\"manager_doc6_2.pdf\"}]'),(12,'',12,'2020-09-17 12:46:00','2021-01-22 11:00:05','[{\"download_link\":\"tasks\\/September2020\\/ZJz9oCWdg7VwvwFIVlPj.mp4\",\"original_name\":\"6 (1).mp4\"}]','Поставление цели','[{\"download_link\":\"tasks\\/September2020\\/manager_doc7_1.pdf\",\"original_name\":\"manager_doc7_1.pdf\"}]'),(13,'',13,'2020-09-17 12:47:00','2021-01-22 01:06:25',NULL,'Суть упаковки компании',NULL),(14,'',14,'2020-09-17 12:49:00','2021-01-22 10:59:52','[{\"download_link\":\"tasks\\/September2020\\/6z5zubFy2xKbggBMG3xc.mp4\",\"original_name\":\"2.mp4\"}]','Продукт. Преимущества. Упаковка. Презентация.','[{\"download_link\":\"tasks\\/September2020\\/manager_doc8_2.pdf\",\"original_name\":\"manager_doc8_2.pdf\"}]'),(15,'',15,'2020-09-17 12:51:00','2021-01-22 01:06:06',NULL,'Каким образом выбирать компании. Фильтр компании',NULL),(16,'',16,'2020-09-17 12:52:00','2021-01-22 10:59:37','[{\"download_link\":\"tasks\\/September2020\\/7OeNWvGAUbsqiWtUq6iB.mp4\",\"original_name\":\"11 (1).mp4\"}]','Упаковка презентации и адаптация','[{\"download_link\":\"tasks\\/September2020\\/manager_doc9_2.pdf\",\"original_name\":\"manager_doc9_2.pdf\"}]'),(17,'',19,'2020-09-17 12:53:00','2021-01-22 01:05:44',NULL,'Составление резюме',NULL),(18,'',17,NULL,'2021-01-22 01:09:40',NULL,'Упаковка презентации и адаптация',NULL),(19,'',20,NULL,'2021-01-22 11:01:55','[{\"download_link\":\"tasks\\/September2020\\/ttVoK32v3UUJttTfG6Z1.mp4\",\"original_name\":\"17 (1).mp4\"}]','Упаковка презентации и адаптация','[{\"download_link\":\"tasks\\/September2020\\/manager_doc11_1.pdf\",\"original_name\":\"manager_doc11_1.pdf\"}]'),(21,'',21,NULL,'2021-01-22 01:40:30','[{\"download_link\":\"tasks\\/September2020\\/KqAa1quryWyTr8YU3cG1.mp4\",\"original_name\":\"15 (1).mp4\"}]','Упаковка презентации и адаптация',NULL),(22,'',22,NULL,'2021-01-22 11:02:20','[{\"download_link\":\"tasks\\/September2020\\/5bVWPAkHAPMeBNOxsr62.mp4\",\"original_name\":\"7 (1).mp4\"}]','Упаковка презентации и адаптация','[{\"download_link\":\"tasks\\/September2020\\/manager_doc12_2.pdf\",\"original_name\":\"manager_doc12_2.pdf\"}]'),(23,'',23,NULL,'2021-01-22 11:02:35','[{\"download_link\":\"tasks\\/September2020\\/xmvCjFFrUlVKiHakB28b.mp4\",\"original_name\":\"10.mp4\"}]','Упаковка презентации и адаптация','[{\"download_link\":\"tasks\\/September2020\\/manager_doc13.pdf\",\"original_name\":\"manager_doc13.pdf\"}]'),(24,'',24,NULL,'2021-01-22 01:10:48',NULL,'Упаковка презентации и адаптация',NULL),(25,'',75,'2021-01-22 15:59:56','2021-01-22 15:59:56',NULL,'','[{\"download_link\":\"tasks\\/September2020\\/mobile1_2.pdf\",\"original_name\":\"mobile1_2.pdf.pdf\"}]'),(26,'',78,'2021-01-22 16:02:27','2021-01-22 16:02:27',NULL,'','[{\"download_link\":\"tasks\\/September2020\\/mobile2_1.pdf\",\"original_name\":\"mobile2_1.pdf.pdf\"}]'),(27,'',79,'2021-01-22 16:05:41','2021-01-22 16:05:41',NULL,'','[{\"download_link\":\"tasks\\/September2020\\/mobile2_2.pdf\",\"original_name\":\"mobile2_2.pdf.pdf\"}]'),(28,'',80,'2021-01-22 16:06:20','2021-01-22 16:06:20',NULL,'','[{\"download_link\":\"tasks\\/September2020\\/mobile2_3.pdf\",\"original_name\":\"mobile2_3.pdf.pdf\"}]'),(29,'',81,'2021-01-22 16:07:03','2021-01-22 16:07:03',NULL,'','[{\"download_link\":\"tasks\\/September2020\\/mobile2_4.pdf\",\"original_name\":\"mobile2_4.pdf.pdf\"}]'),(30,'',82,'2021-01-22 16:08:53','2021-01-22 16:08:53',NULL,'','[{\"download_link\":\"tasks\\/September2020\\/mobile2_5.pdf\",\"original_name\":\"mobile2_5.pdf.pdf\"}]'),(31,'',83,'2021-01-22 16:09:33','2021-01-22 16:09:33',NULL,'','[{\"download_link\":\"tasks\\/September2020\\/mobile2_6.pdf\",\"original_name\":\"mobile2_6.pdf.pdf\"}]'),(32,'',84,'2021-01-22 16:10:32','2021-01-22 16:10:32',NULL,'','[{\"download_link\":\"tasks\\/September2020\\/mobile2_7.pdf\",\"original_name\":\"mobile2_7.pdf.pdf\"}]'),(33,'',85,'2021-01-22 16:11:16','2021-01-22 16:11:16',NULL,'','[{\"download_link\":\"tasks\\/September2020\\/mobile2_8.pdf\",\"original_name\":\"mobile2_8.pdf.pdf\"}]'),(34,'',44,'2021-01-22 16:18:15','2021-01-22 16:18:15',NULL,'','[{\"download_link\":\"tasks\\/September2020\\/mobile3_1.pdf\",\"original_name\":\"mobile3_1.pdf.pdf\"}]');
/*!40000 ALTER TABLE `tasks` ENABLE KEYS */;
UNLOCK TABLES;

--
-- Table structure for table `translations`
--

DROP TABLE IF EXISTS `translations`;
/*!40101 SET @saved_cs_client     = @@character_set_client */;
/*!50503 SET character_set_client = utf8mb4 */;
CREATE TABLE `translations` (
  `id` int unsigned NOT NULL AUTO_INCREMENT,
  `table_name` varchar(255) CHARACTER SET utf8mb4 COLLATE utf8mb4_unicode_ci NOT NULL,
  `column_name` varchar(255) CHARACTER SET utf8mb4 COLLATE utf8mb4_unicode_ci NOT NULL,
  `foreign_key` int unsigned NOT NULL,
  `locale` varchar(255) CHARACTER SET utf8mb4 COLLATE utf8mb4_unicode_ci NOT NULL,
  `value` text CHARACTER SET utf8mb4 COLLATE utf8mb4_unicode_ci NOT NULL,
  `created_at` timestamp NULL DEFAULT NULL,
  `updated_at` timestamp NULL DEFAULT NULL,
  PRIMARY KEY (`id`),
  UNIQUE KEY `translations_table_name_column_name_foreign_key_locale_unique` (`table_name`,`column_name`,`foreign_key`,`locale`)
) ENGINE=InnoDB AUTO_INCREMENT=369 DEFAULT CHARSET=utf8mb4 COLLATE=utf8mb4_unicode_ci;
/*!40101 SET character_set_client = @saved_cs_client */;

--
-- Dumping data for table `translations`
--

LOCK TABLES `translations` WRITE;
/*!40000 ALTER TABLE `translations` DISABLE KEYS */;
INSERT INTO `translations` VALUES (1,'lessons','name',1,'kz',' Сәлемдесу Ережелер','2020-09-23 04:53:48','2020-09-23 10:28:23'),(2,'lessons','description',1,'kz','Сәлемдесу Ережелер 1','2020-09-23 04:54:59','2020-09-23 10:28:57'),(3,'categories','name',1,'kz','Жобаларды басқару','2020-09-23 05:01:16','2020-09-23 05:01:16'),(4,'categories','short_description',1,'kz','22','2020-09-23 05:29:21','2020-09-23 07:55:45'),(5,'data_rows','display_name',87,'kz','Id','2020-09-23 05:48:44','2020-09-23 05:48:44'),(6,'data_rows','display_name',88,'kz','Аты','2020-09-23 05:48:44','2020-09-23 05:48:44'),(7,'data_rows','display_name',89,'kz','Сипаттама','2020-09-23 05:48:44','2020-09-23 05:48:44'),(8,'data_rows','display_name',90,'kz','видео','2020-09-23 05:48:44','2020-09-23 05:48:44'),(9,'data_rows','display_name',91,'kz','Презентация','2020-09-23 05:48:44','2020-09-23 05:48:44'),(10,'data_rows','display_name',92,'kz','Үй жұмысы','2020-09-23 05:48:44','2020-09-23 05:48:44'),(11,'data_rows','display_name',93,'kz','Category Id','2020-09-23 05:48:44','2020-09-23 05:48:44'),(12,'data_rows','display_name',94,'kz','Next Lesson Id','2020-09-23 05:48:44','2020-09-23 05:48:44'),(13,'data_rows','display_name',95,'kz','Created At','2020-09-23 05:48:44','2020-09-23 05:48:44'),(14,'data_rows','display_name',96,'kz','Updated At','2020-09-23 05:48:44','2020-09-23 05:48:44'),(15,'data_rows','display_name',97,'kz','Slug','2020-09-23 05:48:44','2020-09-23 05:48:44'),(16,'data_rows','display_name',99,'kz','Обложка для видео','2020-09-23 05:48:44','2020-09-23 05:48:44'),(17,'data_rows','display_name',101,'kz','Video','2020-09-23 05:48:44','2020-09-23 05:48:44'),(18,'data_rows','display_name',98,'kz','Категория','2020-09-23 05:48:44','2020-09-23 05:48:44'),(19,'data_types','display_name_singular',13,'kz','Cабақ','2020-09-23 05:48:44','2020-09-23 05:48:44'),(20,'data_types','display_name_plural',13,'kz','Cабақтар','2020-09-23 05:48:44','2020-09-23 05:48:44'),(21,'data_rows','display_name',34,'kz','Id','2020-09-23 05:52:40','2020-09-23 05:52:40'),(22,'data_rows','display_name',35,'kz','Название','2020-09-23 05:52:40','2020-09-23 05:52:40'),(23,'data_rows','display_name',36,'kz','Parent Id','2020-09-23 05:52:40','2020-09-23 05:52:40'),(24,'data_rows','display_name',37,'kz','Короткое описание','2020-09-23 05:52:40','2020-09-23 05:52:40'),(25,'data_rows','display_name',38,'kz','Описание','2020-09-23 05:52:40','2020-09-23 05:52:40'),(26,'data_rows','display_name',39,'kz','Видео','2020-09-23 05:52:40','2020-09-23 05:52:40'),(27,'data_rows','display_name',40,'kz','Slug','2020-09-23 05:52:40','2020-09-23 05:52:40'),(28,'data_rows','display_name',41,'kz','Created At','2020-09-23 05:52:40','2020-09-23 05:52:40'),(29,'data_rows','display_name',42,'kz','Updated At','2020-09-23 05:52:40','2020-09-23 05:52:40'),(30,'data_rows','display_name',44,'kz','Часы теории','2020-09-23 05:52:40','2020-09-23 05:52:40'),(31,'data_rows','display_name',45,'kz','Часы практики','2020-09-23 05:52:40','2020-09-23 05:52:40'),(32,'data_rows','display_name',66,'kz','Изображение','2020-09-23 05:52:40','2020-09-23 05:52:40'),(33,'data_rows','display_name',75,'kz','Сертификат изображения','2020-09-23 05:52:40','2020-09-23 05:52:40'),(34,'data_rows','display_name',43,'kz','Родительская категория','2020-09-23 05:52:40','2020-09-23 05:52:40'),(35,'data_types','display_name_singular',9,'kz','Категория курса','2020-09-23 05:52:40','2020-09-23 05:52:40'),(36,'data_types','display_name_plural',9,'kz','Категории курсов','2020-09-23 05:52:40','2020-09-23 05:52:40'),(37,'categories','long_description',1,'kz','i have not wrote any code on this project before, i just created a fresh one by composer create-project ','2020-09-23 08:03:08','2020-09-23 08:03:08'),(40,'colleges','name',2,'kz','Туран kz','2020-09-23 09:38:18','2020-09-23 09:38:18'),(43,'categories','name',2,'kz','Кіріспе','2020-09-23 10:13:37','2020-09-23 10:13:37'),(47,'data_rows','display_name',103,'kz','Фон изображение','2020-10-23 12:02:38','2020-10-23 12:02:38'),(48,'categories','name',18,'kz','WEB-DESIGN','2020-10-23 12:31:05','2020-10-23 12:31:05'),(49,'categories','short_description',18,'kz','На этом курсе Вы узнаете:\nо сути профессии, возможностях и перспективах. Поймете: какие специализации существуют в веб-дизайне; какие навыки необходимо прокачивать в рамках каждой из специализаций; какие возможности работы открываются для вас в офисе, удаленно и на фрилансе.','2020-10-23 12:31:15','2020-10-23 12:31:15'),(50,'categories','long_description',18,'kz','Курс “SMM Маркетинг” представляет собой подробный курс по сфере Social Media  Marketing. \nВ первой четверти студенты поймут, какое место SMM занимает в интернет-маркетинге и бизнесе, познакомятся с особенностями продвижения в различных социальных сетях, а также научатся анализировать целевую аудиторию и конкурентов.','2020-10-23 12:31:15','2020-10-23 12:31:15'),(51,'categories','name',19,'kz','Управление проектами','2020-10-26 04:04:40','2020-10-26 04:04:40'),(52,'categories','short_description',19,'kz','На этом курсе Вы узнаете:\nо сути профессии, возможностях и перспективах. Поймете: какие специализации существуют в веб-дизайне; какие навыки необходимо прокачивать в рамках каждой из специализаций; какие возможности работы открываются для вас в офисе, удаленно и на фрилансе.','2020-10-26 04:04:40','2020-10-26 04:04:40'),(53,'categories','long_description',19,'kz','Курс “SMM Маркетинг” представляет собой подробный курс по сфере Social Media  Marketing. \nВ первой четверти студенты поймут, какое место SMM занимает в интернет-маркетинге и бизнесе, познакомятся с особенностями продвижения в различных социальных сетях, а также научатся анализировать целевую аудиторию и конкурентов.','2020-10-26 04:04:40','2020-10-26 04:04:40'),(54,'categories','name',25,'kz','Менеджер по продажам','2020-10-26 04:27:32','2020-10-26 04:27:32'),(55,'categories','short_description',25,'kz','На этом курсе Вы узнаете:\nо сути профессии, возможностях и перспективах. Поймете: какие специализации существуют в веб-дизайне; какие навыки необходимо прокачивать в рамках каждой из специализаций; какие возможности работы открываются для вас в офисе, удаленно и на фрилансе.','2020-10-26 04:27:32','2020-10-26 04:27:32'),(56,'categories','long_description',25,'kz','Курс “SMM Маркетинг” представляет собой подробный курс по сфере Social Media  Marketing. \nВ первой четверти студенты поймут, какое место SMM занимает в интернет-маркетинге и бизнесе, познакомятся с особенностями продвижения в различных социальных сетях, а также научатся анализировать целевую аудиторию и конкурентов.','2020-10-26 04:27:32','2020-10-26 04:27:32'),(57,'categories','name',26,'kz','Основы программирования','2020-10-26 07:29:04','2020-10-26 07:29:04'),(58,'categories','short_description',26,'kz','На этом курсе Вы узнаете:\nо сути профессии, возможностях и перспективах. Поймете: какие специализации существуют в веб-дизайне; какие навыки необходимо прокачивать в рамках каждой из специализаций; какие возможности работы открываются для вас в офисе, удаленно и на фрилансе.','2020-10-26 07:29:04','2020-10-26 07:29:04'),(59,'categories','long_description',26,'kz','Курс “SMM Маркетинг” представляет собой подробный курс по сфере Social Media  Marketing. \nВ первой четверти студенты поймут, какое место SMM занимает в интернет-маркетинге и бизнесе, познакомятся с особенностями продвижения в различных социальных сетях, а также научатся анализировать целевую аудиторию и конкурентов.','2020-10-26 07:29:04','2020-10-26 07:29:04'),(60,'categories','name',24,'kz','Ментальный SMM','2020-10-26 07:30:19','2020-10-26 07:30:19'),(61,'categories','short_description',24,'kz','На этом курсе Вы узнаете:\nо сути профессии, возможностях и перспективах. Поймете: какие специализации существуют в веб-дизайне; какие навыки необходимо прокачивать в рамках каждой из специализаций; какие возможности работы открываются для вас в офисе, удаленно и на фрилансе.','2020-10-26 07:30:19','2020-10-26 07:30:19'),(62,'categories','long_description',24,'kz','Курс “SMM Маркетинг” представляет собой подробный курс по сфере Social Media  Marketing. \nВ первой четверти студенты поймут, какое место SMM занимает в интернет-маркетинге и бизнесе, познакомятся с особенностями продвижения в различных социальных сетях, а также научатся анализировать целевую аудиторию и конкурентов.','2020-10-26 07:30:19','2020-10-26 07:30:19'),(63,'categories','name',23,'kz','Мобилография','2020-10-26 07:30:41','2020-10-26 07:30:41'),(64,'categories','short_description',23,'kz','На этом курсе Вы узнаете:\nо сути профессии, возможностях и перспективах. Поймете: какие специализации существуют в веб-дизайне; какие навыки необходимо прокачивать в рамках каждой из специализаций; какие возможности работы открываются для вас в офисе, удаленно и на фрилансе.','2020-10-26 07:30:41','2020-10-26 07:30:41'),(65,'categories','long_description',23,'kz','Курс “SMM Маркетинг” представляет собой подробный курс по сфере Social Media  Marketing. \nВ первой четверти студенты поймут, какое место SMM занимает в интернет-маркетинге и бизнесе, познакомятся с особенностями продвижения в различных социальных сетях, а также научатся анализировать целевую аудиторию и конкурентов.','2020-10-26 07:30:41','2020-10-26 07:30:41'),(66,'categories','name',20,'kz','“Нулевой блок?”','2020-10-26 07:32:42','2020-10-26 07:32:42'),(67,'categories','short_description',20,'kz','На этом курсе Вы узнаете:\nо сути профессии, возможностях и перспективах. Поймете: какие специализации существуют в веб-дизайне; какие навыки необходимо прокачивать в рамках каждой из специализаций; какие возможности работы открываются для вас в офисе, удаленно и на фрилансе.','2020-10-26 07:32:42','2020-10-26 07:32:42'),(68,'categories','long_description',20,'kz','Курс “SMM Маркетинг” представляет собой подробный курс по сфере Social Media  Marketing. \nВ первой четверти студенты поймут, какое место SMM занимает в интернет-маркетинге и бизнесе, познакомятся с особенностями продвижения в различных социальных сетях, а также научатся анализировать целевую аудиторию и конкурентов.','2020-10-26 07:32:42','2020-10-26 07:32:42'),(69,'data_rows','display_name',105,'kz','Цвета кнопок','2020-11-09 10:40:19','2020-11-09 10:40:19'),(70,'data_rows','display_name',106,'kz','Цвет текста','2020-11-09 12:35:36','2020-11-09 12:35:36'),(71,'categories','name',21,'kz','Маркетинг','2020-11-10 05:15:03','2020-11-10 05:15:03'),(72,'categories','short_description',21,'kz','На этом курсе Вы узнаете:\nо сути профессии, возможностях и перспективах. Поймете: какие специализации существуют в веб-дизайне; какие навыки необходимо прокачивать в рамках каждой из специализаций; какие возможности работы открываются для вас в офисе, удаленно и на фрилансе.','2020-11-10 05:15:03','2020-11-10 05:15:03'),(73,'categories','long_description',21,'kz','Курс “SMM Маркетинг” представляет собой подробный курс по сфере Social Media  Marketing. \nВ первой четверти студенты поймут, какое место SMM занимает в интернет-маркетинге и бизнесе, познакомятся с особенностями продвижения в различных социальных сетях, а также научатся анализировать целевую аудиторию и конкурентов.','2020-11-10 05:15:03','2020-11-10 05:15:03'),(74,'categories','name',22,'kz','Контент-менеджер','2020-11-10 05:20:30','2020-11-10 05:20:30'),(75,'categories','short_description',22,'kz','На этом курсе Вы узнаете:\nо сути профессии, возможностях и перспективах. Поймете: какие специализации существуют в веб-дизайне; какие навыки необходимо прокачивать в рамках каждой из специализаций; какие возможности работы открываются для вас в офисе, удаленно и на фрилансе.','2020-11-10 05:20:30','2020-11-10 05:20:30'),(76,'categories','long_description',22,'kz','Курс “SMM Маркетинг” представляет собой подробный курс по сфере Social Media  Marketing. \nВ первой четверти студенты поймут, какое место SMM занимает в интернет-маркетинге и бизнесе, познакомятся с особенностями продвижения в различных социальных сетях, а также научатся анализировать целевую аудиторию и конкурентов.','2020-11-10 05:20:30','2020-11-10 05:20:30'),(77,'data_rows','display_name',107,'kz','Стиль кнопки','2020-11-12 04:54:46','2020-11-12 04:54:46'),(78,'lessons','name',24,'kz','Составление отчета','2020-11-12 05:58:50','2020-11-12 05:58:50'),(79,'menu_items','title',22,'kz','Спикеры','2020-11-26 13:09:25','2020-11-26 13:09:25'),(80,'data_rows','display_name',109,'kz','Id','2020-11-26 13:10:46','2020-11-26 13:10:46'),(81,'data_rows','display_name',110,'kz','Имя','2020-11-26 13:10:46','2020-11-26 13:10:46'),(82,'data_rows','display_name',111,'kz','Фамилия','2020-11-26 13:10:46','2020-11-26 13:10:46'),(83,'data_rows','display_name',112,'kz','Position','2020-11-26 13:10:46','2020-11-26 13:10:46'),(84,'data_rows','display_name',113,'kz','Портрет','2020-11-26 13:10:46','2020-11-26 13:10:46'),(85,'data_rows','display_name',114,'kz','Описание','2020-11-26 13:10:46','2020-11-26 13:10:46'),(86,'data_rows','display_name',115,'kz','Created At','2020-11-26 13:10:46','2020-11-26 13:10:46'),(87,'data_rows','display_name',116,'kz','Updated At','2020-11-26 13:10:46','2020-11-26 13:10:46'),(88,'data_types','display_name_singular',14,'kz','Спикер','2020-11-26 13:10:46','2020-11-26 13:10:46'),(89,'data_types','display_name_plural',14,'kz','Спикеры','2020-11-26 13:10:46','2020-11-26 13:10:46'),(90,'speakers','description',1,'kz','<p>Курстың спикері:</p>\n<p>&laquo;Сату менеджері&raquo;</p>\n<p>&nbsp;</p>\n<p>Сату бөлімінің құрылысының маманы</p>\n<p>Сатылымда 5 жыл</p>\n<p>1000 кандидатпен сұхбат жүргізілді, 400 сатушы оқытылды</p>\n<p>Компаниялар үшін 5 миллиард теңге тапты</p>\n<p>Компанияларға арналған сатылған бөлімдер:</p>\n<p>Мәскеудегі әлемдік класс, Business Expert, Rams, Qubid, New A-forum 2019, Hasta la Visa, Metalservice Kazakhstan</p>','2020-11-26 13:14:12','2020-12-14 05:02:46'),(91,'speakers','description',4,'kz','<p class=\"text\">Спикер курса: <br />&ldquo;<strong>Управление проектами</strong>&rdquo;,&ldquo;<strong>Интернет-маркетинг</strong>&rdquo;,&ldquo;<strong>Контент-менеджер</strong>&rdquo;</p>\n<ul class=\"text\">\n<li>Построил 2 лучшие команды по маркетингу в Казахстане</li>\n<li>Работал 10 лет в маркетинге&nbsp; и из них 7 лет в управлений</li>\n</ul>\n<p class=\"text\">Работал с такими компаниями как: <br />AstanaBank-лидогенерация и управление проектами, TenderFirst (Личный бренд: Нурлан Байдильда)-Управление маркетингом и генерация оборота до 150 млн./мес.+рынок России, New A-Forum 2019-маркетинг и продвижение &ndash; больше 500 участников</p>','2020-11-26 20:07:15','2020-11-26 20:07:15'),(92,'speakers','description',10,'kz','<p class=\"text\">Спикер курса: <br />&ldquo;<strong>Мобилография</strong>&rdquo;</p>\n<ul class=\"text\">\n<li>Главный проектный менеджер&nbsp; Qamalladin Media</li>\n<li>Специалист по личному бренду/Мобилограф</li>\n<li>Спикер курсов &laquo;Мобилография&raquo;, &laquo;Личный бренд&raquo;, &laquo;SMM&raquo;</li>\n<li>Спродюсировала 200+ видео для соц.сетей</li>\n<li>Обучила 100+ людей мобильной съемке</li>\n<li>Помогла разитию личного бренда блогеров (более 1 000 000 просмотров)</li>\n<li>Управляла 35+ коммерческими проектами разных компаний (МСБ и крупные бренды)</li>\n</ul>','2020-11-26 20:24:15','2020-11-26 20:24:15'),(93,'speakers','description',8,'kz','<p class=\"text\">Спикер курса: <br />&ldquo;<strong>Контент-менеджер</strong>&rdquo;</p>\n<ul class=\"text\">\n<li>Предприниматель &ndash;маркетолог</li>\n<li>Сооснователь маркетингового агентства &laquo;Синтез&raquo;</li>\n<li>Участник проекта &laquo;Stanford GSB 2020&raquo;</li>\n<li>Заработал для компаний 5 млрд тг</li>\n</ul>','2020-11-30 04:54:31','2020-11-30 04:54:31'),(94,'data_rows','display_name',117,'kz','Id','2020-12-14 04:04:47','2020-12-14 04:04:47'),(95,'data_rows','display_name',118,'kz','Тема','2020-12-14 04:04:47','2020-12-14 04:04:47'),(96,'data_rows','display_name',119,'kz','Заглавие','2020-12-14 04:04:47','2020-12-14 04:04:47'),(97,'data_rows','display_name',120,'kz','Дата','2020-12-14 04:04:47','2020-12-14 04:04:47'),(98,'data_rows','display_name',121,'kz','Картина','2020-12-14 04:04:47','2020-12-14 04:04:47'),(99,'data_rows','display_name',122,'kz','Created At','2020-12-14 04:04:47','2020-12-14 04:04:47'),(100,'data_rows','display_name',123,'kz','Updated At','2020-12-14 04:04:47','2020-12-14 04:04:47'),(101,'data_rows','display_name',124,'kz','Цвет Блока','2020-12-14 04:04:47','2020-12-14 04:04:47'),(102,'data_types','display_name_singular',15,'kz','Вебинар','2020-12-14 04:04:47','2020-12-14 04:04:47'),(103,'data_types','display_name_plural',15,'kz','Вебинары','2020-12-14 04:04:47','2020-12-14 04:04:47'),(104,'webinars','topic',3,'kz','Жеке брендинг','2020-12-14 04:05:56','2020-12-14 04:05:56'),(105,'webinars','title',3,'kz',' Жоба менеджменті','2020-12-14 04:05:56','2020-12-14 04:05:56'),(106,'webinars','topic',1,'kz','Жеке брендинг','2020-12-14 04:06:15','2020-12-14 04:06:15'),(107,'webinars','title',1,'kz','Интернет-маркетинг','2020-12-14 04:06:15','2020-12-14 04:06:15'),(108,'webinars','topic',2,'kz','Жеке брендинг','2020-12-14 04:06:25','2020-12-14 04:06:25'),(109,'webinars','title',2,'kz','WEB-DESIGN','2020-12-14 04:06:25','2020-12-14 04:06:25'),(110,'webinars','topic',4,'kz','Жеке брендинг','2020-12-14 04:06:50','2020-12-14 04:08:34'),(111,'webinars','title',4,'kz','Бағдарламалау негіздері ','2020-12-14 04:06:50','2020-12-14 04:08:34'),(112,'webinars','topic',6,'kz',' Жеке брендинг','2020-12-14 04:07:36','2020-12-14 04:09:40'),(113,'webinars','title',6,'kz','Психикалық SMM','2020-12-14 04:07:36','2020-12-14 04:09:40'),(114,'webinars','topic',5,'kz',' Жеке брендинг','2020-12-14 04:28:12','2020-12-14 04:28:12'),(115,'webinars','title',5,'kz',' Нөлдік блок','2020-12-14 04:28:12','2020-12-14 04:28:12'),(116,'webinars','topic',8,'kz',' Жеке брендинг','2020-12-14 04:28:40','2020-12-14 04:28:40'),(117,'webinars','title',8,'kz','Мобилография','2020-12-14 04:28:40','2020-12-14 04:28:40'),(118,'webinars','topic',7,'kz','Жеке брендинг','2020-12-14 04:29:12','2020-12-14 04:29:12'),(119,'webinars','title',7,'kz','Мазмұн менеджері','2020-12-14 04:29:12','2020-12-14 04:29:12'),(120,'webinars','topic',9,'kz','Жеке брендинг','2020-12-14 04:29:36','2020-12-14 04:29:36'),(121,'webinars','title',9,'kz','Іскери орау','2020-12-14 04:29:36','2020-12-14 04:29:36'),(122,'webinars','topic',10,'kz','Жеке брендинг','2020-12-14 04:29:58','2020-12-14 04:29:58'),(123,'webinars','title',10,'kz','Сату менеджері','2020-12-14 04:29:58','2020-12-14 04:29:58'),(124,'tuitions','title',1,'kz','Сертификат','2020-12-14 04:47:43','2020-12-14 04:47:43'),(125,'tuitions','text',1,'kz','Курсты сәтті аяқтау','2020-12-14 04:47:43','2020-12-14 04:47:43'),(126,'tuitions','title',2,'kz','Білім','2020-12-14 04:48:06','2020-12-14 04:48:06'),(127,'tuitions','text',2,'kz','Теориялық, практикалық тапсырмалармен қолдау','2020-12-14 04:48:06','2020-12-14 04:48:06'),(128,'tuitions','title',3,'kz','Нетворкинг','2020-12-14 04:48:22','2020-12-14 04:48:22'),(129,'tuitions','text',3,'kz','Сіз сияқты, сандық әлемде дамуды іздейтін адамдармен.','2020-12-14 04:48:22','2020-12-14 04:48:22'),(130,'instructions','text',3,'kz','Компания таңдаңыз','2020-12-14 04:58:32','2020-12-14 04:58:32'),(131,'instructions','text',1,'kz','Тіркелу','2020-12-14 04:58:50','2020-12-14 04:58:50'),(132,'instructions','text',2,'kz','Ұсынылған курстардың бірін таңдаңыз','2020-12-14 04:59:06','2020-12-14 04:59:06'),(133,'speakers','description',2,'kz','<p>Курстың спикері:</p>\n<p>&laquo;SMM&raquo;</p>\n<p>&nbsp;</p>\n<p>Маркетинг бойынша сарапшы</p>\n<p>Ол осы салада 11 жылдан бері жұмыс істейді.</p>\n<p>Соңғы 3 жылда цифрлық маркетингте жұмыс істейді</p>\n<p>Компаниялар үшін 5 миллиард теңге тапты</p>\n<p>Ол Камаладдин Медиа маркетинг агенттігінің директоры (нарықта 3 жылдан астам жұмыс істейтін және 200 блогермен ынтымақтастықта болатын маркетингтік агенттік)</p>','2020-12-14 05:03:30','2020-12-14 05:03:30'),(134,'speakers','first_name',1,'kz','Есен','2020-12-14 05:07:14','2020-12-14 05:07:14'),(135,'speakers','last_name',1,'kz','Бисембаев','2020-12-14 05:07:14','2020-12-14 05:07:14'),(136,'speakers','position',1,'kz','Сату менеджері','2020-12-14 05:07:14','2020-12-14 05:07:14'),(137,'speakers','first_name',2,'kz','Диана','2020-12-14 05:11:53','2020-12-14 05:11:53'),(138,'speakers','last_name',2,'kz','Кулакеева','2020-12-14 05:11:53','2020-12-14 05:11:53'),(139,'speakers','position',2,'kz','SMM','2020-12-14 05:11:53','2020-12-14 05:11:53'),(140,'speakers','first_name',16,'kz','Анвар','2020-12-22 11:18:48','2020-12-22 11:18:48'),(141,'speakers','last_name',16,'kz','Бусаков','2020-12-22 11:18:48','2020-12-22 11:18:48'),(142,'speakers','position',16,'kz','Web-дизайн','2020-12-22 11:18:48','2020-12-22 11:18:48'),(143,'speakers','description',16,'kz','<p class=\"text\">Спикер курса: <br />&ldquo;<strong>Web-дизайн</strong>&rdquo;</p>\n<ul class=\"text\">\n<li>Web-дизайнер и ментор в Qamalladin Media</li>\n<li>Более 3,5 года в Web-дизайне</li>\n<li>Создал более 150 сайтов за все время работы</li>\n<li>Упаковал более 50 проектов в образовательной сфере</li>\n</ul>\n<p class=\"text\">Кейсы: <br />Web-дизайны в компании China Pro; Web-дизайны образовательных курсов; Web-дизайны для Fashion Индустрии, главного фотограф Merzedes-Benz Fashion Week а и главного makeup стилиста Merzedes-Benz Fashion Week; Web-дизайн для известного 3D анимационщика,&nbsp; который работал с такими компаниями как GUCCI и AUDI;</p>','2020-12-22 11:18:48','2020-12-22 11:18:48'),(144,'lessons','name',38,'kz','Разбираем статистику Инстаграм аккаунта','2021-01-12 10:15:22','2021-01-12 10:15:22'),(145,'lessons','name',162,'kz','Переменные','2021-01-12 11:17:51','2021-01-12 11:17:51'),(146,'categories','name',56,'kz','Упаковка бизнеса 2','2021-01-12 11:27:22','2021-01-12 11:27:22'),(147,'categories','name',65,'kz','Интернет-маркетинг 3','2021-01-12 11:43:02','2021-01-12 11:43:02'),(148,'lessons','name',238,'kz','Профессия «Маркетолог» (часть 2)','2021-01-12 11:44:40','2021-01-12 11:44:40'),(149,'lessons','name',25,'kz','Введение','2021-01-20 19:10:40','2021-01-20 19:10:40'),(150,'lessons','name',26,'kz','Основные задачи SMM специалиста','2021-01-20 19:18:24','2021-01-20 19:18:24'),(151,'lessons','name',27,'kz','Обзор социальных сетей и их особенностей','2021-01-20 19:20:43','2021-01-20 19:20:43'),(152,'lessons','name',28,'kz','С чего начать коммерческий/личный проект? Механизм работы.','2021-01-20 19:21:41','2021-01-20 19:21:41'),(153,'lessons','name',29,'kz','Сегментирование рынка и целевой аудитории','2021-01-20 19:22:25','2021-01-20 19:22:25'),(154,'lessons','name',158,'kz','Введение','2021-01-20 19:31:50','2021-01-20 19:31:50'),(155,'lessons','name',159,'kz','Терминология','2021-01-20 19:32:23','2021-01-20 19:32:23'),(156,'lessons','name',160,'kz','Настройка окружения','2021-01-20 19:32:54','2021-01-20 19:32:54'),(157,'lessons','name',161,'kz','Первая программа «Hello world»','2021-01-20 19:33:33','2021-01-20 19:33:33'),(158,'lessons','name',74,'kz','Мышление, окружение и замер релультата','2021-01-20 19:44:25','2021-01-20 19:44:25'),(159,'lessons','name',75,'kz','Постановка целей через SMART','2021-01-20 19:44:59','2021-01-20 19:44:59'),(160,'lessons','name',76,'kz','Как побороть «страх камеры»?','2021-01-20 19:45:44','2021-01-20 19:45:44'),(161,'lessons','name',77,'kz','Этапы развития и нынешняя роль','2021-01-20 19:46:20','2021-01-20 19:46:20'),(162,'categories','name',47,'kz','Основы программирования 1','2021-01-21 00:36:45','2021-01-21 00:36:45'),(163,'categories','name',48,'kz','Основы программирования 2','2021-01-21 00:37:24','2021-01-21 00:37:24'),(164,'categories','name',49,'kz','Основы программирования 3','2021-01-21 00:37:38','2021-01-21 00:37:38'),(165,'categories','name',50,'kz','Основы программирования 4','2021-01-21 00:39:50','2021-01-21 00:39:50'),(166,'categories','name',51,'kz','Основы программирования 5','2021-01-21 00:40:18','2021-01-21 00:40:18'),(167,'categories','name',52,'kz','Основы программирования 6','2021-01-21 00:40:46','2021-01-21 00:40:46'),(168,'categories','name',53,'kz','Основы программирования 7','2021-01-21 00:41:11','2021-01-21 00:41:11'),(169,'categories','name',54,'kz','Основы программирования 8','2021-01-21 00:41:23','2021-01-21 00:41:23'),(170,'categories','name',55,'kz','Упаковка бизнеса 1','2021-01-21 00:44:16','2021-01-21 00:44:16'),(171,'categories','name',57,'kz','Упаковка бизнеса 3','2021-01-21 00:45:13','2021-01-21 00:45:13'),(172,'categories','name',58,'kz','Упаковка бизнеса 4','2021-01-21 00:45:34','2021-01-21 00:45:34'),(173,'categories','name',59,'kz','Упаковка бизнеса 5','2021-01-21 00:45:52','2021-01-21 00:45:52'),(174,'categories','name',60,'kz','Упаковка бизнеса 6','2021-01-21 00:46:04','2021-01-21 00:46:04'),(175,'categories','name',61,'kz','Упаковка бизнеса 7','2021-01-21 00:46:39','2021-01-21 00:46:39'),(176,'categories','name',62,'kz','Интернет-маркетинг 1','2021-01-21 00:52:08','2021-01-21 00:52:08'),(177,'categories','name',63,'kz','Интернет-маркетинг 2','2021-01-21 00:52:46','2021-01-21 00:52:46'),(178,'categories','name',64,'kz','Интернет-маркетинг 3','2021-01-21 00:53:00','2021-01-21 00:53:00'),(179,'lessons','name',30,'kz','Таргетированная реклама','2021-01-21 09:39:29','2021-01-21 09:39:29'),(180,'lessons','name',31,'kz','Разработка контент стратегии присутствия','2021-01-21 09:41:01','2021-01-21 09:41:01'),(181,'lessons','name',32,'kz','Копирайтинг','2021-01-21 09:41:57','2021-01-21 09:41:57'),(182,'lessons','name',33,'kz','Разработка дизайна с помощью простых программ','2021-01-21 09:42:31','2021-01-21 09:42:31'),(183,'lessons','name',34,'kz','Для кого и как пишем техническое задание','2021-01-21 09:47:24','2021-01-21 09:47:24'),(184,'lessons','name',35,'kz','Модерация обратной связи. Мониторинг отзывов.','2021-01-21 09:47:52','2021-01-21 09:47:52'),(185,'lessons','name',36,'kz','Работа с лидерами мнений','2021-01-21 09:48:19','2021-01-21 09:48:19'),(186,'lessons','name',37,'kz','Таргет реклама','2021-01-21 09:49:24','2021-01-21 09:49:24'),(187,'lessons','name',40,'kz','Коммуникация с заказчиками. Поиск заказчиков.','2021-01-21 09:55:31','2021-01-21 09:55:31'),(188,'lessons','name',41,'kz','Тайм-менеджмент','2021-01-21 09:55:54','2021-01-21 09:55:54'),(189,'lessons','name',42,'kz','Как и где искать вдохновение','2021-01-21 09:56:16','2021-01-21 09:56:16'),(190,'lessons','name',43,'kz','Чек-лист по работе с SMM','2021-01-21 09:56:45','2021-01-21 09:56:45'),(191,'lessons','name',44,'kz','Как работать с Tik-Tok?','2021-01-21 09:57:15','2021-01-21 09:57:15'),(192,'lessons','name',45,'kz','Защити свой проект','2021-01-21 09:57:41','2021-01-21 09:57:41'),(193,'lessons','name',39,'kz','Составление эффективных отчетов для клиентов SMM','2021-01-21 09:58:54','2021-01-21 09:58:54'),(194,'lessons','name',86,'kz','Тренды мобильных сьемок 2020-2021  и их применение в создании космического контента','2021-01-21 10:03:06','2021-01-21 10:03:06'),(195,'lessons','name',85,'kz','Food-сьемка','2021-01-21 10:03:48','2021-01-21 10:03:48'),(196,'lessons','name',84,'kz','Креативить можно всегда! Топ-5 приложений для необычного фото','2021-01-21 10:04:20','2021-01-21 10:04:20'),(197,'lessons','name',83,'kz','Ретушь лица и не только','2021-01-21 10:04:45','2021-01-21 10:04:45'),(198,'lessons','name',82,'kz','Кради как художник. Платформы для идей','2021-01-21 10:05:20','2021-01-21 10:05:20'),(199,'lessons','name',81,'kz','Возможности VSCO','2021-01-21 10:06:09','2021-01-21 10:06:09'),(200,'lessons','name',78,'kz','10 шагов к удачному фото','2021-01-21 10:07:28','2021-01-21 10:07:28'),(201,'lessons','name',80,'kz','Обработка фотографий в приложении Snapseed','2021-01-21 10:08:18','2021-01-21 10:08:18'),(202,'lessons','name',79,'kz','Создай себе уникальный пресет в приложении LIGHTROOM! Теория и практикам','2021-01-21 10:08:42','2021-01-21 10:08:42'),(203,'lessons','name',97,'kz','Пре-продакшн. Подготовка сценария и раскадровка','2021-01-21 10:15:27','2021-01-21 10:15:27'),(204,'lessons','name',96,'kz','Работа с Тик-Ток','2021-01-21 10:16:08','2021-01-21 10:16:08'),(205,'lessons','name',95,'kz','Будь в тренде. Мобильный Production 2020-2021','2021-01-21 10:17:37','2021-01-21 10:17:37'),(206,'lessons','name',94,'kz','Как делаются крутые кадры?','2021-01-21 10:18:19','2021-01-21 10:18:19'),(207,'lessons','name',93,'kz','Полезные Telegram каналы. Музыка','2021-01-21 10:18:51','2021-01-21 10:18:51'),(208,'lessons','name',92,'kz','Как менять фон и элементы на видео. 3-D анимация','2021-01-21 10:19:20','2021-01-21 10:19:20'),(209,'lessons','name',91,'kz','Покраска с нуля. Цветокоррекция видео','2021-01-21 10:20:15','2021-01-21 10:20:15'),(210,'lessons','name',89,'kz','Видео анимация. От идеи до реализаций','2021-01-21 10:20:48','2021-01-21 10:20:48'),(211,'lessons','name',90,'kz','Пост-продакшн. Монтаж видео. Топ-7 приложений для монтажа','2021-01-21 10:21:17','2021-01-21 10:21:17'),(212,'lessons','name',87,'kz','Все начинается с тебя','2021-01-21 10:21:52','2021-01-21 10:21:52'),(213,'lessons','name',88,'kz','Правила мобильной видеографий','2021-01-21 10:22:16','2021-01-21 10:22:16'),(214,'lessons','name',163,'kz','Целые и вещественные числа, логический тип','2021-01-21 10:25:09','2021-01-21 10:25:09'),(215,'lessons','name',164,'kz','Арифметические операции','2021-01-21 10:27:02','2021-01-21 10:27:02'),(216,'lessons','name',165,'kz','Условные операторы','2021-01-21 10:27:33','2021-01-21 10:27:33'),(217,'lessons','name',166,'kz','Символы','2021-01-21 10:28:45','2021-01-21 10:28:45'),(218,'lessons','name',167,'kz','Строки','2021-01-21 10:29:08','2021-01-21 10:29:08'),(219,'lessons','name',168,'kz','Ввод-Вывод','2021-01-21 10:29:34','2021-01-21 10:29:34'),(220,'lessons','name',169,'kz','Цикл For','2021-01-21 10:30:11','2021-01-21 10:30:11'),(221,'lessons','name',170,'kz','Цикл While','2021-01-21 10:30:35','2021-01-21 10:30:35'),(222,'lessons','name',171,'kz','Вложенные циклы','2021-01-21 10:31:02','2021-01-21 10:31:02'),(223,'lessons','name',172,'kz','Практические задачи','2021-01-21 10:31:26','2021-01-21 10:31:26'),(224,'lessons','name',173,'kz','Массивы\\списки (List)','2021-01-21 10:32:19','2021-01-21 10:32:19'),(225,'lessons','name',174,'kz','Кортежи (Tuples)','2021-01-21 10:32:42','2021-01-21 10:32:42'),(226,'lessons','name',175,'kz','Словари (Dictionary)','2021-01-21 10:33:06','2021-01-21 10:33:06'),(227,'lessons','name',176,'kz','Множества (Set)','2021-01-21 10:33:27','2021-01-21 10:33:27'),(228,'lessons','name',177,'kz','List comprehension','2021-01-21 10:33:53','2021-01-21 10:33:53'),(229,'lessons','name',178,'kz','Понятие функции','2021-01-21 10:34:29','2021-01-21 10:34:29'),(230,'lessons','name',179,'kz','Аргументы, параметры, возврат значения ','2021-01-21 10:34:48','2021-01-21 10:34:48'),(231,'lessons','name',180,'kz','Встроенные функции','2021-01-21 10:35:09','2021-01-21 10:35:09'),(232,'lessons','name',181,'kz','Генераторы','2021-01-21 10:35:30','2021-01-21 10:35:30'),(233,'lessons','name',182,'kz','Теория об ООП','2021-01-21 10:36:00','2021-01-21 10:36:00'),(234,'lessons','name',183,'kz','Классы, конструкотры, экземпляры','2021-01-21 10:36:22','2021-01-21 10:36:22'),(235,'lessons','name',184,'kz','Методы. Свойства','2021-01-21 10:36:40','2021-01-21 10:36:40'),(236,'lessons','name',185,'kz','Наследование','2021-01-21 10:37:03','2021-01-21 10:37:03'),(237,'lessons','name',186,'kz','Конструкции Try-except-finally. Класс exception','2021-01-21 10:37:44','2021-01-21 10:37:44'),(238,'lessons','name',187,'kz','Считывание из файла ','2021-01-21 10:38:07','2021-01-21 10:38:07'),(239,'lessons','name',188,'kz','Запись в файл','2021-01-21 10:38:35','2021-01-21 10:38:35'),(240,'lessons','name',2,'kz','Термины. CRM.','2021-01-21 12:43:56','2021-01-21 12:43:56'),(241,'lessons','name',3,'kz','Что такое продажи?','2021-01-21 14:48:29','2021-01-21 14:48:29'),(242,'lessons','name',4,'kz','Активные продажи. Телефонные, холодные, горячие продажи. Виды продаж.','2021-01-21 14:51:14','2021-01-21 14:51:14'),(243,'lessons','name',5,'kz','Как ставить цель?','2021-01-21 14:52:07','2021-01-21 14:52:07'),(244,'lessons','name',6,'kz','Как декомпозировать? Визуальные цели.','2021-01-21 14:52:48','2021-01-21 14:52:48'),(245,'lessons','name',7,'kz','Изучение и упаковка компании','2021-01-21 14:53:57','2021-01-21 14:53:57'),(246,'lessons','name',8,'kz','Изучение продукта. Изучение кейсов, клиентов. Выявление преимущества продукта.','2021-01-21 14:54:45','2021-01-21 14:54:45'),(247,'lessons','name',9,'kz','Типы клиентов. Боли, страхи, мотивация.','2021-01-21 14:57:51','2021-01-21 14:57:51'),(248,'lessons','name',10,'kz','Основные этапы продаж. Приветствие. Квалификация.','2021-01-21 15:04:47','2021-01-21 15:04:47'),(249,'lessons','name',11,'kz','Выявление потребностей','2021-01-21 15:05:41','2021-01-21 15:05:41'),(250,'lessons','name',12,'kz','Создание скрипта','2021-01-21 15:06:39','2021-01-21 15:06:39'),(251,'lessons','name',13,'kz','Качественый рычаг','2021-01-21 15:07:33','2021-01-21 15:07:33'),(252,'lessons','name',14,'kz','Количественный рычаг','2021-01-21 15:10:21','2021-01-21 15:10:21'),(253,'lessons','name',15,'kz','Техника «Сопрано»','2021-01-21 15:11:09','2021-01-21 15:11:09'),(254,'lessons','name',21,'kz','Фильтр вакансии','2021-01-21 15:12:38','2021-01-21 15:12:38'),(255,'lessons','name',22,'kz','Как написать сопроводительное письмо? Отклики по воронке и созвон с работодателями. Назначение собеседований.','2021-01-21 15:13:15','2021-01-21 15:13:15'),(256,'lessons','name',23,'kz','Подготовка к собеседованию','2021-01-21 15:14:01','2021-01-21 15:14:01'),(257,'lessons','name',191,'kz','Маркетинговое исследование','2021-01-21 15:39:40','2021-01-21 15:39:40'),(258,'lessons','name',192,'kz','Как быстро определить ЦА и составить аватар клиента','2021-01-21 15:40:15','2021-01-21 15:40:15'),(259,'lessons','name',193,'kz','Анализируй и влвствуй','2021-01-21 15:43:07','2021-01-21 15:43:07'),(260,'lessons','name',194,'kz','Упаковка бизнеса','2021-01-21 15:43:33','2021-01-21 15:43:33'),(261,'lessons','name',195,'kz','Из чего состоит упаковка бизнеса?','2021-01-21 15:44:43','2021-01-21 15:44:43'),(262,'lessons','name',197,'kz','Создаем сильный личный бренд','2021-01-21 15:45:14','2021-01-21 15:45:14'),(263,'lessons','name',198,'kz','4 слоя упаковки','2021-01-21 15:45:46','2021-01-21 15:45:46'),(264,'lessons','name',199,'kz','Профессия-упаковщик','2021-01-21 16:01:56','2021-01-21 16:01:56'),(265,'lessons','name',200,'kz','Источники трафика','2021-01-21 16:02:42','2021-01-21 16:02:42'),(266,'lessons','name',201,'kz','Tone of  Voice','2021-01-21 16:03:50','2021-01-21 16:03:50'),(267,'lessons','name',202,'kz','Аудитория. Цель и задачи текста','2021-01-21 16:04:16','2021-01-21 16:04:16'),(268,'lessons','name',203,'kz','Заголовки','2021-01-21 16:04:38','2021-01-21 16:04:38'),(269,'lessons','name',204,'kz','Модель AIDA','2021-01-21 16:05:52','2021-01-21 16:05:52'),(270,'lessons','name',205,'kz','Оффер на лендинге','2021-01-21 16:06:45','2021-01-21 16:06:45'),(271,'lessons','name',206,'kz','Триггеры','2021-01-21 16:07:13','2021-01-21 16:07:13'),(272,'lessons','name',207,'kz','Фрирайтинг','2021-01-21 16:07:51','2021-01-21 16:07:51'),(273,'lessons','name',230,'kz','Анализ эффективности и источников трафика','2021-01-21 16:08:48','2021-01-21 16:08:48'),(274,'lessons','name',231,'kz','Анализ сайта и поведения пользователей','2021-01-21 16:09:23','2021-01-21 16:09:23'),(275,'lessons','name',232,'kz','Customer journey map','2021-01-21 16:09:41','2021-01-21 16:09:41'),(276,'lessons','name',233,'kz','UX-аналитика','2021-01-21 16:10:01','2021-01-21 16:10:01'),(277,'data_rows','display_name',59,'kz','Id','2021-01-21 17:50:35','2021-01-21 17:50:35'),(278,'data_rows','display_name',60,'kz','Задание','2021-01-21 17:50:35','2021-01-21 17:50:35'),(279,'data_rows','display_name',61,'kz','Lesson Id','2021-01-21 17:50:35','2021-01-21 17:50:35'),(280,'data_rows','display_name',62,'kz','Created At','2021-01-21 17:50:35','2021-01-21 17:50:35'),(281,'data_rows','display_name',63,'kz','Updated At','2021-01-21 17:50:35','2021-01-21 17:50:35'),(282,'data_rows','display_name',100,'kz','Видео','2021-01-21 17:50:35','2021-01-21 17:50:35'),(283,'data_rows','display_name',102,'kz','Название','2021-01-21 17:50:35','2021-01-21 17:50:35'),(284,'data_rows','display_name',64,'kz','Родительский урок','2021-01-21 17:50:35','2021-01-21 17:50:35'),(285,'data_types','display_name_singular',11,'kz','Задание','2021-01-21 17:50:35','2021-01-21 17:50:35'),(286,'data_types','display_name_plural',11,'kz','Задании','2021-01-21 17:50:35','2021-01-21 17:50:35'),(287,'data_rows','display_name',139,'kz','Домашняя работа','2021-01-21 18:14:18','2021-01-21 18:14:18'),(288,'tasks','name',2,'kz','Рычаги продаж','2021-01-21 20:52:26','2021-01-21 20:52:26'),(289,'tasks','name',12,'kz','Поставление цели','2021-01-21 20:54:15','2021-01-21 20:54:15'),(290,'tasks','name',5,'kz','Декомпозиция цели','2021-01-21 20:55:37','2021-01-21 20:55:37'),(291,'tasks','name',6,'kz','Этапы продаж. Скрипты продаж.','2021-01-21 20:56:04','2021-01-21 20:56:04'),(292,'tasks','name',8,'kz','Попытка закрытия клиента','2021-01-21 20:56:41','2021-01-21 20:56:41'),(293,'tasks','name',9,'kz','Типы клиентов','2021-01-21 20:57:25','2021-01-21 20:57:25'),(294,'tasks','name',11,'kz','Техники продаж. \"Сопрано\", \"ХПВ\", \"Бумеранг\"','2021-01-21 20:59:49','2021-01-21 20:59:49'),(295,'tasks','name',14,'kz','Продукт. Преимущества. Упаковка. Презентация.','2021-01-21 21:01:12','2021-01-21 21:01:12'),(296,'tasks','name',16,'kz','Упаковка презентации и адаптация','2021-01-21 21:01:52','2021-01-21 21:01:52'),(297,'tasks','name',19,'kz','Упаковка презентации и адаптация','2021-01-21 21:02:24','2021-01-21 21:02:24'),(298,'tasks','name',21,'kz','Упаковка презентации и адаптация','2021-01-21 21:03:07','2021-01-21 21:03:07'),(299,'tasks','name',22,'kz','Упаковка презентации и адаптация','2021-01-21 21:04:11','2021-01-21 21:04:11'),(300,'tasks','name',23,'kz','Упаковка презентации и адаптация','2021-01-21 21:04:45','2021-01-21 21:04:45'),(301,'tasks','name',17,'kz','Составление резюме','2021-01-22 01:05:44','2021-01-22 01:05:44'),(302,'tasks','name',15,'kz','Каким образом выбирать компании. Фильтр компании','2021-01-22 01:06:06','2021-01-22 01:06:06'),(303,'tasks','name',13,'kz','Суть упаковки компании','2021-01-22 01:06:25','2021-01-22 01:06:25'),(304,'tasks','name',10,'kz','Собеседование. Стажировка.','2021-01-22 01:07:03','2021-01-22 01:07:03'),(305,'tasks','name',7,'kz','Отклики и сопроводительное письмо','2021-01-22 01:08:15','2021-01-22 01:08:15'),(308,'tasks','name',18,'kz','Упаковка презентации и адаптация','2021-01-22 01:09:40','2021-01-22 01:09:40'),(309,'tasks','name',24,'kz','Упаковка презентации и адаптация','2021-01-22 01:10:48','2021-01-22 01:10:48'),(310,'lessons','name',17,'kz','CRM. 1 часть.','2021-01-22 10:26:42','2021-01-22 10:26:42'),(311,'lessons','name',20,'kz','Общая структура резюме','2021-01-22 11:12:57','2021-01-22 11:12:57'),(312,'lessons','name',270,'kz','Создание рекламного контента для соц.сетей','2021-01-22 11:56:41','2021-01-22 11:56:41'),(313,'lessons','name',190,'kz','Основы маркетинга','2021-01-22 16:04:18','2021-01-22 16:04:18'),(314,'lessons','name',196,'kz','Смысловая карта','2021-01-22 16:08:17','2021-01-22 16:08:17'),(315,'lessons','name',208,'kz','Основы Web-дизайна','2021-01-22 16:19:44','2021-01-22 16:19:44'),(316,'lessons','name',209,'kz','Структурирование сайтов','2021-01-22 16:20:12','2021-01-22 16:20:12'),(317,'lessons','name',210,'kz','Прототипирование','2021-01-22 16:20:51','2021-01-22 16:20:51'),(318,'lessons','name',211,'kz','Пользовательский интерфейс','2021-01-22 16:21:26','2021-01-22 16:21:26'),(319,'lessons','name',212,'kz','UX\\UI','2021-01-22 16:21:50','2021-01-22 16:21:50'),(320,'lessons','name',213,'kz','Работа с дизайнером верстальщиком и заказчиком','2021-01-22 16:22:40','2021-01-22 16:22:40'),(321,'lessons','name',214,'kz','Верстка','2021-01-22 16:23:06','2021-01-22 16:23:06'),(322,'lessons','name',215,'kz','Создание сайта на тильде','2021-01-22 16:23:32','2021-01-22 16:23:32'),(323,'lessons','name',216,'kz','Основы дизайна','2021-01-22 16:24:00','2021-01-22 16:24:00'),(324,'lessons','name',217,'kz','Теория цвета','2021-01-22 16:24:23','2021-01-22 16:24:23'),(325,'lessons','name',218,'kz','Шрифты','2021-01-22 16:24:49','2021-01-22 16:24:49'),(326,'lessons','name',219,'kz','Формирование насмотренности','2021-01-22 16:25:16','2021-01-22 16:25:16'),(327,'lessons','name',46,'kz','Введение','2021-01-22 16:49:05','2021-01-22 16:49:05'),(328,'lessons','name',47,'kz','Управление. Основные понятия','2021-01-22 16:49:28','2021-01-22 16:49:28'),(329,'lessons','name',48,'kz','Где применяется Управление проектами','2021-01-22 16:49:55','2021-01-22 16:49:55'),(330,'lessons','name',49,'kz','Профессия «Управление проектами»','2021-01-22 16:50:23','2021-01-22 16:50:23'),(331,'lessons','name',50,'kz','Навыки для работы в управление проектами','2021-01-22 16:50:47','2021-01-22 16:50:47'),(332,'lessons','name',51,'kz','Концепция проекта','2021-01-22 16:51:15','2021-01-22 16:51:15'),(333,'lessons','name',52,'kz','Составляющие концепции','2021-01-22 16:51:38','2021-01-22 16:51:38'),(334,'lessons','name',53,'kz','Цели и задачи проекта','2021-01-22 16:52:07','2021-01-22 16:52:07'),(335,'lessons','name',54,'kz','Финансовая модель проекта','2021-01-22 16:52:29','2021-01-22 16:52:29'),(336,'lessons','name',55,'kz','Расходы в финансовой модели проекта','2021-01-22 16:52:58','2021-01-22 16:52:58'),(337,'lessons','name',56,'kz','Структура команды','2021-01-22 16:54:10','2021-01-22 16:54:10'),(338,'lessons','name',57,'kz','Система оплат команде ','2021-01-22 16:54:31','2021-01-22 16:54:31'),(339,'lessons','name',58,'kz','Где искать людей в команду','2021-01-22 16:54:51','2021-01-22 16:54:51'),(340,'lessons','name',59,'kz','Планирование задач','2021-01-22 16:55:15','2021-01-22 16:55:15'),(341,'lessons','name',60,'kz','Методики планирования','2021-01-22 16:55:51','2021-01-22 16:55:51'),(342,'lessons','name',61,'kz','Распределение задач','2021-01-22 16:57:02','2021-01-22 16:57:02'),(343,'lessons','name',62,'kz','Стиль управления','2021-01-22 16:57:26','2021-01-22 16:57:26'),(344,'lessons','name',63,'kz','Типы людей в команде','2021-01-22 16:57:51','2021-01-22 16:57:51'),(345,'lessons','name',64,'kz','Обучать или брать специалиста','2021-01-22 16:58:18','2021-01-22 16:58:18'),(346,'lessons','name',65,'kz','Как обрести уверенность?','2021-01-22 16:59:02','2021-01-22 16:59:02'),(347,'lessons','name',66,'kz','Лидерство','2021-01-22 16:59:25','2021-01-22 16:59:25'),(348,'lessons','name',67,'kz','Тренировка лидерства и уверенности','2021-01-22 17:00:02','2021-01-22 17:00:02'),(349,'lessons','name',68,'kz','Контроль','2021-01-22 17:00:31','2021-01-22 17:00:31'),(350,'lessons','name',69,'kz','Планерки','2021-01-22 17:00:51','2021-01-22 17:00:51'),(351,'lessons','name',70,'kz','Тайм-менеджмент','2021-01-22 17:01:22','2021-01-22 17:01:22'),(352,'lessons','name',71,'kz','Платформа для управления проектами','2021-01-22 17:01:51','2021-01-22 17:01:51'),(353,'lessons','name',72,'kz','Мессенджеры','2021-01-22 17:02:17','2021-01-22 17:02:17'),(354,'lessons','name',73,'kz','Презентация своего проекта','2021-01-22 17:02:40','2021-01-22 17:02:40'),(355,'lessons','name',234,'kz','Вводный урок','2021-01-22 18:58:42','2021-01-22 18:58:42'),(356,'lessons','name',235,'kz','Что такое маркетинг?','2021-01-22 18:59:34','2021-01-22 18:59:34'),(357,'lessons','name',236,'kz','Цели и задачи маркетинга','2021-01-22 19:00:10','2021-01-22 19:00:10'),(358,'lessons','name',237,'kz','Профессия «Маркетолог»','2021-01-22 19:01:18','2021-01-22 19:01:18'),(359,'lessons','name',239,'kz','Концепция «Маркетинг на результат» или «Performance-marketing»','2021-01-22 19:02:16','2021-01-22 19:02:16'),(360,'lessons','name',240,'kz','Основные термины в маркетинге','2021-01-22 19:02:54','2021-01-22 19:02:54'),(361,'lessons','name',244,'kz','Основы дизайна','2021-01-22 19:09:34','2021-01-22 19:09:34'),(362,'lessons','name',243,'kz','Визуальное мышление','2021-01-22 19:09:50','2021-01-22 19:09:50'),(363,'lessons','name',245,'kz','Типографика','2021-01-22 19:14:25','2021-01-22 19:14:25'),(364,'lessons','name',246,'kz','Работа с дизайнером','2021-01-22 19:14:49','2021-01-22 19:14:49'),(365,'lessons','name',247,'kz','Креативность','2021-01-22 19:15:09','2021-01-22 19:15:09'),(366,'lessons','name',248,'kz','Развитие креативности','2021-01-22 19:15:54','2021-01-22 19:15:54'),(367,'lessons','name',249,'kz','Психология клиента','2021-01-22 19:17:45','2021-01-22 19:17:45'),(368,'lessons','name',250,'kz','Аватар клиента','2021-01-22 19:18:16','2021-01-22 19:18:16');
/*!40000 ALTER TABLE `translations` ENABLE KEYS */;
UNLOCK TABLES;

--
-- Table structure for table `tuitions`
--

DROP TABLE IF EXISTS `tuitions`;
/*!40101 SET @saved_cs_client     = @@character_set_client */;
/*!50503 SET character_set_client = utf8mb4 */;
CREATE TABLE `tuitions` (
  `id` int unsigned NOT NULL AUTO_INCREMENT,
  `title` varchar(250) CHARACTER SET utf8mb4 COLLATE utf8mb4_unicode_ci DEFAULT NULL,
  `created_at` timestamp NULL DEFAULT NULL,
  `updated_at` timestamp NULL DEFAULT NULL,
  `text` varchar(400) CHARACTER SET utf8mb4 COLLATE utf8mb4_unicode_ci DEFAULT NULL,
  PRIMARY KEY (`id`)
) ENGINE=InnoDB AUTO_INCREMENT=4 DEFAULT CHARSET=utf8mb4 COLLATE=utf8mb4_unicode_ci;
/*!40101 SET character_set_client = @saved_cs_client */;

--
-- Dumping data for table `tuitions`
--

LOCK TABLES `tuitions` WRITE;
/*!40000 ALTER TABLE `tuitions` DISABLE KEYS */;
INSERT INTO `tuitions` VALUES (1,'Сертификат','2020-12-11 06:43:00','2020-12-11 06:45:44','Об успешном прохождении курса'),(2,'Знания','2020-12-11 06:44:00','2020-12-14 04:48:06','Теоретические, подкрепленные практическими заданиями'),(3,'Нетворкинг','2020-12-11 06:45:00','2020-12-14 04:48:22','С людьми, которые как и ВЫ ищут развития в Digital-мире.');
/*!40000 ALTER TABLE `tuitions` ENABLE KEYS */;
UNLOCK TABLES;

--
-- Table structure for table `user_roles`
--

DROP TABLE IF EXISTS `user_roles`;
/*!40101 SET @saved_cs_client     = @@character_set_client */;
/*!50503 SET character_set_client = utf8mb4 */;
CREATE TABLE `user_roles` (
  `user_id` bigint unsigned NOT NULL,
  `role_id` bigint unsigned NOT NULL,
  PRIMARY KEY (`user_id`,`role_id`),
  KEY `user_roles_user_id_index` (`user_id`),
  KEY `user_roles_role_id_index` (`role_id`),
  CONSTRAINT `user_roles_role_id_foreign` FOREIGN KEY (`role_id`) REFERENCES `roles` (`id`) ON DELETE CASCADE,
  CONSTRAINT `user_roles_user_id_foreign` FOREIGN KEY (`user_id`) REFERENCES `users` (`id`) ON DELETE CASCADE
) ENGINE=InnoDB DEFAULT CHARSET=utf8mb4 COLLATE=utf8mb4_unicode_ci;
/*!40101 SET character_set_client = @saved_cs_client */;

--
-- Dumping data for table `user_roles`
--

LOCK TABLES `user_roles` WRITE;
/*!40000 ALTER TABLE `user_roles` DISABLE KEYS */;
INSERT INTO `user_roles` VALUES (44,3),(45,4);
/*!40000 ALTER TABLE `user_roles` ENABLE KEYS */;
UNLOCK TABLES;

--
-- Table structure for table `users`
--

DROP TABLE IF EXISTS `users`;
/*!40101 SET @saved_cs_client     = @@character_set_client */;
/*!50503 SET character_set_client = utf8mb4 */;
CREATE TABLE `users` (
  `id` bigint unsigned NOT NULL AUTO_INCREMENT,
  `role_id` bigint unsigned DEFAULT NULL,
  `name` varchar(255) CHARACTER SET utf8mb4 COLLATE utf8mb4_unicode_ci NOT NULL,
  `email` varchar(255) CHARACTER SET utf8mb4 COLLATE utf8mb4_unicode_ci DEFAULT NULL,
  `avatar` varchar(255) CHARACTER SET utf8mb4 COLLATE utf8mb4_unicode_ci DEFAULT 'users/default.png',
  `phone_verified_at` timestamp NULL DEFAULT NULL,
  `password` varchar(255) CHARACTER SET utf8mb4 COLLATE utf8mb4_unicode_ci NOT NULL,
  `remember_token` varchar(100) CHARACTER SET utf8mb4 COLLATE utf8mb4_unicode_ci DEFAULT NULL,
  `settings` text CHARACTER SET utf8mb4 COLLATE utf8mb4_unicode_ci,
  `created_at` timestamp NULL DEFAULT NULL,
  `updated_at` timestamp NULL DEFAULT NULL,
  `individual_number` varchar(255) CHARACTER SET utf8mb4 COLLATE utf8mb4_unicode_ci DEFAULT NULL,
  `phone` varchar(255) CHARACTER SET utf8mb4 COLLATE utf8mb4_unicode_ci DEFAULT NULL,
  `college_id` int DEFAULT NULL,
  `expire_at` timestamp NULL DEFAULT NULL,
  `last_login` timestamp NULL DEFAULT NULL,
  PRIMARY KEY (`id`),
  KEY `users_role_id_foreign` (`role_id`),
  CONSTRAINT `users_role_id_foreign` FOREIGN KEY (`role_id`) REFERENCES `roles` (`id`)
) ENGINE=InnoDB AUTO_INCREMENT=195 DEFAULT CHARSET=utf8mb4 COLLATE=utf8mb4_unicode_ci;
/*!40101 SET character_set_client = @saved_cs_client */;

--
-- Dumping data for table `users`
--

LOCK TABLES `users` WRITE;
/*!40000 ALTER TABLE `users` DISABLE KEYS */;
INSERT INTO `users` VALUES (1,1,'Admin','admin@gmail.com','users/January2021/7dVlhyO8irh7oHk5Yp7o.jpg',NULL,'$2y$10$w/x/GYzxbGS/PjRx282Yg.ohMQHRmpel3cP33PLyQN61MYE5usTH.','LvS6zXM3uuCcQN4rogSKCxPh9bPQFEzEXWGQuaW7rMBy964bQU3CKjd9rAA0',NULL,'2020-08-20 00:13:08','2021-01-12 16:02:18',NULL,NULL,NULL,NULL,NULL),(43,2,'Anna',NULL,'users/default.png',NULL,'$2y$10$vN0tNwitxSYwUutvHi9u8.VM4ceVEk7O2VzSWCK9Y.juMh.yUxgn2',NULL,NULL,'2020-08-26 05:25:08','2020-09-07 05:30:14','999898490038','+7 (707) 618 50 02',1,'2022-08-26 05:25:08','2020-09-07 05:30:14'),(44,3,'Айдос',NULL,'users/September2020/EIqgIQ4Xgzei85qtbJoq.png',NULL,'$2y$10$M3Kh1ERQaINQuSrwwqdSGeMPghCvkxtrvpZMXqrKHTbWtTp2EerSW',NULL,'{\"locale\":\"en\"}','2020-08-26 05:55:18','2021-01-12 16:32:33',NULL,'+7 (555) 555 55 55',NULL,NULL,'2021-01-12 16:32:33'),(45,4,'Модератор',NULL,'users/default.png','2020-08-31 13:47:00','$2y$10$4RoswaQSBBS62KXvRRai2uMuDIbNh7WKHBemyHmVOI9y6Zc1gwsia',NULL,NULL,'2020-08-31 13:47:47','2021-01-12 13:35:28',NULL,'+7 (777) 777 77 77',NULL,NULL,'2021-01-12 12:35:25'),(66,2,'Adam',NULL,'users/20200903154558..Group 262.png',NULL,'$2y$10$5olMNv8Lk8LXSz5nUNdGmO3u25zSklZXq8TGahLy64XOr3a6o1fNO',NULL,NULL,'2020-09-02 10:05:30','2020-09-09 23:49:17','098980980981','+7 (747) 994 73 41',1,'2022-09-02 10:05:30','2020-09-09 23:49:17'),(80,2,'Zhansaya',NULL,'users/20200911102010..Akerke.png',NULL,'$2y$10$VGMTARJNJUqQTysQDAedNufk45LPE.v.X5JPicj/OLDhysEWbqxP.',NULL,NULL,'2020-09-11 02:13:50','2020-09-12 14:41:56','976597444444','+7 (707) 618 50 03',1,'2022-09-11 02:13:50','2020-09-12 14:41:56'),(83,2,'Ryskeldi Meirzhan',NULL,'users/20200917125434..bella ciao logo@4x (1).png',NULL,'$2y$10$1cAw3zcyLaAJG7zpGNS0l.AQmkO8J1RghTsRBB0ASfd9hhBXwvmxu',NULL,NULL,'2020-09-16 13:26:20','2020-11-24 16:00:12','950418301038','+7 (708) 708 04 95',1,'2022-09-16 13:26:20','2020-11-24 16:00:12'),(84,2,'Tamara',NULL,'users/20200918052548..2019-02-08_07-34-45__01c1f526-2b74-11e9-9ea9-efca97a156b6.jpg',NULL,'$2y$10$RfMgT4Fn1kzmlVDd3nsjieG2oDWzUQXvG9dIrEuM4cA.u05iU.9mC',NULL,NULL,'2020-09-17 02:35:26','2021-01-22 17:42:59','898098098098','+7 (111) 111 11 11',1,'2022-09-17 02:35:26','2021-01-22 17:42:59'),(108,2,'Zhansaya',NULL,'users/default.png',NULL,'$2y$10$9SHo8wyQjmetycITIiVDaezV1Swp6aiBGbU/fzHoAJ/OvFyAzhyJ.',NULL,NULL,'2020-09-28 02:58:00','2020-09-28 03:02:08','879439875348','+7 (888) 888 88 88',1,'2022-09-28 02:58:00','2020-09-28 03:02:08'),(110,2,'edfwfw',NULL,'users/default.png',NULL,'$2y$10$4z2/hz8.b8tLsVhWiWLd6OrbPIev/RYi9WuMsYYRnQQxXqj0yWYi6',NULL,NULL,'2020-09-30 12:45:53','2020-09-30 12:45:53','324224324234','+7 (111) 111 11 12',1,'2022-09-30 12:45:53','2020-09-30 12:45:53'),(111,2,'Жазира',NULL,'users/default.png',NULL,'$2y$10$.jtWyI7TY9E5ChE8HGer3ufAiAoCHjcnYW8gys.TdIpONuLjj/6vq',NULL,NULL,'2020-10-13 11:59:51','2021-01-12 13:16:33','323243242423','+7 (444) 444 44 44',1,'2022-10-13 11:59:51','2021-01-12 13:16:33'),(112,2,'Жазира',NULL,'users/default.png',NULL,'$2y$10$gWSF7/0sscYnUiKYBGdqsOeWquDHUHt6fAyBe7U3PZjqNqLvDPVf.',NULL,NULL,'2020-10-13 12:00:13','2020-10-13 12:00:13','323243242423','+7 (444) 444 44 44',1,'2022-10-13 12:00:13','2020-10-13 12:00:13'),(113,2,'Жазира',NULL,'users/default.png',NULL,'$2y$10$zIIW.rfn5.ZC8LBq4dksfequZF8NxqleJl670FT0tRVFPXMNFsC72',NULL,NULL,'2020-10-13 12:01:08','2020-10-13 12:01:08','323243242423','+7 (444) 444 44 44',1,'2022-10-13 12:01:08','2020-10-13 12:01:08'),(126,2,'Приветствие. Правила.',NULL,'users/default.png',NULL,'$2y$10$gKWRq1QHuynGw6HIl.xAxeI6feUk2nY144qOBc2LQNXqfPUy3G122',NULL,NULL,'2020-10-13 12:21:17','2020-10-13 12:21:17','231312321321','+7 (223) 223 23 23',1,'2022-10-13 12:21:17','2020-10-13 12:21:17'),(127,2,'Жобаларды басқару',NULL,'users/default.png',NULL,'$2y$10$6oVSpam5PB5VThEhNJkFd.nSehNwcXDMmGgxAYEfDofwM4M0ZGL2q',NULL,NULL,'2020-10-13 12:22:47','2020-10-13 12:22:47','443434343434','+7 (111) 111 11 14',1,'2022-10-13 12:22:47','2020-10-13 12:22:47'),(128,2,'Приветствие. Правила.',NULL,'users/default.png',NULL,'$2y$10$UFEL3yraafTIsNTsgCNfne3XB54H5hf5DoRTu1SMziY2fWwDp9Wqq',NULL,NULL,'2020-10-13 12:26:20','2020-10-13 12:26:20','434343333434','+7 (111) 111 11 99',1,'2022-10-13 12:26:20','2020-10-13 12:26:20'),(129,2,'fref4242',NULL,'users/default.png',NULL,'$2y$10$t3.oPpsaSpMgnUwXVrDGNerYz39S/OFFVllZYsaMVrIu4tNGAMUz.',NULL,NULL,'2020-10-13 12:27:48','2020-10-13 12:27:48','444444444342','+7 (333) 333 33 33',1,'2022-10-13 12:27:48','2020-10-13 12:27:48'),(130,2,'423423423',NULL,'users/default.png',NULL,'$2y$10$1fYUWywVBrugWfJ5EjFZ7.J.dHsph6BjGFtQ2NyHOl0S.J1bjOKza',NULL,NULL,'2020-10-13 13:03:12','2020-10-13 13:03:12','234234324234','+7 (242) 343 24 32',1,'2022-10-13 13:03:12','2020-10-13 13:03:12'),(131,2,'Ernar',NULL,'users/default.png',NULL,'$2y$10$69LcuVU0Y/b2XvYE1dsIXOk.b5TWq5cppTrRqpfF4BvLegAUJtNeC',NULL,NULL,'2020-10-13 13:05:27','2020-10-13 13:05:27','324343242342','+7 (333) 333 33 32',1,'2022-10-13 13:05:27','2020-10-13 13:05:27'),(132,2,'eqweqwe',NULL,'users/default.png',NULL,'$2y$10$gUYo.ycnlo72g01fw5g1f.z/XL7g1x1962xQIIswYDCH29kj4acWm',NULL,NULL,'2020-10-13 13:14:38','2020-10-13 13:14:38','423432423423','+7 (432) 423 42 42',1,'2022-10-13 13:14:38','2020-10-13 13:14:38'),(133,2,'Жобаларды басқару222',NULL,'users/default.png',NULL,'$2y$10$3jCh0kZul2FnoDX14AU0UucWytZVmZ6oXKpE2KtSGzq4u539nRxsi',NULL,NULL,'2020-10-13 13:19:09','2020-10-13 13:19:09','423423423423','+7 (324) 324 32 43',2,'2022-10-13 13:19:09','2020-10-13 13:19:09'),(134,2,'Жобаларды басқару222',NULL,'users/default.png',NULL,'$2y$10$G07WqJayswHWMprekt.tveGbFln4F6/ZkFZcIl7F4yt8BqfNGdtj6',NULL,NULL,'2020-10-13 13:19:24','2020-10-13 13:19:24','423423423423','+7 (324) 324 32 43',2,'2022-10-13 13:19:24','2020-10-13 13:19:24'),(135,2,'Жобаларды басқару222',NULL,'users/default.png',NULL,'$2y$10$LhMI4XZwtrgL8bQNECrWH.jpMpZWbm5TuRQ.11RDRZ1VHEwT3b/dC',NULL,NULL,'2020-10-13 13:19:59','2020-10-13 13:19:59','423423423423','+7 (324) 324 32 43',2,'2022-10-13 13:19:59','2020-10-13 13:19:59'),(136,2,'Приветствие. Правила.',NULL,'users/default.png',NULL,'$2y$10$FXJvZHZmQ96SHt.ieKNaLOEXumD8ngCF6o/U3qZtINUrZ9NXDS1fm',NULL,NULL,'2020-10-13 13:20:59','2020-10-13 13:22:19','232324324234','+7 (423) 423 42 34',1,'2022-10-13 13:20:59','2020-10-13 13:22:19'),(137,2,'Жобаларды басқару',NULL,'users/default.png',NULL,'$2y$10$4fHZ2crKDl1bDXJbYTlSeeP4AHus0E7e9IOx8ZrdtUOC4iV0RD1IG',NULL,NULL,'2020-10-13 13:23:42','2020-10-13 13:24:08','435345345353','+7 (000) 000 00 00',2,'2022-10-13 13:23:42','2020-10-13 13:24:08'),(138,2,'Привеt',NULL,'users/default.png',NULL,'$2y$10$GoYA8NEeKbmEHITXn9maneqxpWV317rVg4zJYn8nyzU4tOvN7ibtK',NULL,NULL,'2020-10-13 21:48:58','2020-10-14 01:47:54','893748274928','+7 (232) 323 23 23',1,'2022-10-13 21:48:58','2020-10-14 01:47:54'),(139,2,'Привеt',NULL,'users/default.png',NULL,'$2y$10$Gc1y6XO.wc.Kk/V4aWbs.OLSWHIGJsuUNvBtKy/ynIvy9RBq6pXGC',NULL,NULL,'2020-10-13 21:49:06','2020-10-13 21:49:06','893748274928','+7 (232) 323 23 23',1,'2022-10-13 21:49:06','2020-10-13 21:49:06'),(140,2,'Привеt',NULL,'users/default.png',NULL,'$2y$10$2tYxLNSIKkv2B95cZTqUTuuO9dnScy0aXXT86NJ8Alqk8mUmJ/mAS',NULL,NULL,'2020-10-13 21:49:36','2020-10-13 21:49:36','893748274928','+7 (232) 323 23 23',1,'2022-10-13 21:49:36','2020-10-13 21:49:36'),(141,2,'Привеt',NULL,'users/default.png',NULL,'$2y$10$hdgRtmQ0GRfHAuTMad03jO7H9.tvvZsJSJo83PDKhSR.qGxmM8DQe',NULL,NULL,'2020-10-13 21:49:49','2020-10-13 21:49:49','893748274928','+7 (232) 323 23 23',1,'2022-10-13 21:49:49','2020-10-13 21:49:49'),(142,2,'Привеt',NULL,'users/default.png',NULL,'$2y$10$GmrWYdyXB8oeuffTVQVLguKZu9BTzXjPvrhj5gERMKO3.CjThmIQS',NULL,NULL,'2020-10-13 21:54:56','2020-10-13 21:54:56','893748274928','+7 (232) 323 23 23',1,'2022-10-13 21:54:56','2020-10-13 21:54:56'),(143,2,'Привеt',NULL,'users/default.png',NULL,'$2y$10$Y6vuSEeOnmiEmr2UN343fu2aVYcd0augInDKNQ/9z9mnqnjBJ1iTO',NULL,NULL,'2020-10-13 21:56:02','2020-10-13 21:56:02','893748274928','+7 (232) 323 23 23',1,'2022-10-13 21:56:02','2020-10-13 21:56:02'),(144,2,'Привеt',NULL,'users/default.png',NULL,'$2y$10$udMQvo8OvfTD/aGUvPw3vOfp/qWmAeDnUWW3Iwcgue0DuBO8714xG',NULL,NULL,'2020-10-13 21:56:33','2020-10-13 21:56:33','893748274928','+7 (232) 323 23 23',1,'2022-10-13 21:56:33','2020-10-13 21:56:33'),(145,2,'oq',NULL,'users/default.png',NULL,'$2y$10$NaCNttJbMXWJHkkzE7jsO.KcS9htQA29d7dzhgEcHBiwlLUdU./7m',NULL,NULL,'2020-10-13 22:03:38','2020-10-13 22:04:26','232343242342','+7 (123) 456 78 90',2,'2022-10-13 22:03:38','2020-10-13 22:04:26'),(146,2,'акак',NULL,'users/default.png',NULL,'$2y$10$CB.QY4fPIB4Qmze/qgBJZO/OtgJdL4.xiqAMvFXrWB4gUXBuf5JP6',NULL,NULL,'2020-10-13 22:25:28','2020-10-13 22:25:28','942834792874','+7 (232) 424 24 24',2,'2022-10-13 22:25:28','2020-10-13 22:25:28'),(147,2,'акак',NULL,'users/default.png',NULL,'$2y$10$CMCo7V5obSXYW5W299F8P.27aGEYOrpEFbF4umMuYv5XadPjqUc7.',NULL,NULL,'2020-10-13 22:25:36','2020-10-13 22:25:36','942834792874','+7 (232) 424 24 24',2,'2022-10-13 22:25:36','2020-10-13 22:25:36'),(148,2,'акак',NULL,'users/default.png',NULL,'$2y$10$iA36Ri.CzwvURyHf2q/oP.wHyFb9PYXD7EDRdyxSD59CF6DUF1aGC',NULL,NULL,'2020-10-13 23:18:35','2020-10-13 23:18:35','942834792874','+7 (232) 424 24 24',2,'2022-10-13 23:18:35','2020-10-13 23:18:35'),(149,2,'Жобаларды басқару',NULL,'users/default.png',NULL,'$2y$10$mUbI0EEUQ1Aucy167JINH.h8XZqlD.t7KTk/dfrSfYgLJ0Ant1Cge',NULL,NULL,'2020-10-13 23:49:13','2020-10-13 23:49:13','243242342342','+7 (444) 444 44 45',1,'2022-10-13 23:49:13','2020-10-13 23:49:13'),(150,2,'Приветствие. Правила.',NULL,'users/default.png',NULL,'$2y$10$aonyO7Vg1h/unc8Pk792Xe0nfLpqg5jSFC0ZbTbivD/acuwIm0T6W',NULL,NULL,'2020-10-14 00:09:59','2020-10-14 00:09:59','324324235325','+7 (333) 333 33 22',1,'2022-10-14 00:09:59','2020-10-14 00:09:59'),(151,2,'wefwef',NULL,'users/default.png',NULL,'$2y$10$GE/QxiRaVialv0euFteToOBip0fPMO4OAu.sPQQE/RXV3kZqWP6cK',NULL,NULL,'2020-10-14 00:23:48','2020-10-14 00:23:48','334234324234','+7 (434) 234 23 42',2,'2022-10-14 00:23:48','2020-10-14 00:23:48'),(152,2,'wefwef',NULL,'users/default.png',NULL,'$2y$10$6wemB8Y9kDQItzQpcAP6Ru76AWoZ63lhGaXaKmLpGtzH919wrfZt6',NULL,NULL,'2020-10-14 00:23:51','2020-10-14 00:23:51','334234324234','+7 (434) 234 23 42',2,'2022-10-14 00:23:50','2020-10-14 00:23:51'),(153,2,'wefwef',NULL,'users/default.png',NULL,'$2y$10$7huIzyt//JbiqKMTDc9bs.1RH1wrdnUibYQguomHg6pwZT3B.P.Qa',NULL,NULL,'2020-10-14 00:23:56','2020-10-14 00:23:56','334234324234','+7 (434) 234 23 42',2,'2022-10-14 00:23:56','2020-10-14 00:23:56'),(154,2,'wefwef',NULL,'users/default.png',NULL,'$2y$10$ThYvZfry5tbd4YWCugzgVODoe7ppwVpCxVDfilmd16C2QkkG.6vki',NULL,NULL,'2020-10-14 00:24:58','2020-10-14 00:24:58','334234324234','+7 (434) 234 23 42',2,'2022-10-14 00:24:58','2020-10-14 00:24:58'),(155,2,'frfer',NULL,'users/default.png',NULL,'$2y$10$mHDHPaJj.n9PbpMr7e7Xaul9AVg.cSyENUu1s6FgsAvRGstnnjWga',NULL,NULL,'2020-10-14 00:26:29','2020-10-14 00:49:45','324234243242','+7 (432) 244 34 24',2,'2022-10-14 00:26:29','2020-10-14 00:49:45'),(156,2,'curator1',NULL,'users/default.png',NULL,'$2y$10$ZoolivNa1HYjshGiDeAcV.Hxwqlb6EynQJc69U3m1xc9yoHuDVd1q',NULL,NULL,'2020-10-14 01:54:23','2020-10-14 01:54:23','771872872819','+7 (323) 243 24 24',2,'2022-10-14 01:54:23','2020-10-14 01:54:23'),(157,2,'Zhan',NULL,'users/default.png',NULL,'$2y$10$Cf/4G5C/BMaXx8viVJR2H.MzLT60UtCL1oRrAxvzYwIotbNGExNUC',NULL,NULL,'2020-10-21 04:20:58','2020-10-22 04:41:04','840932894823','+7 (222) 222 22 22',2,'2022-10-21 04:20:58','2020-10-22 04:41:04'),(160,2,'Елемес Динара',NULL,'users/default.png',NULL,'$2y$10$MlE9IIuJwZP/SN01ETFCWOLF5GlMYOtX9Yq/0sIvpLjKqc5CP6pmO',NULL,NULL,'2021-01-12 13:23:31','2021-01-20 12:12:37','787873473824','+7 (705) 999 99 99',2,'2023-01-12 13:23:31','2021-01-20 12:12:37'),(161,2,'Ерғазы',NULL,'users/default.png',NULL,'$2y$10$1hR/bXYgyN8IjxJtrAzAl..DO/kMVlA.Qklx9Uvl/Wucv87e91LHC',NULL,NULL,'2021-01-12 13:39:11','2021-01-12 14:05:32','000601554151','+7 (705) 343 34 34',2,'2023-01-12 13:39:11','2021-01-12 14:05:32'),(162,2,'whfejwhefkewj',NULL,'users/default.png',NULL,'$2y$10$UDzibP1NHj3OxwNG8bqNy.2ntdC4COU17FOpjw2J3mEoJ9gGFlDeu',NULL,NULL,'2021-01-12 13:48:21','2021-01-12 13:48:21','234242342342','+7 (111) 111 11 23',1,'2023-01-12 13:48:21','2021-01-12 13:48:21'),(163,2,'Iopopopoi',NULL,'users/default.png',NULL,'$2y$10$13UgI5g69A9u4d0jtkbleOJ3nHHwNXI857IL2YnBSXKEBQzIj6AZq',NULL,NULL,'2021-01-12 13:49:50','2021-01-12 13:49:51','323243243242','+7 (879) 897 89 79',1,'2023-01-12 13:49:50','2021-01-12 13:49:50'),(164,2,'gjh',NULL,'users/default.png',NULL,'$2y$10$H.YSs2GBp9kOQt9m1slL0uJsNyvbR831CuULrqvZEz5yFaisT9iM2',NULL,NULL,'2021-01-12 13:52:20','2021-01-12 13:52:20','678778687687','+7 (878) 678 76 87',1,'2023-01-12 13:52:20','2021-01-12 13:52:20'),(165,2,'dfcsdfd',NULL,'users/default.png',NULL,'$2y$10$w7Mjd5CIjihfqf1w7GgfrujvGBPXDxoYsz1AtMck6ftRrcr6jy5E.',NULL,NULL,'2021-01-12 15:11:53','2021-01-12 15:11:53','343223423424','+7 (111) 111 14 44',2,'2023-01-12 15:11:53','2021-01-12 15:11:53'),(166,2,'Sagatbaev',NULL,'users/default.png',NULL,'$2y$10$MPylTh6doNreAhVQqQiEIOwgPPW8B6RsqeHStNCfB31D8shrfWSoa',NULL,NULL,'2021-01-20 12:15:05','2021-01-20 12:15:05','000601551758','+7 (705) 227 44 11',1,'2023-01-20 12:15:04','2021-01-20 12:15:05'),(167,2,'ededwe',NULL,'users/default.png',NULL,'$2y$10$aHp9aPxh8T07GcLjPQEZJe7zsRPR3amGqu63d/8GAcHGnH8yz5LJK',NULL,NULL,'2021-01-20 19:13:17','2021-01-20 19:13:17','495834095804','+7 (453) 453 53 45',1,'2023-01-20 19:13:17','2021-01-20 19:13:17'),(168,2,'fjsdklfjlskdjfs',NULL,'users/default.png',NULL,'$2y$10$cd.NNdJ75WOJlLsjf69/quglOeFc.A/s4J/jZnkHwqdoJ5fjCO2au',NULL,NULL,'2021-01-20 20:12:06','2021-01-20 20:12:06','745835793847','+7 (598) 437 59 73',1,'2023-01-20 20:12:06','2021-01-20 20:12:06'),(169,2,'Alex Russo',NULL,'users/20210120210124..DECD2686-A18F-402F-A7EF-980B8AA04B99.jpeg',NULL,'$2y$10$eVAVv2Cw8tse25ll6bTPbebH3y2h.HLGmuyn4mDDGznpinXNxzTTS',NULL,NULL,'2021-01-20 20:59:12','2021-01-20 23:36:12','886678876678','+7 (747) 888 88 88',2,'2023-01-20 20:59:11','2021-01-20 23:34:13'),(170,2,'Jessie',NULL,'users/default.png',NULL,'$2y$10$YIln8BXXxhJoegvAZ0e1qeBkGpgwvQWybN6NwisHfzkwWgUMobmUi',NULL,NULL,'2021-01-20 23:38:59','2021-01-20 23:38:59','343242342423','+7 (747) 333 33 33',1,'2023-01-20 23:38:59','2021-01-20 23:38:59'),(171,2,'fvsdfd',NULL,'users/default.png',NULL,'$2y$10$BnoccV9suzH9gvTuHF8EI.RPtuFBL80E7jEyPpeNl9/yQrKUJmzA2',NULL,NULL,'2021-01-20 23:57:02','2021-01-20 23:57:02','323323232322','+7 (747) 222 22 22',1,'2023-01-20 23:57:02','2021-01-20 23:57:02'),(172,2,'fwefwef',NULL,'users/default.png',NULL,'$2y$10$e2AfMQYr3l1xgs2e4rIPVe582jbb5h6uFoS2k77bH1/XYpbWRYND2',NULL,NULL,'2021-01-20 23:58:19','2021-01-20 23:58:20','312312312312','+7 (747) 666 66 66',1,'2023-01-20 23:58:19','2021-01-20 23:58:19'),(173,2,'213123123',NULL,'users/default.png',NULL,'$2y$10$D5GArKAwnGUKNM/qwQhjHOGckWB13NuqimbtaMKQWbzfzQSOYNoZK',NULL,NULL,'2021-01-20 23:59:48','2021-01-20 23:59:48','123132131231','+7 (321) 312 31 23',1,'2023-01-20 23:59:48','2021-01-20 23:59:48'),(174,2,'+7 (111) 111 11 11',NULL,'users/default.png',NULL,'$2y$10$WJtPR6Y.PQ4dp9dyaZ19rOq9EH9bg0okJcH0uIkI3XZUdFvF3POom',NULL,NULL,'2021-01-21 00:09:38','2021-01-21 00:09:38','432423423423','+7 (423) 423 42 33',1,'2023-01-21 00:09:38','2021-01-21 00:09:38'),(175,2,'+7 (111) 111 11 11',NULL,'users/default.png',NULL,'$2y$10$sT2q7UVmgSHMOzCOg7La.Odbi.ULWbnpoKGtJaZDY/n6QxRTl5hcC',NULL,NULL,'2021-01-21 00:10:11','2021-01-21 00:10:11','432423424234','+7 (324) 324 24 23',1,'2023-01-21 00:10:11','2021-01-21 00:10:11'),(176,2,'3242342342',NULL,'users/default.png',NULL,'$2y$10$Dw2O7O7YoSRLdvhRzih0Iek37tiDyOIk3Mo7dM32zofespaccyWL6',NULL,NULL,'2021-01-21 00:10:55','2021-01-21 00:10:55','452342524535','+7 (324) 234 23 42',1,'2023-01-21 00:10:54','2021-01-21 00:10:55'),(177,2,'+7 (111) 111 11 11',NULL,'users/default.png',NULL,'$2y$10$Ipsb1mJJrppygEN/R6m.kO.pf9zWwa7icPI9X1L1SmLFEdwGHmwUq',NULL,NULL,'2021-01-21 00:24:01','2021-01-21 00:24:01','543535345345','+7 (111) 111 14 34',1,'2023-01-21 00:24:01','2021-01-21 00:24:01'),(178,2,'+7 (111) 111 11 11',NULL,'users/default.png',NULL,'$2y$10$z6toZSxVhym7F0I8zcSIqusziLpDJGMDcs4l0CZu1FGWm1fHgllpS',NULL,NULL,'2021-01-21 00:24:35','2021-01-21 00:24:35','435435353545','+7 (453) 453 54 35',1,'2023-01-21 00:24:35','2021-01-21 00:24:35'),(179,2,'+7 (111) 111 11 11',NULL,'users/default.png',NULL,'$2y$10$qGf4upF49T0I9cwEqMwHoe8WyFqkjzqrtIrewfOzeM4zeafjPhxuu',NULL,NULL,'2021-01-21 00:25:03','2021-01-21 00:25:03','345435435345','+7 (453) 453 45 34',1,'2023-01-21 00:25:03','2021-01-21 00:25:03'),(180,2,'+7 (111) 111 11 11',NULL,'users/default.png',NULL,'$2y$10$gobF5ckMB4CKiAit7oN6bOFghA1GREwJlwT11ghtVupqNE/pjxXrG',NULL,NULL,'2021-01-21 00:25:46','2021-01-21 00:25:46','435454353453','+7 (534) 534 53 53',2,'2023-01-21 00:25:46','2021-01-21 00:25:46'),(181,2,'+7 (111) 111 11 11',NULL,'users/default.png',NULL,'$2y$10$BZCt.ww.FtAREmYh01N5p.H9p/d2YAev0UlGFLgbJjA.g/fsXD8sW',NULL,NULL,'2021-01-21 00:26:34','2021-01-21 00:26:34','543534535345','+7 (453) 453 45 45',2,'2023-01-21 00:26:34','2021-01-21 00:26:34'),(182,2,'+7 (111) 111 11 11',NULL,'users/default.png',NULL,'$2y$10$iofFrI2q4pjjnIQvCPU6n.hdrAOULK7QfhkNsuu49T72E3q708fz2',NULL,NULL,'2021-01-21 00:28:29','2021-01-21 00:28:29','798798798979','+7 (897) 887 87 87',1,'2023-01-21 00:28:29','2021-01-21 00:28:29'),(183,2,'+7 (111) 111 11 11',NULL,'users/default.png',NULL,'$2y$10$XeeHsfXiv8OYtDGXTxb4tuSySkrJgoY7iG64s/eqvtIaN45Hrnx.O',NULL,NULL,'2021-01-21 00:29:09','2021-01-21 00:29:09','879787987987','+7 (111) 117 87 87',1,'2023-01-21 00:29:09','2021-01-21 00:29:09'),(184,2,'+7 (111) 111 11 11',NULL,'users/default.png',NULL,'$2y$10$E8aEVK/Z5oMEb6gO1nvZBOw86YpJgbesIcNBr/RC0pnnI8ujaFhv6',NULL,NULL,'2021-01-21 00:29:57','2021-01-21 00:29:57','789879897987','+7 (878) 988 79 87',1,'2023-01-21 00:29:57','2021-01-21 00:29:57'),(185,2,'+7 (111) 111 11 11',NULL,'users/default.png',NULL,'$2y$10$yCROquiNIx8tzzwMnn0pSuZCzaxNKS6dD6z.7dQzImF5aPACCYhmO',NULL,NULL,'2021-01-21 00:30:36','2021-01-21 00:30:36','787987987979','+7 (878) 786 76 87',1,'2023-01-21 00:30:36','2021-01-21 00:30:36'),(186,2,'+7 (111) 111 11 11',NULL,'users/default.png',NULL,'$2y$10$ma6RXhx7nKqyN48pDFictOa20NMnXp09/5OOfrurlBkHRcPSzYEMm',NULL,NULL,'2021-01-21 00:31:18','2021-01-21 00:31:18','787879897879','+7 (897) 879 87 98',1,'2023-01-21 00:31:18','2021-01-21 00:31:18'),(187,2,'+7 (111) 111 11 11',NULL,'users/default.png',NULL,'$2y$10$CT8.GaYGnXnyNX2MhzzBfOrQcV9hBqbbJeOwMVaXPHNB9N9IKvUjy',NULL,NULL,'2021-01-21 00:32:21','2021-01-21 00:32:21','989989809809','+7 (987) 979 87 98',2,'2023-01-21 00:32:21','2021-01-21 00:32:21'),(188,2,'otegen abil kanatuly',NULL,'users/default.png',NULL,'$2y$10$OuAMdRMwD8TjDyABR/Y2WuWAVVc3CE7GMrucuryPTuG02Cnlw0FJa',NULL,NULL,'2021-01-21 09:34:53','2021-01-21 10:53:22','990309301032','+7 (708) 712 52 18',1,'2023-01-21 09:34:53','2021-01-21 10:53:22'),(189,2,'fewfwefw',NULL,'users/default.png',NULL,'$2y$10$dPAwznV5pkDynfP6KcaaWuUpe57he7VuIId8TIwjrLPVFUh2PDl4C',NULL,NULL,'2021-01-21 11:26:34','2021-01-21 11:26:34','438359385354','+7 (707) 618 50 08',1,'2023-01-21 11:26:34','2021-01-21 11:26:34'),(190,2,'Zhnza',NULL,'users/default.png',NULL,'$2y$10$E0bAPN54GrPemQqwioDA7OXylglQ7XhEpuJ3w54q3I.P66APlmpAa',NULL,NULL,'2021-01-21 11:30:57','2021-01-21 11:30:57','432423423424','+7 (777) 777 77 79',1,'2023-01-21 11:30:57','2021-01-21 11:30:57'),(191,2,'zhanfrefe',NULL,'users/default.png',NULL,'$2y$10$BD/vSK49KgwWw697kGaZ8O4m6OpmT5AwJ0529QwCEnT7k3wpucbC.',NULL,NULL,'2021-01-21 11:31:47','2021-01-21 11:31:47','342434237488','+7 (707) 618 55 55',1,'2023-01-21 11:31:47','2021-01-21 11:31:47'),(192,2,'+7 (111) 111 11 11',NULL,'users/default.png',NULL,'$2y$10$GOyoIcrM.nZatio8gYwwtu8hJ4s1cP5AjzTGK.zM9L0BMLxOXIV7a',NULL,NULL,'2021-01-22 10:51:16','2021-01-22 10:51:16','899989898989','+7 (111) 111 44 44',1,'2023-01-22 10:51:16','2021-01-22 10:51:16'),(193,2,'erfefer',NULL,'users/default.png',NULL,'$2y$10$mlMM9MX8c/f7F1pLPQu47umHq5zRv50PgHsh5IkL.UrJ.RI9DbPlO',NULL,NULL,'2021-01-22 13:54:15','2021-01-22 13:54:15','234242342444','+7 (324) 234 24 44',1,'2023-01-22 13:54:15','2021-01-22 13:54:15'),(194,2,'4324234234234',NULL,'users/default.png',NULL,'$2y$10$.yMRcOxEzVGTTCVIolKmOOQcpppj/nePlPFdHnlvyycRPf2.iBC6O',NULL,NULL,'2021-01-22 16:20:04','2021-01-22 16:20:04','432242342342','+7 (432) 423 42 34',1,'2023-01-22 16:20:04','2021-01-22 16:20:04');
/*!40000 ALTER TABLE `users` ENABLE KEYS */;
UNLOCK TABLES;

--
-- Table structure for table `webinars`
--

DROP TABLE IF EXISTS `webinars`;
/*!40101 SET @saved_cs_client     = @@character_set_client */;
/*!50503 SET character_set_client = utf8mb4 */;
CREATE TABLE `webinars` (
  `id` int unsigned NOT NULL AUTO_INCREMENT,
  `topic` varchar(400) CHARACTER SET utf8mb4 COLLATE utf8mb4_unicode_ci DEFAULT NULL,
  `title` varchar(400) CHARACTER SET utf8mb4 COLLATE utf8mb4_unicode_ci DEFAULT NULL,
  `date` datetime DEFAULT NULL,
  `img` varchar(255) CHARACTER SET utf8mb4 COLLATE utf8mb4_unicode_ci DEFAULT NULL,
  `created_at` timestamp NULL DEFAULT NULL,
  `updated_at` timestamp NULL DEFAULT NULL,
  `color` varchar(255) CHARACTER SET utf8mb4 COLLATE utf8mb4_unicode_ci DEFAULT NULL,
  PRIMARY KEY (`id`)
) ENGINE=InnoDB AUTO_INCREMENT=11 DEFAULT CHARSET=utf8mb4 COLLATE=utf8mb4_unicode_ci;
/*!40101 SET character_set_client = @saved_cs_client */;

--
-- Dumping data for table `webinars`
--

LOCK TABLES `webinars` WRITE;
/*!40000 ALTER TABLE `webinars` DISABLE KEYS */;
INSERT INTO `webinars` VALUES (1,'Личный брендинг','Интернет-маркетинг','2020-12-10 00:00:00','webinars/December2020/t9Jmz3E24SBADsEbRSsR.png','2020-12-11 06:04:00','2020-12-14 04:06:15','#73b3f9'),(2,'Личный брендинг','WEB-DESIGN','2020-12-03 00:00:00','webinars/December2020/3EwzQB27miN6zzGEvKbO.png','2020-12-11 06:05:00','2020-12-14 04:06:25','#faf2e8'),(3,'Личный брендинг','Управление проектами','2020-12-12 00:00:00','webinars/December2020/qGRLbOCYid8Tb5jpE5Bx.png','2020-12-11 06:05:00','2020-12-14 04:05:56','#73b3f9'),(4,'Личный брендинг','Основы программирования','2020-12-18 00:00:00','webinars/December2020/ciMMTBp2Ib0Gg7WqN5fu.png','2020-12-11 06:06:00','2020-12-14 04:08:34','#aaedd7'),(5,'Личный брендинг','Нулевой блок','2020-12-24 00:00:00','webinars/December2020/Yi0tVL8IUBGeEpbjHhs8.png','2020-12-11 06:07:00','2020-12-14 04:28:12','#feba81'),(6,'Личный брендинг','Ментальный SMM','2020-12-06 00:00:00','webinars/December2020/LQToJLmy7yCfP4P7xFcq.png','2020-12-11 06:07:00','2020-12-14 04:09:40','#e9bad2'),(7,'Личный брендинг','Контент менеджер','2020-12-20 00:00:00','webinars/December2020/2ZR0U67DGsgpBaOFv3oL.png','2020-12-11 06:08:00','2020-12-14 04:29:12','#adcbf9'),(8,'Личный брендинг','Мобилография','2020-12-04 00:00:00','webinars/December2020/0xXrvsVAMOYkhisBCjHB.png','2020-12-11 06:08:00','2020-12-14 04:28:40','#bac7f4'),(9,'Личный брендинг','Упоковка бизнеса','2020-12-27 00:00:00','webinars/December2020/B1eY0M8SWcV3PlKMFFUP.png','2020-12-11 06:09:00','2020-12-14 04:29:36','#bac7f4'),(10,'Личный брендинг','Менеджер по продажам','2020-12-06 00:00:00','webinars/December2020/2FuaT790YfvJ62wHh370.png','2020-12-11 06:10:00','2020-12-14 04:29:58','#e0fdff');
/*!40000 ALTER TABLE `webinars` ENABLE KEYS */;
UNLOCK TABLES;
/*!40103 SET TIME_ZONE=@OLD_TIME_ZONE */;

/*!40101 SET SQL_MODE=@OLD_SQL_MODE */;
/*!40014 SET FOREIGN_KEY_CHECKS=@OLD_FOREIGN_KEY_CHECKS */;
/*!40014 SET UNIQUE_CHECKS=@OLD_UNIQUE_CHECKS */;
/*!40101 SET CHARACTER_SET_CLIENT=@OLD_CHARACTER_SET_CLIENT */;
/*!40101 SET CHARACTER_SET_RESULTS=@OLD_CHARACTER_SET_RESULTS */;
/*!40101 SET COLLATION_CONNECTION=@OLD_COLLATION_CONNECTION */;
/*!40111 SET SQL_NOTES=@OLD_SQL_NOTES */;

-- Dump completed on 2021-01-24 19:13:50
